f0,f1,f2,f3,f4,f5,f6,f7,f8,f9,f10,f11,f12,f13,f14,f15,f16,f17,f18,f19,f20,f21,f22,f23,f24,f25,f26,f27,f28,f29,f30,f31,f32,f33,f34,f35,f36,f37,f38,f39
-46.3159,-50.5154,-53.761,-57.9525,-60.8786,-63.3411,-65.7999,-67.5941,-68.5417,-69.8246,-76.4193,-80.3256,-85.6474,-86.8423,-85.5294,-80.3518,-79.1728,-78.1618,-78.2614,-79.2231,-80.9281,-83.4107,-91.8349,-89.7147,-86.2548,-85.2841,-86.1434,-90.8786,-91.6942,-88.3924,-88.8595,-93.6238,-91.9665,-91.1218,-94.8849,-93.5371,-95.1743,-94.3385,-95.7851,-96.2262
-32.3877,-36.6767,-42.1746,-46.0311,-49.019,-51.7363,-54.1723,-56.3515,-58.0192,-58.9368,-63.668,-68.5662,-75.6419,-76.6685,-73.6925,-69.8725,-67.5662,-66.3478,-66.8344,-68.1151,-69.5816,-73.066,-82.5322,-79.481,-74.5855,-73.9946,-74.9515,-81.7165,-81.1853,-76.9619,-77.8617,-84.4909,-80.8982,-80.3352,-86.0739,-82.8373,-86.3526,-84.0199,-86.9286,-87.2174
-29.5981,-36.1884,-42.5987,-46.1581,-49.3953,-52.0001,-54.1527,-56.1637,-58.2877,-58.469,-61.0165,-64.4061,-66.7647,-68.0745,-68.0243,-66.8463,-66.8879,-66.5346,-66.8204,-68.1891,-69.6071,-71.9346,-75.8772,-76.0005,-74.0085,-74.0153,-74.8531,-78.6593,-78.8611,-76.8227,-77.679,-81.5244,-80.2627,-80.1722,-83.1643,-81.8659,-84.0607,-83.1469,-84.5435,-84.8524
-34.6886,-41.6518,-47.0274,-50.553,-53.1877,-55.4378,-57.2632,-58.8892,-60.675,-60.9957,-61.4944,-63.6477,-64.9989,-66.3641,-67.0712,-66.6936,-68.7429,-69.9491,-70.1612,-71.1873,-72.6335,-73.2536,-74.3833,-75.5788,-76.0587,-77.1851,-77.7119,-78.3335,-79.0727,-79.5664,-80.2732,-81.2669,-82.1715,-82.777,-82.9099,-83.3133,-84.1615,-84.6616,-84.599,-84.9014
-44.4403,-49.2448,-52.7045,-56.2447,-59.4684,-61.6234,-63.9332,-65.4987,-66.8655,-67.8359,-71.3699,-73.5534,-75.6156,-76.8898,-77.4282,-76.0901,-76.4477,-76.3804,-76.5445,-77.5118,-79.0981,-80.8691,-84.5585,-84.9151,-83.7052,-83.5614,-84.2971,-87.1351,-87.8633,-86.4005,-86.9655,-89.9916,-89.6044,-89.3088,-91.4707,-91.0039,-92.2606,-92.0421,-92.8056,-93.1669
-31.3635,-36.335,-42.1668,-46.0304,-48.4068,-51.7544,-53.9929,-55.9749,-57.6067,-58.6407,-62.9068,-66.9829,-71.6908,-72.9255,-72.4552,-69.0161,-67.0343,-66.0815,-66.6287,-67.8326,-69.3155,-72.481,-79.5033,-77.9453,-74.1606,-73.5794,-74.619,-80.3668,-80.1826,-76.6433,-77.524,-83.3793,-80.4586,-80.0121,-85.1022,-82.3792,-85.4474,-83.4908,-86.0017,-86.3014
-26.2598,-36.1716,-43.2236,-46.9029,-48.6517,-52.5478,-54.4674,-56.2874,-57.9712,-58.4231,-60.7864,-64.6043,-67.1551,-68.5997,-68.419,-66.6427,-66.7403,-66.4516,-66.8161,-68.1603,-69.6791,-71.7888,-75.7045,-75.2185,-73.9935,-73.1509,-74.6802,-77.866,-78.4481,-76.8322,-77.5877,-81.2053,-80.0439,-80.1624,-83.3834,-81.847,-83.9345,-82.8889,-84.2826,-84.7938
-26.348,-45.0327,-52.312,-56.2417,-58.1912,-60.9025,-62.5599,-64.2836,-65.98,-58.6643,-61.4688,-69.0651,-70.4493,-72.0329,-66.1385,-65.5481,-73.79,-74.9286,-69.5802,-73.4865,-77.3541,-74.6299,-79.0678,-76.7519,-79.6904,-76.1788,-79.5697,-79.3011,-81.0864,-82.8549,-82.3364,-82.3534,-83.4342,-85.4005,-85.0129,-84.7588,-86.3896,-86.5532,-85.9866,-87.5312
-26.2866,-39.1164,-43.0507,-46.8942,-50.3952,-52.0359,-53.336,-55.7,-57.7051,-53.8864,-56.1331,-60.2878,-61.7172,-63.3768,-62.0363,-61.0466,-65.3212,-66.6043,-65.1915,-66.5237,-69.1447,-68.5592,-70.4697,-71.1592,-71.7579,-72.1048,-73.0749,-73.8243,-74.9189,-75.4295,-75.9844,-76.7254,-77.5745,-78.3588,-78.5835,-78.9602,-79.9187,-80.3184,-80.3052,-80.8375
-28.6536,-34.9457,-40.1414,-44.1956,-46.6636,-49.6647,-51.4377,-53.5154,-55.0716,-54.8369,-57.0755,-60.3142,-62.3556,-63.9523,-64.0205,-62.5101,-63.7531,-63.9096,-64.1932,-65.0149,-66.8981,-68.2392,-70.8737,-71.4528,-70.5297,-70.7217,-71.5046,-73.9701,-74.5859,-73.6021,-74.407,-77.0261,-76.7458,-76.9898,-79.156,-78.6837,-80.3008,-79.7862,-80.5431,-80.6584
-25.8504,-34.9004,-42.2156,-45.5369,-47.1686,-51.2371,-52.993,-54.3915,-55.972,-53.9122,-56.0159,-60.9303,-63.3794,-64.7555,-62.7744,-61.1685,-64.4369,-65.0484,-63.5661,-65.3936,-67.8934,-66.633,-71.3227,-69.2409,-70.6308,-69.1712,-71.1922,-72.3116,-72.9517,-73.1845,-73.8035,-75.7385,-76.2079,-77.0379,-78.975,-79.0896,-80.6033,-79.9398,-79.8802,-79.6722
-27.8376,-43.1611,-50.8872,-54.0722,-56.3835,-59.2542,-60.8901,-62.2449,-63.459,-48.8844,-52.9132,-66.4921,-68.5921,-69.9414,-58.2081,-57.7759,-71.1376,-72.9926,-61.1798,-66.4718,-72.4156,-64.3624,-75.8347,-67.176,-72.9111,-68.2951,-72.7449,-71.9803,-72.185,-74.3224,-74.3198,-74.9883,-75.942,-77.1498,-77.3131,-78.0973,-78.913,-79.4417,-79.2929,-79.7467
-29.2901,-41.5726,-45.355,-49.5643,-53.6584,-54.917,-55.8429,-58.735,-59.547,-47.1456,-50.9077,-61.8134,-64.4665,-66.9838,-56.9312,-55.928,-66.4469,-69.3299,-59.832,-63.619,-69.8103,-62.816,-70.5401,-65.9606,-69.6691,-67.2814,-70.6221,-70.2803,-70.6941,-72.2361,-72.4047,-73.3892,-74.1874,-75.1078,-75.1739,-75.891,-76.5448,-77.2652,-77.2689,-77.7553
-30.1853,-35.667,-41.0437,-45.0965,-47.804,-50.6996,-52.5973,-54.7913,-55.7671,-51.3859,-54.3042,-61.427,-64.9196,-67.5501,-61.6506,-59.6523,-64.351,-64.9782,-62.4987,-64.1093,-67.5899,-65.8615,-70.8542,-69.3266,-69.8446,-69.1295,-70.8558,-72.4063,-73.085,-72.8634,-73.4268,-75.9623,-75.9386,-76.3509,-78.1189,-77.8927,-79.1966,-78.9403,-79.4521,-79.613
-28.3454,-35.529,-43.3197,-46.7575,-48.5953,-52.5578,-54.4868,-55.9729,-56.5322,-45.6661,-49.47,-61.7601,-65.7907,-69.5338,-55.4371,-54.667,-64.8917,-66.2511,-57.604,-61.9028,-67.0258,-60.2623,-70.6257,-63.2477,-67.9518,-64.2048,-68.0572,-67.8507,-67.8558,-69.4892,-70.0008,-71.3664,-72.1454,-73.0469,-73.894,-74.6599,-75.3807,-75.2683,-75.4782,-75.5216
-32.7696,-46.0403,-55.8472,-58.107,-59.7855,-62.6432,-64.0008,-63.9153,-61.5232,-40.2783,-44.6932,-66.6128,-70.6503,-72.2789,-50.1341,-49.946,-71.4181,-74.2391,-52.9904,-59.0636,-65.7204,-55.7994,-74.1241,-58.9584,-66.1252,-60.389,-65.5996,-64.5131,-63.9197,-66.5579,-66.9432,-67.578,-68.3045,-69.1908,-69.4158,-70.7601,-71.1329,-71.649,-71.9578,-72.2403
-39.3476,-48.1463,-53.8028,-55.1978,-56.2706,-58.3704,-58.7444,-57.4165,-53.6189,-39.5902,-43.9059,-61.589,-69.0753,-67.4123,-49.4444,-49.25,-67.2202,-69.9518,-52.3358,-57.9598,-64.7154,-55.1585,-69.7826,-58.4144,-64.8736,-59.8714,-64.9456,-64.0024,-63.4692,-66.2182,-66.1857,-66.8527,-67.4633,-68.244,-68.5188,-69.9915,-70.1989,-70.6211,-71.2578,-71.0577
-33.5805,-36.4748,-41.9232,-45.6123,-48.8173,-50.7204,-52.8595,-54.0806,-52.1891,-44.9037,-48.6585,-60.96,-68.1672,-67.1886,-54.4629,-54.2286,-64.827,-65.1114,-57.0642,-61.4231,-66.0329,-60.1947,-70.5287,-63.3443,-67.808,-64.3549,-68.3211,-68.5026,-68.223,-69.6198,-69.911,-71.1942,-71.5583,-72.0836,-72.9731,-73.7808,-74.1063,-74.2891,-74.9599,-74.8888
-34.4655,-36.0795,-42.234,-46.0643,-50.134,-50.6905,-53.1964,-54.1948,-51.2339,-37.4641,-41.9363,-59.8846,-66.0088,-65.0637,-47.2372,-47.1912,-64.8444,-65.0997,-50.098,-56.0799,-61.8546,-52.9885,-69.5095,-56.0202,-62.827,-57.6644,-62.5005,-61.7346,-61.4627,-62.8472,-63.5062,-64.3525,-65.2174,-65.968,-66.5781,-67.5949,-67.5003,-68.2177,-68.112,-68.559
-38.8065,-42.6501,-46.6188,-54.0971,-59.9688,-53.8512,-57.8952,-58.321,-54.2298,-32.9376,-37.39,-62.6307,-66.4459,-65.3136,-42.61,-42.4774,-65.6473,-68.2826,-45.5401,-51.7342,-58.3135,-48.4174,-66.7819,-51.5082,-58.6534,-53.0682,-58.3278,-57.3238,-56.7478,-58.7179,-59.1152,-59.879,-60.7591,-61.6275,-61.8105,-62.7371,-63.0721,-63.8901,-63.2404,-64.0556
-35.4023,-42.4075,-45.291,-53.8629,-54.1512,-50.9296,-55.1345,-50.9948,-47.1671,-32.5436,-36.8186,-54.3728,-60.7303,-60.764,-42.1369,-41.8318,-58.5509,-63.5442,-45.3182,-50.9671,-57.4593,-48.1786,-60.9242,-51.0984,-57.1106,-52.5368,-57.1443,-56.2934,-56.1876,-58.1994,-58.6266,-59.0575,-59.793,-60.8204,-61.251,-61.3593,-61.822,-62.1619,-61.1136,-62.6436
-33.2933,-35.9741,-41.1596,-45.1588,-48.6487,-50.0136,-52.2059,-50.7978,-46.592,-38.2598,-41.8493,-54.4617,-61.7454,-62.2132,-47.6796,-47.0921,-59.2261,-62.4208,-50.6752,-55.0071,-61.2362,-53.5948,-62.3612,-56.464,-61.2236,-57.6875,-61.4557,-60.9201,-61.7221,-62.8676,-63.8065,-64.2121,-64.9506,-66.0347,-66.8119,-66.6173,-66.7534,-66.8222,-66.3532,-68.0614
-31.2658,-33.6821,-40.5137,-44.4293,-49.1286,-49.815,-51.299,-50.5259,-44.952,-31.1666,-35.5884,-52.8571,-58.4341,-59.1905,-40.9893,-40.7287,-57.7134,-60.7791,-43.5015,-49.0505,-55.8449,-46.4616,-60.7208,-49.5127,-55.994,-50.8901,-55.7771,-54.8367,-54.7081,-56.6703,-56.997,-57.8388,-59.0763,-60.0228,-59.8239,-60.9492,-61.1016,-61.595,-61.1866,-61.9761
-24.75,-32.2446,-39.0042,-46.8768,-48.9667,-47.0801,-51.4963,-49.2259,-46.5677,-26.8055,-31.2875,-55.6694,-56.2156,-55.9472,-36.6038,-36.4055,-55.4887,-59.1858,-39.3636,-45.3966,-52.1091,-42.3252,-59.406,-45.2883,-52.1198,-47.0712,-51.7492,-50.4918,-50.6895,-51.642,-52.0698,-53.1618,-54.7037,-56.2214,-55.7702,-56.3084,-56.9892,-57.0256,-56.1734,-56.6571
-21.465,-27.3941,-33.6522,-44.7719,-43.2492,-42.8914,-48.8751,-44.3542,-39.7912,-26.6325,-30.9156,-50.1781,-56.6173,-57.8413,-36.4616,-36.0402,-51.3113,-56.1509,-39.0441,-44.3114,-51.1851,-41.9168,-54.1103,-45.2761,-50.6967,-47.2124,-51.1979,-49.864,-50.047,-49.5063,-50.987,-51.5006,-53.0381,-55.1438,-55.5434,-55.6986,-56.1406,-55.4838,-54.6087,-55.454
-26.1079,-31.2691,-36.4153,-44.691,-44.4783,-44.1994,-48.3819,-45.702,-40.4307,-32.4059,-36.1147,-49.6491,-57.67,-60.5714,-41.9888,-41.4094,-52.7936,-57.1845,-44.426,-48.6208,-54.8488,-47.0584,-55.6944,-50.1186,-54.035,-51.9619,-55.1781,-54.5617,-54.5639,-53.7989,-54.7979,-56.443,-57.679,-59.1315,-60.6922,-61.6868,-61.1087,-60.3078,-57.816,-60.0071
-18.4161,-26.9144,-31.6983,-35.0593,-40.4508,-39.0841,-43.0291,-41.3444,-38.2865,-25.9058,-30.0293,-46.5326,-52.2057,-51.4224,-35.6205,-35.4503,-50.163,-53.484,-38.7274,-44.1961,-50.1142,-40.8384,-52.9313,-43.4665,-49.4096,-45.7145,-49.3939,-49.0941,-47.4105,-48.8347,-47.6669,-51.1937,-52.2027,-53.0749,-53.5972,-53.608,-53.757,-55.0776,-50.5105,-52.9939
-11.91,-17.0316,-23.172,-28.0886,-32.9128,-34.6114,-36.7126,-39.106,-38.1038,-22.1513,-26.5457,-44.6405,-44.7799,-42.0679,-31.852,-31.6013,-45.5654,-50.1877,-34.8667,-40.4735,-45.7559,-37.4267,-50.7948,-40.1374,-45.8273,-42.3389,-45.3289,-45.6183,-42.85,-42.2854,-42.1205,-46.8288,-47.7231,-48.2111,-47.5017,-48.8105,-48.6045,-47.9518,-45.026,-47.8773
-8.50421,-11.1845,-17.2401,-28.432,-31.3581,-32.4525,-30.1825,-34.2919,-36.076,-22.6896,-26.3735,-38.4534,-40.6688,-40.7726,-32.0647,-31.5467,-41.8344,-46.1137,-35.1613,-39.6955,-44.1108,-37.3538,-45.224,-40.9742,-45.0431,-42.7609,-43.9187,-44.4573,-42.6143,-40.66,-40.7303,-46.1895,-45.8897,-46.7988,-45.7185,-48.3431,-48.0145,-45.1364,-43.4327,-46.7427
-13.2811,-15.0558,-20.0759,-29.1942,-33.8978,-35.0347,-32.2531,-35.463,-37.3643,-29.3765,-31.2563,-39.5758,-42.7282,-45.0457,-38.3914,-36.9746,-43.292,-47.0583,-41.8459,-43.6656,-47.7484,-42.4719,-45.705,-45.8925,-46.4813,-46.983,-48.4881,-47.5464,-48.6144,-45.9738,-46.2231,-51.1914,-50.2172,-50.8315,-50.3121,-52.6128,-52.4261,-48.0784,-47.3704,-50.539
-7.59672,-10.673,-15.2015,-20.8239,-26.2024,-29.507,-29.0189,-31.2701,-32.5038,-24.9481,-27.4771,-36.878,-37.6337,-38.4655,-33.6061,-33.1439,-41.119,-42.8268,-35.0127,-37.5371,-41.5741,-37.3036,-40.868,-38.2299,-40.135,-40.5382,-41.5236,-40.1275,-41.3511,-38.8118,-39.979,-43.7377,-44.5201,-44.0507,-43.8926,-44.0953,-43.9863,-41.4378,-39.5581,-42.096
4.70146,-2.21083,-12.7289,-17.646,-22.7813,-26.8709,-27.2688,-29.3026,-28.2511,-20.0565,-23.3357,-34.3366,-34.0672,-33.2735,-29.1114,-28.7237,-36.0765,-39.5581,-31.5286,-34.1132,-37.4844,-33.2439,-37.7323,-35.7182,-37.4722,-35.4609,-36.8717,-36.379,-35.3701,-31.9224,-32.3269,-36.936,-37.8783,-37.9547,-37.8497,-37.8328,-37.3385,-36.2293,-33.9267,-36.3525
5.5972,-1.89454,-11.5507,-16.6216,-21.6531,-29.7487,-27.7709,-27.7091,-25.0628,-20.9611,-25.1681,-29.3666,-30.666,-32.409,-30.604,-29.2705,-35.1488,-38.8488,-33.1658,-35.288,-38.6468,-35.0332,-35.3791,-35.184,-35.8201,-34.9758,-35.9159,-35.6988,-33.2527,-30.2386,-30.0987,-34.7821,-36.2282,-36.9715,-36.5119,-37.1332,-35.2861,-35.2339,-31.9701,-34.373
-3.26006,-7.24746,-13.1664,-16.6353,-21.4847,-26.0858,-26.8725,-28.5821,-27.3941,-27.252,-31.6966,-31.8675,-32.7343,-35.7984,-37.2906,-37.0382,-38.6643,-40.9294,-38.788,-39.8025,-40.1323,-38.7744,-38.9904,-39.6255,-40.2023,-40.8997,-39.6265,-39.4633,-37.5023,-33.5644,-32.6933,-38.2138,-40.5703,-41.5744,-40.9363,-41.7782,-39.4339,-40.2389,-37.0685,-39.6998
2.52192,-1.55609,-9.61217,-8.72934,-14.6484,-17.079,-19.6202,-22.068,-24.8867,-25.9975,-29.4934,-28.7785,-30.051,-29.7585,-34.3241,-32.1729,-31.9498,-33.4548,-34.0842,-34.2355,-31.2027,-30.3965,-34.7364,-34.9588,-33.8923,-34.7407,-32.0352,-31.1892,-31.9555,-25.0522,-25.048,-32.3972,-35.0564,-35.3784,-34.8233,-35.0751,-32.7842,-33.6866,-30.821,-34.295
4.43411,-1.52717,-10.4484,-10.0194,-15.9495,-17.0983,-20.3374,-20.1176,-18.8177,-20.159,-26.9948,-26.278,-29.109,-28.3915,-29.6081,-29.229,-31.2348,-30.1969,-31.1321,-30.8522,-30.3953,-29.7609,-30.9914,-31.675,-30.9413,-30.3305,-29.2301,-27.785,-28.8473,-23.0931,-23.8433,-30.0357,-32.517,-32.666,-30.6759,-30.568,-29.9617,-30.0619,-25.7755,-28.9841
3.58738,-2.42896,-9.23548,-11.0637,-18.299,-20.0623,-25.6573,-21.2385,-16.5551,-20.9642,-27.7511,-29.4395,-29.8537,-27.7938,-28.2881,-28.4354,-35.2521,-33.5315,-33.2594,-30.6487,-32.0844,-32.9963,-31.3952,-31.259,-30.6455,-30.1811,-30.508,-29.8485,-29.5154,-24.9733,-24.8328,-31.9911,-33.4531,-33.6592,-32.9426,-31.7593,-31.457,-30.8992,-26.2271,-29.3397
-4.43723,-10.2737,-17.3252,-16.7089,-22.1765,-25.3517,-30.9678,-26.438,-23.5875,-28.5198,-33.8524,-37.7185,-34.2283,-31.416,-34.0676,-33.7953,-37.4743,-40.8158,-39.3163,-36.6751,-38.9732,-39.3703,-36.5578,-36.5727,-34.1555,-36.579,-38.5529,-37.3101,-34.9111,-29.7673,-29.5151,-38.0663,-39.1389,-39.0735,-39.3597,-38.5879,-38.8257,-37.9918,-33.0909,-35.4779
-6.66693,-6.66362,-8.14435,-11.787,-18.804,-18.5213,-24.5008,-25.7817,-30.2017,-26.9736,-29.1864,-34.8143,-31.3383,-31.4291,-30.7028,-32.7441,-28.8091,-30.573,-31.1339,-32.3766,-31.6292,-32.7487,-33.2052,-34.049,-28.8029,-30.6531,-32.4421,-31.2588,-30.7385,-24.3373,-24.7789,-30.1808,-31.9148,-33.0927,-31.9801,-33.0403,-33.1729,-32.4871,-27.0908,-29.7376
3.63224,0.377927,-3.88898,-9.08604,-15.4023,-15.4846,-18.5164,-19.5783,-24.5909,-26.0896,-24.7849,-29.0975,-26.5666,-25.9242,-27.9877,-28.604,-26.5998,-25.9271,-28.3665,-27.7276,-29.0906,-30.7669,-30.2555,-30.851,-26.9501,-27.8078,-29.4833,-27.5577,-27.3454,-22.2377,-22.603,-27.9021,-29.064,-29.9142,-29.9762,-30.4721,-30.0739,-28.3368,-24.6846,-27.8732
4.50225,0.213791,-3.54505,-8.5709,-18.3043,-16.8369,-17.6585,-20.6969,-21.5085,-24.5557,-24.5016,-30.3395,-27.6272,-26.5085,-26.8269,-26.8401,-25.0768,-28.5173,-30.8152,-29.6837,-31.9308,-31.7532,-30.5981,-31.41,-28.3473,-30.293,-28.644,-27.2477,-27.1079,-24.9139,-25.3175,-30.5967,-30.4142,-30.5792,-30.7869,-30.7132,-31.2262,-29.2338,-25.8876,-29.1607
-4.41013,-5.03877,-8.14933,-13.1052,-22.2458,-22.3041,-23.6648,-31.7142,-27.4668,-28.6568,-29.7293,-34.455,-34.1588,-33.9141,-30.8579,-32.9435,-30.2269,-35.905,-36.2331,-35.5466,-38.3569,-37.5881,-34.904,-38.0884,-36.4558,-36.7193,-33.3457,-33.6215,-33.8776,-31.3386,-30.0325,-36.5144,-36.7961,-36.0567,-36.1146,-36.1728,-37.08,-36.1768,-31.5927,-35.2601
-2.67456,-3.29005,-2.63535,-15.0964,-16.4239,-19.6828,-19.6898,-25.6186,-25.6684,-25.4085,-31.4129,-28.3699,-30.3592,-30.0589,-33.3981,-31.7193,-30.3288,-30.3558,-30.9724,-29.1918,-32.1173,-32.4612,-28.4576,-31.6475,-31.8109,-32.5671,-33.028,-32.1321,-29.3056,-24.8358,-22.999,-28.8073,-31.7254,-31.8017,-32.2841,-32.8349,-31.503,-31.4525,-27.1783,-30.8777
4.74974,3.99738,-0.958608,-11.6955,-14.1616,-14.0835,-17.458,-22.3508,-18.7806,-22.3831,-26.5489,-26.0063,-23.7584,-23.7857,-29.6285,-28.3263,-28.0645,-27.7664,-28.6691,-29.9013,-30.4167,-30.8137,-29.1502,-29.9831,-28.8956,-29.7694,-28.8697,-29.5997,-27.0878,-22.8023,-21.7656,-26.6281,-29.203,-28.3719,-30.1528,-29.6121,-28.8129,-27.8122,-24.5494,-28.623
5.97811,3.5772,-8.51766,-12.1311,-14.2885,-16.6596,-19.7913,-21.4602,-19.6124,-23.773,-23.8489,-29.4513,-24.6602,-24.3483,-29.9998,-29.3192,-28.2639,-26.7414,-28.3213,-31.1419,-33.0989,-31.3729,-31.8229,-32.4475,-30.0957,-31.5769,-28.6498,-30.0102,-29.0168,-25.537,-24.0669,-29.2901,-31.684,-29.8351,-32.7201,-30.9705,-30.4277,-27.8538,-25.1441,-29.9921
-1.58974,-4.18932,-13.0716,-15.9355,-19.3377,-23.0098,-22.4997,-24.9124,-28.8401,-28.903,-28.8613,-34.7682,-31.0072,-32.455,-33.5726,-32.8263,-33.9892,-32.8363,-34.4704,-37.1162,-37.2744,-36.9713,-36.2343,-38.6346,-36.8115,-39.2747,-34.2188,-35.6616,-34.2088,-31.5013,-30.516,-36.4654,-38.8353,-36.7732,-39.4567,-38.0104,-37.065,-33.6312,-31.8234,-36.6718
3.55041,-2.50004,-9.91405,-11.6041,-18.8318,-18.9896,-17.0274,-26.7295,-29.9441,-24.5742,-26.8182,-27.2138,-26.1783,-29.6089,-31.4079,-31.7873,-31.3929,-31.0197,-33.4213,-33.471,-30.5853,-33.4893,-35.9353,-34.793,-31.9819,-32.0282,-32.5746,-31.457,-28.9205,-25.7249,-24.4782,-30.0577,-31.3459,-33.5095,-35.0778,-33.8417,-31.7336,-30.6277,-28.7187,-31.1247
11.1251,4.3753,-3.49771,-7.81074,-14.3155,-16.6732,-16.2837,-20.4513,-19.8546,-20.1584,-20.7094,-23.3769,-24.7903,-25.2438,-27.8185,-27.5147,-26.0057,-29.0048,-29.7708,-29.0501,-29.5966,-30.6356,-32.1184,-30.6252,-27.7488,-28.6983,-29.7552,-29.5604,-25.5568,-23.1285,-21.2259,-26.6309,-27.5104,-30.8928,-30.727,-30.1671,-28.6324,-28.2803,-25.0984,-27.6292
11.9825,7.65611,-0.863416,-7.07727,-12.2889,-12.0208,-12.7557,-14.7172,-14.4018,-18.0266,-17.8262,-18.8828,-23.1773,-21.3751,-23.3005,-23.6441,-22.3203,-27.6141,-26.0511,-25.9175,-29.1401,-28.6286,-30.815,-32.4332,-29.0839,-28.6149,-28.6516,-30.3938,-28.0117,-25.2608,-22.8169,-27.9221,-29.6672,-31.3452,-31.3754,-30.9993,-30.2112,-28.5348,-25.1785,-29.4652
6.12742,3.90573,-2.22293,-8.64419,-11.3768,-13.0753,-13.7487,-15.0763,-16.6307,-19.1284,-19.7761,-20.9393,-24.0501,-23.0997,-24.4622,-25.4734,-24.5838,-28.8557,-28.0837,-28.1526,-31.2457,-30.4864,-33.4414,-35.019,-32.8556,-32.2131,-32.3435,-34.284,-33.3993,-30.4035,-30.315,-34.1457,-35.452,-36.0285,-37.8304,-36.8805,-36.3648,-34.4181,-31.1913,-35.3689
10.8421,8.65936,-0.873978,-4.71523,-7.66386,-11.0113,-11.0815,-11.9525,-17.4023,-15.7165,-19.0979,-21.3153,-22.3979,-22.7062,-23.1777,-24.1781,-23.7584,-26.2671,-26.5307,-26.7271,-28.0603,-28.6452,-30.5485,-30.1754,-27.9545,-29.5701,-29.3243,-30.2241,-29.0939,-27.7744,-28.4087,-30.3772,-30.9606,-32.5023,-33.1325,-31.5951,-32.4678,-31.0095,-28.9205,-30.5682
12.6445,7.8547,-1.41086,-6.59572,-9.08892,-10.8207,-14.0879,-15.4692,-19.3268,-18.4291,-22.9156,-24.9973,-25.1502,-23.7026,-26.2999,-24.6493,-25.638,-26.5795,-26.0826,-27.9163,-27.5279,-28.8752,-29.143,-29.7143,-28.1029,-28.9434,-27.7519,-29.1803,-27.1311,-24.241,-24.8306,-28.9784,-29.1554,-29.4119,-31.1765,-29.4309,-30.303,-28.3034,-25.8916,-28.6173
7.91895,2.73341,2.3733,-3.60084,-8.0356,-11.3336,-15.1703,-14.5944,-17.6449,-19.4906,-23.175,-26.1312,-25.7507,-21.9434,-26.7229,-23.5356,-25.2932,-25.8523,-26.7447,-30.8263,-29.5904,-29.8712,-30.9896,-30.8341,-28.8191,-30.4662,-30.4144,-30.5872,-28.8053,-24.6789,-24.5256,-29.132,-31.7103,-31.74,-32.3773,-31.0555,-31.2496,-29.9892,-27.1443,-29.6962
0.0672237,-1.07196,-1.51183,-5.68533,-10.0081,-13.5547,-15.8993,-16.5396,-20.4155,-22.8521,-25.0147,-26.8392,-27.393,-25.7675,-28.8922,-27.2498,-28.2671,-30.2528,-31.3168,-33.1137,-33.6442,-32.8571,-33.5028,-35.2327,-33.693,-35.5498,-34.3346,-34.7721,-35.1281,-30.3576,-30.0537,-33.7888,-38.6414,-37.1718,-38.314,-37.0369,-36.0394,-35.9688,-32.6484,-35.6466
7.64772,-1.96405,-1.37976,-7.4276,-10.7553,-10.7584,-13.5398,-15.2503,-21.4567,-24.6293,-23.8207,-23.3265,-25.1531,-27.1702,-26.33,-26.7457,-27.0923,-29.0509,-27.2912,-27.0509,-31.5893,-30.7496,-29.2346,-31.0916,-30.5898,-31.0321,-29.0414,-30.5388,-30.0447,-25.4965,-25.408,-30.2008,-32.7666,-31.8165,-33.6133,-32.6548,-32.2729,-29.9044,-26.7671,-30.9027
13.5187,6.77102,-1.4009,-6.83057,-12.5195,-11.4845,-15.0316,-18.4325,-21.2619,-22.6207,-23.3911,-23.084,-26.9751,-29.7642,-28.036,-27.6538,-26.7161,-29.8448,-28.1883,-25.2279,-29.4161,-29.7472,-27.316,-29.0901,-28.2033,-29.4612,-28.9273,-28.5808,-27.9504,-22.7669,-22.6514,-27.5093,-29.7286,-31.2958,-30.701,-28.7477,-29.3507,-27.6487,-24.9203,-28.8767
13.9406,9.36728,-6.06552,-12.3311,-15.7459,-14.2815,-17.013,-22.1454,-20.2027,-22.5373,-25.2946,-24.4822,-27.2749,-31.3297,-28.5488,-29.0326,-28.4108,-32.6308,-32.5879,-28.1039,-29.0531,-28.8586,-30.4719,-31.0529,-29.6898,-29.78,-29.708,-29.356,-29.8263,-24.6414,-23.9738,-28.6356,-31.5952,-32.2854,-31.5801,-30.4419,-31.0152,-29.0155,-25.9142,-29.7937
5.84419,1.85938,-10.7328,-17.2721,-20.7306,-20.4686,-23.0794,-27.927,-25.3679,-27.4822,-31.2973,-31.7819,-33.3842,-35.2298,-32.6621,-33.3735,-34.7326,-36.9243,-38.2169,-36.8368,-35.6457,-35.0582,-38.2056,-37.0919,-36.2062,-36.1764,-35.2227,-36.406,-35.7433,-31.2857,-31.059,-35.945,-37.8122,-37.6488,-38.8211,-38.2809,-38.2044,-35.1444,-31.9,-36.3303
7.61054,-0.541706,-6.46017,-11.0806,-14.7893,-12.362,-18.9677,-25.2781,-25.8085,-25.2393,-26.1153,-31.4083,-32.1802,-29.8759,-29.0217,-28.8397,-30.1425,-30.7734,-33.7865,-31.8815,-34.9729,-33.0882,-34.5993,-34.1309,-32.0646,-34.0279,-30.4898,-31.1734,-29.6167,-26.3296,-25.2485,-31.1406,-33.2368,-32.9362,-34.4095,-32.2805,-31.5152,-30.5722,-26.5969,-31.5946
9.55315,2.49216,-5.65904,-8.49087,-15.0341,-12.5579,-16.4445,-20.6949,-21.8996,-21.7202,-22.4292,-26.939,-27.5993,-27.3757,-29.8482,-26.4657,-26.8283,-27.9931,-28.9308,-29.1649,-30.1963,-30.1353,-32.1329,-31.744,-28.0894,-29.2027,-27.8049,-28.8846,-27.2285,-22.2525,-22.2563,-28.3275,-31.2725,-29.7396,-30.4062,-30.1864,-28.1659,-28.2015,-24.1543,-28.3088
6.41998,3.24877,-4.77514,-6.84359,-12.494,-15.6124,-21.1792,-19.543,-22.7021,-23.0245,-22.1593,-25.2705,-25.2305,-26.4251,-31.1067,-30.0007,-27.9757,-29.2595,-27.5302,-29.1131,-30.6041,-30.4198,-32.0039,-31.867,-30.7591,-29.7804,-27.9508,-29.5615,-30.7479,-25.1915,-24.8228,-29.2765,-32.1825,-30.3744,-30.1924,-30.5673,-30.3036,-29.8802,-26.116,-28.8523
1.02383,-2.71228,-8.54986,-10.4654,-14.1695,-18.1136,-23.2182,-22.8585,-26.6012,-27.6583,-26.1467,-28.9225,-28.1355,-31.6713,-31.5576,-33.6668,-33.1706,-33.5462,-32.812,-33.6655,-34.6827,-35.0267,-36.7637,-35.7988,-39.179,-36.6991,-33.5119,-35.3203,-36.4415,-32.7075,-30.7658,-34.6239,-36.4039,-36.1475,-36.9834,-36.7991,-37.4866,-36.2839,-32.8219,-35.3124
9.25489,1.75271,-9.12185,-7.37827,-12.9229,-14.7069,-16.072,-17.2958,-21.3394,-20.4382,-24.431,-26.8146,-24.2105,-28.0663,-25.9783,-29.2046,-28.9372,-28.8103,-31.7603,-33.6459,-28.7261,-31.9473,-32.2349,-30.9508,-32.0284,-31.7821,-33.1528,-31.836,-29.0986,-26.7953,-27.0371,-31.2127,-30.6269,-32.5273,-33.6554,-34.2266,-32.1157,-30.9551,-26.701,-30.6311
13.7722,6.71187,-3.14318,-7.71124,-11.9462,-15.4393,-14.8241,-17.5241,-20.8112,-18.8663,-23.0022,-25.5602,-26.2416,-26.7256,-25.8481,-27.8978,-27.1006,-27.345,-26.8505,-29.3701,-28.4244,-30.6202,-30.2045,-29.0476,-28.4759,-28.263,-29.2139,-28.4058,-26.4868,-23.5489,-24.3653,-29.422,-29.8943,-31.05,-29.7521,-29.7618,-29.5087,-28.2582,-24.6625,-28.4988
14.3082,7.83572,-4.7354,-7.58489,-15.1941,-18.6123,-14.646,-15.7909,-17.0723,-22.7005,-26.3524,-23.8189,-28.5695,-30.3609,-27.4157,-28.0063,-29.0257,-29.1052,-27.7333,-29.0535,-30.4654,-32.4611,-30.1388,-29.4468,-29.4667,-30.1307,-28.5475,-29.1382,-26.7145,-24.2702,-26.1979,-31.5722,-33.1244,-33.2346,-30.4946,-30.5822,-29.7776,-28.827,-25.8092,-30.2913
7.41554,1.8635,-7.00946,-11.0992,-17.6776,-20.091,-17.4474,-18.3847,-20.474,-25.7069,-30.5123,-27.6812,-30.5742,-32.0712,-30.749,-31.1968,-33.294,-35.4464,-36.5162,-34.4495,-35.121,-37.4249,-35.0465,-34.6126,-35.1742,-37.1406,-35.3218,-35.4835,-32.8611,-31.0377,-32.7425,-37.8452,-38.478,-39.6507,-37.5201,-38.0336,-35.0209,-34.4315,-32.3069,-36.2779
14.2832,7.40436,-1.06277,-13.2316,-15.433,-14.5434,-14.713,-16.4457,-21.2127,-22.3687,-27.2238,-27.9007,-28.7608,-27.179,-28.3848,-27.5583,-28.0012,-31.8177,-32.5933,-28.9359,-31.9461,-33.3266,-35.2555,-37.0074,-31.3819,-31.8284,-31.8944,-32.4182,-31.0278,-26.0019,-25.4436,-31.4427,-32.8367,-33.743,-33.6782,-31.4302,-30.8429,-30.4522,-27.9018,-30.4302
18.1818,9.8506,1.22517,-8.97566,-14.9248,-14.0703,-16.6021,-16.4853,-18.273,-19.982,-23.9292,-25.8467,-27.0265,-26.8809,-28.795,-27.0847,-26.1945,-29.3033,-29.9154,-27.499,-28.9364,-29.2402,-30.5033,-33.7639,-29.0634,-29.0179,-29.5658,-29.2425,-28.275,-23.4365,-23.263,-28.9929,-30.1041,-30.3789,-31.9062,-28.9392,-28.2566,-27.6333,-25.0656,-27.8158
15.5609,9.65403,1.51202,-2.77553,-10.228,-10.3392,-13.8487,-14.114,-16.9407,-18.125,-19.5789,-22.3871,-24.1925,-22.4536,-23.9867,-23.8293,-23.835,-26.5663,-27.235,-27.7858,-26.4536,-28.1153,-29.7761,-31.7212,-29.2295,-28.1719,-27.9154,-29.5763,-28.2277,-25.6055,-26.0697,-31.0769,-30.146,-30.482,-32.8878,-31.3303,-29.2617,-28.3253,-25.4582,-28.5283
7.00012,4.50166,-2.16768,-5.6925,-9.88564,-12.5085,-14.7696,-15.6226,-18.6249,-19.5722,-20.7919,-23.6999,-24.4984,-23.8721,-25.2006,-25.0858,-25.8816,-27.8936,-29.0098,-29.6869,-29.2029,-30.7911,-32.3338,-33.8869,-31.4595,-30.8734,-31.5266,-33.8411,-33.113,-30.3177,-30.518,-37.3249,-36.0021,-35.8813,-37.667,-36.4004,-34.7804,-33.8801,-30.6279,-34.0565
8.42753,4.02531,-9.2374,-5.43334,-6.31776,-11.9784,-14.3703,-15.9858,-19.0131,-18.5297,-20.4991,-22.2291,-21.1776,-22.4391,-24.5856,-23.2125,-24.686,-25.0647,-27.4455,-28.3148,-28.4073,-27.7151,-28.2615,-30.5695,-27.8015,-29.286,-30.3377,-29.3877,-29.065,-24.7255,-24.2493,-31.9411,-33.5656,-34.425,-33.7469,-32.6398,-31.8232,-29.2119,-26.5185,-30.5087
13.3555,6.25421,-3.03566,-5.7647,-8.45646,-14.7931,-16.4363,-18.4158,-21.9664,-21.6311,-22.3703,-22.9853,-22.993,-22.3927,-27.3684,-25.748,-26.1439,-26.161,-25.6823,-29.6348,-27.2978,-27.7139,-29.0782,-29.878,-26.7084,-29.1072,-29.5023,-27.9707,-26.7877,-22.6073,-22.5179,-28.5102,-29.9729,-30.8518,-31.0387,-29.6962,-28.7335,-27.7987,-24.7359,-28.1832
11.5151,4.8582,-0.540048,-3.84862,-10.9113,-13.6259,-16.036,-19.5455,-18.2179,-19.8169,-20.8101,-22.2056,-22.4382,-23.9172,-26.9079,-24.9087,-26.3827,-25.92,-25.9617,-29.5345,-28.5314,-28.8129,-29.557,-30.0429,-28.9875,-28.9693,-28.9227,-29.2653,-28.82,-22.7946,-23.3812,-28.8638,-30.7975,-31.4193,-32.3229,-31.0352,-30.1261,-29.3479,-26.0949,-29.6668
4.11116,0.189956,-3.57156,-7.00904,-13.6323,-14.5062,-17.553,-20.4242,-19.8683,-21.0301,-22.1925,-24.1068,-24.1257,-25.7649,-27.0552,-27.6402,-30.6092,-29.8157,-31.4315,-32.5204,-31.0925,-31.2767,-32.8852,-34.4439,-34.4689,-33.6561,-34.2604,-34.6723,-34.7323,-29.8254,-30.1629,-33.5635,-35.2171,-36.8948,-36.7883,-36.0478,-36.6123,-34.4932,-33.1392,-37.2061
12.3442,6.53658,0.951606,-6.41494,-13.0189,-10.133,-13.944,-16.1796,-20.0483,-18.3144,-21.6896,-24.3593,-24.585,-24.7952,-23.1363,-26.1672,-30.0203,-27.8236,-27.6964,-29.2412,-26.923,-28.0887,-31.1344,-31.8652,-29.7544,-30.0941,-31.2831,-30.0464,-30.6931,-26.8955,-24.6947,-28.9956,-30.8743,-33.8941,-31.0562,-31.1189,-31.4373,-28.8814,-27.2415,-32.153
13.1079,5.20845,-0.0434741,-2.87621,-10.3504,-9.63589,-13.4824,-17.5248,-21.0758,-17.9161,-24.2305,-22.1351,-27.257,-26.842,-25.0131,-27.4664,-29.6103,-27.9853,-27.9736,-30.2994,-28.1588,-28.5769,-30.6565,-29.642,-28.612,-28.4316,-27.3262,-28.4117,-27.7922,-24.2241,-23.3254,-27.3889,-29.697,-31.9579,-30.509,-29.4765,-28.8147,-27.2337,-24.8384,-29.4273
8.79201,3.12654,-4.65264,-6.22838,-10.145,-10.7144,-13.1885,-15.386,-18.6249,-20.09,-20.8352,-19.8125,-24.9976,-26.2668,-25.2472,-27.6021,-33.0806,-28.5785,-29.6746,-31.4677,-29.9575,-31.7143,-31.8208,-30.5525,-29.0549,-30.6723,-28.0939,-30.6263,-28.0033,-24.433,-25.3282,-29.1315,-31.9089,-33.1551,-31.6075,-30.6598,-29.5827,-29.0999,-25.5519,-30.4437
0.918888,-1.65915,-8.36007,-13.4821,-15.6826,-16.7109,-17.0976,-17.5234,-21.3953,-24.1719,-23.1001,-24.299,-26.7019,-28.5639,-28.9023,-31.2291,-35.5688,-32.1418,-33.6732,-33.4319,-32.894,-35.9152,-34.5738,-35.0494,-34.6824,-36.6073,-35.4758,-36.8561,-33.2073,-31.0046,-32.1743,-35.5063,-39.059,-39.5222,-37.0324,-36.4289,-35.7406,-35.4913,-32.1604,-35.6549
6.1949,5.33961,-0.974939,-11.4607,-14.7398,-14.7433,-16.1354,-17.095,-22.111,-23.2185,-22.4348,-24.6019,-25.94,-26.9728,-26.9595,-30.7596,-30.814,-27.9939,-29.4042,-29.7922,-30.4289,-31.0624,-29.4184,-31.3536,-31.9512,-30.9599,-30.845,-31.1066,-29.937,-25.7138,-26.5556,-30.0254,-32.9686,-34.6307,-33.1172,-31.3739,-32.1766,-31.977,-28.2355,-31.403
8.70192,4.21232,-1.10723,-10.3593,-12.3265,-9.12919,-13.7984,-19.4951,-20.5601,-23.0136,-22.0981,-26.7986,-27.6034,-29.1488,-28.0709,-29.2139,-28.1347,-25.7323,-26.8347,-28.3944,-30.3008,-30.2499,-29.1425,-29.6722,-28.0188,-28.2866,-27.3134,-28.1437,-28.4897,-23.0503,-23.1687,-26.7482,-29.1784,-31.5969,-30.1509,-29.0946,-29.141,-28.6172,-25.4722,-28.4319
4.00843,-1.58942,-4.43973,-14.6505,-15.0737,-12.8591,-15.8413,-26.2404,-22.4143,-23.0752,-24.6552,-30.1156,-29.4644,-31.0061,-29.7552,-30.5961,-29.0381,-28.1571,-29.7561,-31.3632,-33.6161,-34.5317,-32.942,-31.3968,-27.5017,-28.1604,-28.3598,-29.1515,-30.8665,-25.1681,-24.7061,-29.8094,-31.1661,-32.6674,-33.1741,-31.5936,-30.459,-29.7515,-26.6426,-29.7869
-1.7006,-7.13523,-12.1714,-21.0899,-23.8227,-29.1252,-27.9445,-33.1445,-29.9089,-29.7582,-30.937,-37.0758,-37.2053,-36.0534,-34.3685,-34.9202,-37.7482,-36.5187,-35.559,-37.9115,-40.2269,-42.8237,-37.9896,-37.2608,-33.47,-34.4072,-36.1224,-36.2338,-37.1152,-32.9349,-31.5555,-37.6369,-37.9281,-38.7686,-39.711,-37.417,-36.5253,-36.5739,-32.5453,-36.6676
10.3578,4.2439,-9.58258,-10.8308,-20.102,-26.0943,-23.9704,-23.0214,-21.9171,-21.6161,-24.6664,-30.0568,-32.0352,-28.5379,-27.4889,-29.8812,-31.5395,-32.5597,-30.781,-33.6194,-32.2347,-33.37,-29.9798,-30.1749,-31.7996,-31.9285,-31.6272,-32.0737,-29.6724,-26.3813,-26.8721,-32.0484,-32.5331,-34.5752,-32.7095,-31.8129,-31.6914,-30.4351,-28.1324,-31.2208
13.6183,5.15968,-7.25197,-7.91297,-16.2866,-18.4928,-18.5185,-18.6828,-20.6106,-20.7512,-23.1214,-26.4273,-27.0516,-25.3572,-25.0258,-27.6783,-26.1157,-28.6849,-27.1579,-31.096,-29.4799,-29.1229,-27.3494,-28.9433,-30.427,-29.3168,-29.1794,-30.0226,-27.2349,-22.4229,-24.176,-28.9889,-30.7678,-31.3919,-30.7613,-29.6606,-29.8837,-27.4161,-24.9456,-28.1082
10.1763,1.72619,-6.92409,-6.5935,-13.1014,-12.7223,-17.2752,-15.3592,-22.5635,-21.3319,-23.3544,-27.2293,-27.5088,-26.0982,-24.1001,-26.4852,-26.1248,-29.4546,-29.0044,-30.6105,-30.4024,-28.9791,-29.342,-30.8964,-30.3018,-29.085,-29.3542,-29.5974,-28.8874,-23.9703,-26.558,-29.9826,-31.4869,-33.2508,-32.661,-31.5938,-31.3132,-28.5731,-25.531,-28.9336
1.13579,-2.41734,-7.53815,-10.3306,-15.0931,-15.8733,-19.5996,-19.1846,-24.2017,-24.4092,-26.3486,-28.901,-30.9125,-29.8733,-29.0309,-30.4574,-31.3313,-33.2946,-35.0332,-34.5865,-34.7823,-33.7864,-34.6547,-35.7894,-33.8776,-34.5752,-34.4798,-34.4022,-33.6525,-30.5741,-31.9439,-36.3528,-37.3952,-39.1001,-38.0417,-37.6069,-36.8636,-35.2666,-33.2371,-36.1145
4.80972,2.38221,-4.54038,-10.2484,-17.4068,-18.382,-21.4275,-21.8355,-20.2271,-23.6825,-25.0109,-25.2387,-25.976,-26.1488,-30.4857,-29.526,-27.1599,-28.2103,-31.171,-31.0902,-30.9494,-30.8593,-30.8908,-32.9714,-29.8418,-31.3095,-31.9309,-29.6838,-27.9082,-25.3082,-24.0794,-31.1353,-32.1575,-32.1494,-32.308,-31.7843,-31.6554,-31.2055,-27.5963,-30.6083
8.72389,3.20466,-7.01034,-10.989,-13.605,-11.5571,-13.5622,-21.0745,-22.9901,-22.813,-25.415,-25.777,-24.5273,-24.2863,-28.9722,-29.9514,-26.7033,-27.3175,-31.0655,-29.7584,-29.1748,-27.8796,-29.2357,-30.1445,-28.1005,-29.1848,-28.6591,-28.6286,-26.2581,-22.8717,-22.7923,-27.9828,-29.7409,-29.1188,-29.3731,-28.7931,-28.7631,-29.0207,-24.2647,-28.2893
8.23489,4.29306,-4.96134,-7.40908,-10.405,-9.24614,-11.6411,-17.764,-20.0547,-19.0039,-20.2359,-23.9077,-22.7445,-23.3354,-25.3347,-25.2308,-26.5354,-26.6407,-29.1456,-28.7506,-29.607,-29.793,-29.939,-29.7884,-29.3353,-29.7457,-28.9877,-29.5219,-26.6294,-22.7221,-23.8239,-28.3898,-30.6095,-30.399,-30.295,-30.4751,-29.7976,-29.1726,-24.8185,-31.0178
1.84353,-0.22329,-5.60395,-8.66155,-11.8928,-14.1631,-15.7271,-18.6225,-18.3138,-20.2335,-21.8916,-24.1862,-24.5448,-24.986,-25.6267,-26.4416,-28.4954,-29.0465,-30.3491,-31.479,-32.0078,-31.9995,-31.979,-33.0064,-33.6213,-33.775,-34.8169,-34.3388,-32.4551,-29.7691,-30.6579,-33.3912,-36.01,-35.7931,-36.2187,-37.2183,-35.7142,-33.861,-31.226,-37.674
7.97869,3.89267,-5.88196,-7.78378,-7.31753,-10.9896,-13.5277,-17.6018,-12.6943,-17.9539,-21.6219,-21.2365,-21.2545,-20.6129,-22.5605,-25.777,-28.5324,-26.8678,-27.7571,-29.1587,-29.7681,-28.5393,-29.4061,-29.8993,-30.6009,-32.3792,-32.8409,-33.6915,-29.3528,-26.3252,-26.103,-31.7778,-32.6735,-32.026,-32.0238,-34.1816,-32.5396,-29.3264,-26.9159,-31.9641
9.42929,3.96342,-3.54727,-10.9402,-8.72845,-10.3568,-14.4553,-17.3447,-15.4795,-20.6911,-23.7004,-23.0798,-23.5837,-20.976,-23.1814,-27.2804,-28.8032,-27.6102,-29.3366,-29.7898,-31.0041,-29.6177,-29.4743,-30.1099,-29.6574,-31.714,-30.2588,-29.7449,-27.6042,-23.4987,-22.3009,-29.0932,-30.6334,-29.3622,-30.6083,-30.6001,-30.0003,-27.5664,-24.4741,-28.584
2.98803,0.809694,0.0142713,-8.01284,-12.3314,-14.4939,-12.8779,-16.45,-21.9715,-23.1098,-22.3438,-26.2899,-26.8865,-25.4205,-25.6571,-26.1831,-28.1042,-28.9353,-30.8089,-32.6882,-31.243,-30.6438,-29.5475,-30.359,-31.3133,-33.6189,-29.7858,-29.9923,-29.2357,-24.7446,-23.2123,-29.1022,-32.9874,-30.6756,-32.6051,-31.5622,-30.5536,-29.0853,-26.5882,-30.3264
-5.4693,-3.91151,-4.47683,-9.40854,-13.7655,-16.9124,-16.8989,-19.7091,-26.5018,-26.8845,-25.8466,-31.0923,-30.5584,-32.2492,-32.4904,-29.855,-31.0527,-33.2092,-33.5387,-37.4395,-35.236,-36.1346,-35.5489,-34.3359,-35.0317,-38.3988,-35.1355,-36.5366,-36.2503,-30.0664,-29.2908,-35.0186,-39.4112,-37.8595,-38.4272,-37.3198,-36.9374,-35.68,-33.4989,-37.3123
0.859156,-0.990425,-6.76573,-6.33202,-10.3934,-21.9028,-20.1531,-16.5158,-22.1283,-25.8821,-24.3743,-27.5395,-26.1995,-26.7153,-28.7735,-32.1597,-26.9556,-29.1965,-27.908,-34.8059,-32.5306,-32.845,-31.5378,-30.0746,-31.5248,-32.3333,-31.754,-32.1184,-31.1772,-27.5519,-27.3863,-31.0111,-34.7615,-33.8534,-33.6898,-32.7199,-31.4334,-31.0491,-27.8481,-31.9871
3.35606,1.21793,-2.28756,-6.59308,-11.4495,-17.3655,-16.8202,-16.7323,-18.147,-19.7972,-21.0225,-25.8908,-23.7295,-24.283,-25.4172,-28.8849,-26.9186,-26.1983,-28.149,-28.7356,-28.907,-31.1101,-29.5715,-27.9975,-28.8974,-29.0698,-29.7514,-29.5623,-26.684,-23.8206,-24.18,-27.5977,-30.5806,-29.4778,-30.0283,-30.1233,-30.0897,-27.8528,-24.9934,-28.5914
3.62189,3.2361,0.232927,-7.69229,-15.0879,-16.6251,-16.4351,-22.8693,-18.8235,-20.2597,-22.8311,-23.345,-26.1149,-24.5123,-25.0674,-26.3292,-28.1095,-28.166,-29.2036,-27.49,-29.1678,-32.316,-31.0967,-30.207,-30.0923,-30.3428,-32.0319,-30.8888,-27.2984,-24.2821,-24.6739,-28.6799,-31.6101,-30.4944,-30.6369,-30.7995,-32.0744,-29.0289,-26.7215,-29.9369
-0.993504,-1.15012,-4.63298,-10.1663,-16.6707,-18.4486,-17.9695,-24.3064,-23.996,-23.7516,-25.7677,-26.422,-29.3162,-27.1914,-28.1859,-30.0297,-30.6914,-32.4789,-33.7477,-31.6642,-32.8511,-35.5075,-35.5888,-34.8763,-34.9772,-36.1007,-37.1706,-35.824,-33.087,-30.6764,-30.6649,-35.6585,-38.6667,-37.4973,-36.8975,-36.1422,-38.9013,-35.3341,-33.2395,-36.3557
4.52534,0.330193,-2.51527,-9.168,-13.7809,-13.1734,-12.0933,-19.1276,-16.6681,-18.4489,-23.4774,-27.8451,-27.6334,-25.4288,-27.9965,-31.4647,-29.2963,-28.0266,-29.7773,-27.4564,-29.1849,-31.983,-30.7989,-30.4426,-30.2004,-32.3801,-30.6963,-30.0778,-31.1679,-24.6802,-25.1433,-31.1828,-33.711,-32.7089,-33.9011,-31.0318,-31.4521,-30.1051,-27.8894,-30.8336
6.01363,3.37727,-2.47444,-6.24945,-15.1722,-16.2127,-15.4559,-18.8892,-12.7591,-18.8149,-23.5099,-24.0803,-25.3194,-23.8316,-28.1416,-29.9052,-28.1932,-27.3155,-27.1114,-28.7074,-28.8793,-30.9423,-30.7357,-29.3213,-27.68,-28.8573,-30.4569,-28.6002,-28.5814,-22.687,-22.3007,-28.1648,-30.2512,-30.7656,-30.8831,-29.1237,-28.8159,-28.065,-25.9931,-28.5259
9.72027,4.68953,-5.02043,-6.75957,-17.5888,-18.2482,-23.5574,-19.8301,-15.1811,-17.4563,-22.5598,-22.9311,-23.989,-21.7619,-25.2314,-28.1359,-27.6061,-28.2024,-28.1583,-30.0076,-28.1513,-30.4808,-32.2275,-30.9839,-29.4141,-28.9085,-31.8432,-28.7809,-29.2485,-25.3137,-24.4873,-30.3042,-32.3663,-32.1669,-31.4131,-31.0142,-31.398,-29.8737,-27.3544,-29.4898
4.51471,0.195402,-7.82881,-10.8073,-14.5407,-17.9275,-22.3093,-22.3819,-19.6204,-19.6136,-25.3757,-27.2233,-25.631,-24.5799,-27.4891,-29.5556,-30.8203,-31.6419,-31.1274,-32.0185,-30.9535,-33.2204,-35.5472,-35.8267,-34.7589,-35.1595,-36.4723,-33.5853,-33.6191,-31.3963,-30.2122,-36.4905,-39.395,-37.925,-37.2894,-38.0327,-36.9304,-36.3098,-34.2615,-35.0396
9.28426,4.55594,-12.5061,-6.25829,-8.59629,-13.1156,-17.151,-19.0135,-16.1048,-16.2502,-21.2668,-23.7834,-21.1658,-23.4991,-25.5921,-24.1978,-27.996,-28.8844,-27.6408,-28.4642,-29.6925,-30.1719,-33.5311,-32.6151,-27.8739,-31.1915,-33.5875,-29.5764,-28.0222,-24.2122,-25.1008,-30.2188,-33.5528,-32.2134,-32.907,-33.3829,-30.9828,-31.7547,-27.5916,-31.496
13.1012,8.60664,-5.96431,-7.56757,-10.1666,-14.2447,-14.732,-16.8962,-16.6182,-18.8684,-23.1013,-24.4993,-23.2047,-24.4132,-27.1311,-24.5355,-26.6863,-28.9531,-26.584,-26.8244,-29.7444,-30.0348,-32.8394,-30.4687,-26.2556,-28.8481,-28.8307,-27.1262,-26.7354,-21.7081,-23.2399,-28.4482,-29.4816,-29.2703,-30.3946,-30.9868,-28.8781,-28.8583,-25.1737,-28.7446
9.85007,5.89516,-3.51662,-8.96357,-12.2705,-17.0377,-14.7828,-16.0687,-16.1981,-19.1076,-21.2109,-26.6487,-26.3045,-25.329,-28.7035,-27.9028,-27.8933,-29.7379,-28.8188,-27.9864,-28.4668,-29.1801,-30.1656,-28.9495,-27.6881,-29.2337,-29.4487,-28.2464,-29.0132,-23.0393,-23.4678,-28.8363,-29.3943,-30.3503,-33.1963,-32.7478,-30.4327,-29.5628,-26.5654,-29.9468
0.632677,-2.41467,-8.04384,-12.1977,-15.2743,-17.2949,-18.8311,-21.1615,-19.6254,-22.6286,-23.4519,-27.6181,-28.2717,-28.5767,-29.4313,-30.8284,-31.7337,-32.4036,-31.2642,-32.0062,-32.3291,-33.3573,-33.9487,-33.8316,-33.9311,-34.1412,-35.8117,-34.0746,-33.8628,-29.8403,-29.4636,-34.0062,-35.8906,-37.5143,-40.2056,-38.0255,-36.5424,-34.672,-32.4822,-36.2178
11.0218,7.08697,-1.85052,-10.5352,-12.7614,-11.1483,-16.4392,-23.9981,-19.8365,-23.3282,-22.9199,-24.3257,-23.9014,-25.4345,-24.4669,-26.3764,-29.059,-27.5927,-27.4938,-27.3939,-31.1648,-31.911,-31.695,-31.0857,-32.4786,-31.3375,-33.1594,-31.8051,-26.307,-27.2625,-25.9932,-30.1109,-34.0912,-33.7165,-33.7565,-31.7822,-30.6016,-30.4416,-28.2715,-32.2997
16.2504,9.18976,-0.95611,-7.08615,-8.66221,-11.6645,-15.3273,-21.3435,-17.8965,-20.0571,-23.9364,-25.7199,-23.5195,-24.2306,-24.6238,-27.2107,-27.1103,-27.8626,-27.1591,-27.1559,-29.6458,-30.076,-31.726,-29.5441,-27.583,-27.8949,-28.483,-28.1736,-24.9608,-23.233,-22.4621,-26.7902,-30.7487,-30.0975,-29.6753,-29.4816,-28.5362,-27.9758,-25.4559,-27.6619
14.5537,9.54731,1.78995,-4.48371,-6.6974,-10.9774,-12.1272,-15.777,-14.8122,-18.0236,-19.5199,-22.0505,-20.856,-22.4687,-24.6115,-25.2176,-23.6448,-25.4569,-26.2073,-28.8298,-27.7411,-27.9251,-30.9434,-28.555,-25.6819,-29.1585,-27.9873,-28.7204,-28.1308,-23.765,-23.7899,-27.1791,-31.1377,-31.1191,-30.444,-30.4825,-30.9414,-29.6693,-25.5699,-27.6987
6.46204,4.70812,-0.41202,-5.48035,-9.09234,-12.0814,-13.3573,-15.554,-16.4188,-19.6258,-20.6584,-22.8246,-22.5593,-23.3834,-25.4359,-25.5566,-25.6226,-26.6905,-28.084,-30.7922,-30.3097,-31.1241,-32.5323,-31.412,-29.5612,-33.5539,-32.6809,-32.8669,-32.6784,-29.8034,-31.4666,-32.416,-35.4287,-35.8946,-37.1649,-35.4219,-36.1273,-35.2729,-31.3413,-33.7813
11.05,6.50344,-1.4394,-2.75781,-12.1999,-10.3245,-11.784,-12.5922,-14.7058,-17.3878,-19.1452,-23.0091,-22.9855,-21.0319,-22.7509,-22.716,-25.2431,-26.3458,-26.8044,-28.5878,-29.6867,-29.4878,-29.2594,-32.0936,-30.3847,-29.7392,-30.605,-28.9369,-27.1416,-22.7467,-23.6141,-27.7404,-29.3146,-31.205,-32.5328,-31.921,-31.0845,-29.9623,-26.9461,-31.3566
13.1595,6.68812,-3.13646,-4.7243,-11.9823,-10.9847,-13.3604,-14.6779,-18.2659,-19.6299,-21.5758,-25.4305,-26.0382,-22.5376,-24.9928,-25.8499,-25.6175,-28.7502,-27.5782,-28.6997,-30.5623,-31.2643,-29.8051,-30.6581,-28.7312,-27.2367,-28.6948,-28.2864,-26.0508,-18.2426,-17.3835,-24.3437,-27.5908,-28.7327,-30.1373,-29.8914,-28.1992,-27.6816,-24.878,-28.3085
11.2452,2.80527,-7.10897,-6.1832,-8.14742,-10.2223,-14.6172,-13.7771,-22.8989,-19.9279,-19.2698,-22.219,-24.269,-24.7015,-23.6749,-26.8053,-28.3189,-29.7265,-27.1749,-29.3184,-29.1741,-27.8878,-30.3177,-29.9566,-29.1186,-28.4847,-29.2737,-30.6007,-26.5785,-17.5098,-15.7737,-25.3225,-29.7023,-30.1665,-29.5739,-30.1927,-28.773,-29.4494,-25.579,-28.2515
5.28468,0.449756,-7.16781,-9.02775,-10.2529,-13.7241,-16.9722,-17.6241,-23.8495,-22.9358,-21.3177,-24.2759,-26.4792,-28.2393,-26.4185,-29.2929,-32.8177,-33.075,-30.1893,-32.8618,-32.3589,-30.3356,-33.8471,-34.5592,-34.1965,-34.1688,-34.8259,-35.226,-30.7304,-23.2147,-20.8306,-32.2825,-36.0767,-36.617,-34.9509,-35.3117,-34.6157,-35.0815,-31.0339,-34.5008
12.2918,6.2641,-1.3225,-11.4112,-10.9594,-10.7148,-12.2576,-18.788,-18.1912,-22.2444,-18.869,-23.3636,-26.3774,-24.3371,-25.9169,-29.1466,-29.4524,-28.9441,-28.2787,-29.6415,-31.7105,-31.9009,-29.4787,-31.6282,-30.2587,-30.9966,-30.0131,-29.7236,-30.8778,-21.7567,-21.8448,-27.6628,-32.0981,-31.7425,-30.7463,-31.2947,-33.0587,-30.3392,-28.0954,-32.0285
15.0244,6.70423,-1.10457,-10.5358,-13.2982,-11.8847,-13.6244,-17.4615,-15.5233,-21.4007,-20.3535,-24.1478,-26.1996,-25.6508,-25.1145,-27.4126,-27.8181,-28.0883,-30.0126,-29.068,-29.1874,-29.3935,-28.0539,-30.0736,-27.3469,-28.7313,-26.9574,-26.9474,-27.7182,-20.7613,-20.5261,-26.5859,-29.262,-29.4801,-28.6528,-28.8895,-29.8471,-27.8466,-24.5183,-28.8729
10.303,2.5393,-5.65996,-6.45177,-11.7497,-13.3514,-16.549,-14.5788,-14.9664,-23.0683,-22.4445,-25.1467,-26.5709,-27.191,-26.5303,-26.9514,-27.0362,-26.9842,-31.1698,-30.1248,-29.7067,-30.1598,-31.4828,-33.0168,-30.1654,-31.4639,-27.6288,-27.7063,-27.4826,-22.9273,-22.0864,-28.2339,-30.0512,-31.3799,-30.4402,-29.8517,-29.7577,-28.9235,-25.2347,-29.6213
0.377879,-3.36513,-10.4684,-10.5207,-13.5248,-16.5373,-20.5147,-17.4474,-19.1844,-25.5222,-26.1101,-29.1186,-29.6387,-29.8242,-29.8125,-30.582,-30.7101,-29.4344,-33.0123,-33.8255,-33.9463,-35.2832,-38.0252,-38.2188,-36.8683,-39.6186,-35.0533,-34.8533,-33.576,-29.1424,-27.7022,-33.2378,-35.058,-37.9001,-36.8217,-35.895,-35.1702,-34.2205,-30.5619,-36.2207
5.72142,-0.735354,-6.17654,-8.88743,-12.5696,-11.0548,-17.3745,-17.753,-19.0084,-19.9887,-26.5158,-25.8148,-25.8085,-24.7067,-26.324,-26.9335,-28.7229,-27.4829,-28.0425,-28.8145,-31.9337,-31.2279,-32.3221,-31.8893,-30.3704,-31.6455,-30.7157,-29.421,-29.2121,-25.4697,-25.3938,-30.2789,-31.0611,-33.463,-32.8463,-31.8497,-31.5168,-29.3863,-25.7577,-32.3576
9.26815,2.90042,-2.30246,-8.38943,-12.838,-11.9909,-14.5534,-18.6382,-18.0479,-22.0798,-26.3271,-23.5818,-24.9922,-25.5511,-25.844,-26.1982,-28.0711,-27.0039,-27.4119,-27.2662,-29.0914,-28.9535,-30.3239,-29.7857,-26.2233,-27.6309,-27.8032,-28.3582,-26.2573,-20.8503,-22.6057,-27.7893,-28.9437,-29.4517,-29.7058,-28.766,-28.8015,-27.7317,-24.0812,-29.2182
7.63276,2.04335,-0.279707,-10.3125,-19.3132,-21.5333,-15.889,-22.3408,-22.101,-27.5394,-28.022,-24.2596,-25.2615,-28.9424,-28.3837,-30.158,-31.2862,-31.1593,-30.55,-30.5084,-29.4752,-28.9778,-30.6276,-31.3251,-27.6868,-28.9898,-30.0104,-30.2426,-27.4548,-22.873,-23.0781,-30.2309,-32.1758,-31.1451,-31.0715,-30.9527,-30.1997,-29.572,-25.2111,-28.7649
0.102808,-2.78328,-5.66067,-13.141,-21.2215,-23.4762,-22.9606,-26.0667,-23.3242,-29.0324,-29.7197,-27.593,-28.8528,-32.2083,-34.9246,-34.5953,-37.0895,-35.3792,-37.4425,-38.1759,-35.3441,-33.5721,-35.6466,-37.3174,-35.7013,-37.0522,-38.252,-35.5768,-34.0519,-30.984,-29.6816,-36.8799,-38.0349,-38.5895,-37.5608,-38.1569,-36.306,-35.8945,-31.6696,-34.2712
7.89048,3.02114,-8.72817,-11.869,-13.7051,-13.2808,-23.2043,-17.8757,-15.412,-22.51,-24.0042,-23.927,-27.1029,-29.4246,-29.9889,-30.1864,-30.8484,-30.2482,-29.9316,-33.5082,-33.4473,-32.8033,-33.8895,-32.7674,-32.9751,-34.7609,-31.8154,-31.1471,-29.4728,-26.7871,-27.5771,-29.5481,-32.5165,-34.4165,-33.744,-33.4175,-31.4302,-30.2292,-27.3838,-32.646
11.2425,3.41296,-10.6596,-10.0971,-13.0323,-10.6716,-18.143,-13.9938,-15.7938,-22.371,-22.7583,-23.4078,-25.3851,-25.6087,-28.7473,-29.0303,-28.9939,-27.6198,-26.1367,-28.5527,-30.6608,-30.32,-30.4363,-30.4387,-30.8986,-31.509,-28.9774,-27.9179,-25.4246,-23.5161,-24.0097,-27.7861,-30.0974,-30.9705,-29.9767,-30.6815,-28.7783,-27.991,-25.1374,-28.5359
7.63048,0.942825,-9.80398,-10.1838,-14.1471,-10.9124,-16.5492,-12.0532,-16.2586,-21.6766,-24.372,-24.4303,-25.9197,-26.9427,-31.6639,-30.6644,-30.343,-29.2648,-28.9094,-29.2167,-30.6086,-31.9562,-31.1779,-31.3991,-31.1268,-30.5674,-30.3685,-28.6144,-27.6578,-25.9786,-24.5077,-31.1018,-32.2179,-32.5069,-31.2105,-32.0245,-31.2527,-29.4658,-26.487,-29.8545
-1.64426,-4.67972,-12.0582,-15.2391,-17.7261,-16.3803,-20.7823,-17.9029,-21.2907,-26.8887,-31.6617,-33.026,-33.2365,-35.5905,-37.9031,-34.3182,-34.5991,-36.4899,-36.0517,-37.0546,-36.8903,-36.3913,-37.8903,-37.6686,-36.4095,-35.9994,-36.9994,-35.2928,-34.6881,-32.5754,-30.4117,-37.7314,-38.8893,-38.7493,-37.5922,-38.0149,-37.4692,-36.4411,-33.3614,-37.1457
7.16783,0.447708,-5.94378,-12.7679,-25.4666,-20.9751,-18.6834,-17.2585,-23.5516,-23.9524,-25.6642,-29.4471,-34.058,-31.7163,-30.3766,-31.5339,-29.5648,-32.1218,-34.1532,-33.7947,-33.6762,-31.9893,-33.4267,-31.8672,-33.7271,-31.8742,-31.3771,-30.4887,-29.6715,-25.1348,-26.6277,-30.4215,-33.7282,-32.7143,-32.7231,-33.6577,-30.2901,-30.5959,-28.3769,-30.5272
12.2944,4.8904,-3.65398,-9.55285,-17.4084,-16.629,-15.2687,-14.7691,-20.7352,-22.6754,-22.5713,-23.7834,-29.2726,-27.9574,-27.2434,-26.8221,-26.7411,-28.8465,-30.2286,-30.4588,-30.2996,-28.9468,-30.5294,-30.1824,-29.4786,-30.5898,-28.4332,-28.5521,-28.3996,-23.6317,-24.2974,-27.8014,-31.3252,-30.5227,-30.8245,-29.7983,-27.787,-28.0513,-24.7691,-27.8137
12.1612,5.85705,-1.67895,-10.4871,-14.9293,-17.241,-17.9333,-17.9729,-23.6845,-23.6772,-24.6164,-24.8084,-28.2425,-28.2347,-28.3403,-27.9949,-27.8713,-29.7078,-32.5097,-34.168,-31.8847,-29.289,-31.4998,-31.603,-29.3326,-31.2598,-27.3877,-30.7605,-31.0979,-25.6154,-25.498,-29.239,-31.985,-32.9171,-33.1277,-30.6097,-29.5157,-29.9674,-25.6489,-29.6939
4.78647,0.992319,-6.57068,-15.9374,-18.7921,-20.8052,-23.5375,-27.5641,-29.9225,-29.2953,-32.1781,-31.7652,-33.2958,-35.0068,-34.4508,-34.4403,-34.2543,-34.6076,-38.9311,-39.721,-36.9621,-35.4721,-36.6128,-37.5922,-34.5022,-35.6611,-32.5246,-35.2135,-35.8822,-31.6104,-31.7233,-35.3568,-37.2138,-40.3221,-39.7281,-37.4688,-36.1479,-36.1814,-32.0505,-36.2934
10.0474,2.81465,-2.83306,-10.9991,-14.0943,-13.311,-17.1554,-25.71,-22.458,-22.9651,-28.1826,-30.737,-29.9571,-30.5001,-30.1681,-30.5944,-31.4365,-32.2582,-30.0159,-30.0345,-32.1094,-31.2481,-35.3154,-35.0677,-31.3401,-30.6225,-29.2943,-29.3315,-29.2691,-26.3688,-27.2514,-30.8082,-32.7515,-33.7444,-32.3509,-33.9149,-34.0125,-31.6926,-27.3641,-30.8901
13.9293,6.41165,1.01782,-9.00217,-11.5452,-13.3992,-13.3824,-18.8116,-18.4957,-20.5335,-23.1428,-25.5805,-23.7614,-25.1094,-25.4661,-27.9354,-28.4357,-26.4395,-27.2605,-27.9383,-29.697,-28.6848,-30.3103,-31.846,-30.1036,-28.9959,-26.8986,-27.91,-26.5515,-23.0056,-23.0302,-27.6277,-31.0124,-31.2563,-30.5107,-30.8185,-30.6968,-27.8621,-23.9592,-27.7088
13.6088,8.87885,0.293188,-6.39986,-9.52779,-12.9073,-15.8824,-16.7693,-15.0734,-21.102,-19.0756,-19.7316,-20.8505,-22.6274,-25.0594,-24.0856,-27.6008,-26.3027,-26.3444,-28.3728,-29.7577,-29.2811,-30.2203,-30.6234,-30.3915,-29.7051,-28.1315,-28.3051,-27.8444,-22.5675,-23.4296,-28.0381,-31.0467,-32.6717,-32.748,-30.7048,-30.6924,-28.5607,-24.9703,-28.7456
6.294,2.96158,-2.94953,-7.62535,-10.924,-13.4042,-16.9524,-19.1119,-19.1451,-23.2725,-21.2068,-21.4977,-22.9849,-24.6363,-26.0745,-26.1157,-28.6671,-29.3695,-28.9635,-30.426,-32.4394,-34.4969,-34.6924,-33.2164,-32.9701,-32.5195,-34.6346,-33.4946,-33.8078,-27.9868,-30.1044,-34.1553,-34.4982,-36.8076,-37.7093,-35.4381,-35.6752,-35.4384,-31.3429,-34.6242
7.53855,6.44934,3.14821,-4.55854,-9.34302,-10.7331,-13.4997,-16.3075,-19.9801,-18.4868,-20.6448,-22.5945,-21.4424,-21.9313,-22.2086,-25.0913,-24.6108,-26.8014,-28.4132,-26.7333,-29.1728,-31.2585,-29.3447,-28.1961,-29.5877,-28.908,-30.9498,-31.0925,-28.6094,-24.464,-25.592,-30.6694,-30.7965,-31.8864,-32.9386,-32.4672,-31.7045,-31.7292,-28.6001,-30.9113
11.689,7.29926,1.56796,-5.07404,-12.248,-12.0272,-15.4187,-16.8917,-20.3594,-19.6034,-21.1583,-25.4524,-23.9221,-22.8681,-24.7623,-27.1474,-26.2666,-27.0678,-30.2202,-28.0156,-30.0509,-30.7926,-27.4576,-26.2645,-28.5343,-28.7335,-27.6651,-28.7142,-26.2635,-20.3368,-22.3696,-28.7125,-30.0003,-29.7422,-30.1949,-30.6669,-27.8738,-28.5861,-25.177,-28.2405
11.5633,5.96477,-2.56111,-7.49422,-10.9407,-12.0045,-15.5704,-18.6403,-22.5834,-19.5325,-20.5287,-23.6951,-24.0697,-23.6145,-26.0454,-29.6532,-29.0641,-28.8612,-30.8131,-30.5915,-30.5678,-34.4231,-28.6942,-28.0193,-31.2516,-28.7731,-26.6295,-28.5635,-26.5123,-22.3316,-23.7269,-29.8739,-31.2616,-30.6691,-30.7795,-31.4233,-28.5098,-29.2188,-25.1425,-27.9864
4.17815,-0.614337,-6.89257,-13.7328,-14.2081,-16.0124,-18.0084,-21.2796,-24.8464,-23.0339,-23.0694,-25.1119,-26.4362,-26.8405,-28.8255,-30.8447,-31.5707,-34.1634,-34.0207,-33.8404,-33.6998,-38.3143,-34.7294,-34.95,-36.3269,-34.7121,-32.0484,-34.2573,-33.0779,-28.695,-29.1438,-35.0227,-36.1676,-36.5659,-36.2264,-37.0107,-35.3573,-34.9366,-30.5663,-33.4832
5.64845,0.655426,-3.61945,-11.3426,-12.1898,-12.2543,-12.7428,-16.0056,-19.5007,-24.6718,-26.5345,-25.3002,-24.7342,-24.3187,-28.0922,-27.1332,-26.5808,-29.5865,-29.2478,-26.9466,-28.6375,-31.2342,-31.2683,-32.0969,-30.3679,-31.7206,-30.6806,-30.2483,-29.8529,-23.2177,-25.4852,-32.5139,-32.458,-32.5442,-32.9373,-33.7944,-32.6984,-29.9295,-27.8387,-30.8359
9.75236,4.0157,-1.10319,-10.0084,-15.0738,-14.507,-14.4952,-18.0473,-20.3396,-21.8793,-22.5476,-24.5411,-25.1707,-25.5175,-30.1946,-29.1151,-26.9927,-27.8567,-27.5123,-26.3599,-27.9995,-27.217,-28.5371,-29.1518,-28.3881,-30.0068,-28.1843,-28.1161,-26.9709,-22.3927,-22.5199,-29.4263,-30.9275,-30.4813,-30.4347,-30.5006,-30.0059,-27.8945,-23.6185,-27.9437
4.08224,-2.21978,-3.3566,-13.1115,-16.0295,-13.4082,-14.4305,-21.7288,-22.9376,-20.0082,-24.5565,-26.8165,-26.5339,-28.1569,-32.3145,-30.9247,-28.8854,-30.4294,-30.3238,-31.5861,-30.4211,-28.82,-30.0509,-32.9226,-31.4907,-31.781,-28.5045,-30.3427,-27.9512,-24.6937,-23.2393,-30.4801,-32.7217,-32.4205,-31.2525,-31.5387,-31.1162,-29.6269,-24.1621,-28.7714
-9.32903,-11.5235,-10.596,-15.7542,-18.6225,-20.2367,-20.45,-24.9062,-26.3788,-24.5086,-31.8811,-34.7241,-32.9452,-36.4749,-36.9599,-36.0977,-34.3487,-36.2171,-37.4413,-37.643,-35.5384,-36.5457,-35.4242,-38.0215,-36.4896,-37.7588,-34.4019,-36.876,-34.4179,-31.9268,-29.5292,-35.7328,-37.6276,-38.6008,-37.5831,-37.726,-36.7333,-35.2906,-30.7594,-34.1735
-6.65958,-5.45777,-7.47552,-10.9669,-13.6295,-15.1569,-19.3209,-22.3654,-26.2226,-22.7228,-29.1561,-29.6544,-30.1138,-29.15,-26.4161,-28.646,-29.3892,-29.4567,-31.7409,-30.6024,-33.3156,-32.1141,-31.9544,-31.9374,-30.5377,-32.1369,-32.6102,-30.8527,-32.4752,-26.5383,-26.9097,-30.4657,-30.5663,-32.5801,-33.4013,-35.1272,-32.5184,-29.9514,-27.6677,-30.9683
-7.4791,-0.233841,-3.85043,-8.42536,-13.1674,-11.5869,-17.0993,-20.2022,-24.9252,-22.5755,-26.1957,-24.8382,-28.8184,-26.2989,-25.0545,-26.9266,-28.1464,-27.3204,-29.3272,-28.3468,-29.8976,-29.2008,-29.8752,-30.3084,-28.6887,-29.6485,-29.4192,-27.3439,-28.0605,-23.6553,-23.8644,-27.9544,-28.7133,-30.8083,-30.959,-31.6029,-29.6781,-27.5566,-25.1867,-28.5598
-12.0292,-3.03361,-3.94255,-5.51503,-16.4577,-13.6098,-16.5085,-22.1601,-25.7403,-22.7127,-23.706,-21.9939,-30.3242,-27.1216,-28.0527,-29.2794,-32.0974,-28.6389,-30.138,-30.4442,-31.8307,-31.3961,-32.4733,-31.7732,-29.2558,-31.0369,-30.5578,-29.6441,-28.9817,-25.7378,-25.5104,-28.3214,-31.3231,-31.7051,-31.9815,-31.6593,-29.8592,-28.7619,-25.4417,-28.7784
-17.8936,-11.0994,-9.49392,-11.7771,-21.7436,-19.3636,-20.1725,-25.4251,-31.7408,-27.9836,-29.6897,-27.5987,-35.6634,-33.9816,-34.1385,-35.3057,-38.7547,-34.5064,-36.4521,-38.2749,-38.3541,-37.3772,-38.7825,-36.2749,-36.1689,-35.8772,-35.7525,-36.7545,-34.9993,-32.2917,-32.0713,-34.6795,-38.6757,-36.9967,-37.7598,-38.2272,-36.301,-34.021,-30.9068,-34.1829
-0.178972,-0.927038,-11.2275,-16.5175,-14.5207,-16.4854,-16.6575,-22.1495,-24.4022,-25.687,-26.7549,-31.5135,-31.0201,-31.9992,-34.6365,-33.1412,-35.6318,-33.3425,-33.7527,-33.2711,-31.5607,-34.1719,-32.7969,-32.1563,-32.0705,-31.2347,-30.9068,-31.6847,-29.0741,-25.9048,-26.362,-30.1096,-32.6545,-31.4323,-32.8302,-33.3774,-32.3607,-28.428,-27.1121,-30.7032
8.47927,3.29351,-8.17426,-7.60631,-10.1192,-13.7756,-14.4506,-15.4296,-19.2321,-21.8313,-23.1655,-26.224,-25.7126,-27.0108,-28.6506,-28.3894,-29.3405,-30.196,-30.4113,-29.4681,-28.8313,-31.1654,-31.5248,-29.4083,-28.9618,-29.4488,-28.7505,-28.7618,-27.2771,-23.1958,-22.294,-27.7799,-30.1594,-29.4348,-30.0883,-29.8632,-29.0552,-26.9907,-24.7676,-28.6361
10.174,2.11883,-4.78152,-7.58784,-11.9953,-15.3127,-13.8368,-17.7588,-19.3548,-22.5349,-22.1267,-25.4925,-27.0389,-28.2333,-25.752,-28.5291,-27.4125,-30.2701,-30.0449,-30.8568,-30.5695,-30.962,-30.955,-28.6789,-30.739,-30.2619,-28.6647,-28.868,-27.0297,-24.8951,-23.2959,-29.1424,-30.6509,-31.8418,-31.4715,-30.14,-29.5901,-28.3892,-25.575,-30.7012
3.71811,-1.90472,-9.17385,-14.5957,-16.173,-18.5487,-17.9817,-24.6716,-23.2917,-25.9082,-26.0775,-28.6637,-29.2011,-33.1527,-30.3936,-32.5883,-31.2653,-33.8076,-33.7288,-35.0165,-36.7341,-34.8827,-34.866,-34.0142,-36.1276,-36.1258,-34.4491,-34.017,-32.5067,-31.6996,-30.4916,-35.2992,-36.319,-37.598,-37.6285,-36.07,-35.8638,-34.6654,-30.7202,-36.654
9.88394,4.48972,-8.94217,-10.4046,-13.2121,-15.0714,-13.4831,-16.635,-19.3591,-21.9533,-26.917,-25.1209,-23.7099,-27.7516,-29.3404,-28.2089,-27.4811,-31.5987,-32.7942,-29.3268,-31.3014,-31.4392,-31.0375,-29.7281,-31.8652,-30.5399,-30.9577,-30.7374,-30.8277,-24.4034,-23.2826,-29.4007,-33.9772,-34.2186,-33.0675,-33.3789,-32.7633,-29.9538,-25.3378,-31.6526
13.6439,6.83559,-6.86611,-6.6916,-12.0899,-12.6273,-12.8559,-14.8126,-16.2797,-19.3049,-23.2877,-24.3821,-24.6349,-27.2222,-26.2176,-27.3548,-26.91,-26.2512,-31.1053,-28.6421,-27.6792,-28.8015,-29.0514,-27.4133,-29.4374,-27.4823,-28.0847,-27.659,-26.864,-20.7925,-19.7978,-26.6764,-31.26,-30.9623,-30.4708,-29.6799,-29.3062,-27.0331,-23.1671,-28.1827
12.0335,6.67314,-2.70155,-6.42138,-7.68327,-9.04136,-12.1274,-15.0879,-14.2206,-17.042,-17.8148,-18.5395,-19.3558,-22.9026,-23.4694,-23.7665,-24.3579,-24.8711,-27.5683,-25.3971,-25.8656,-27.7293,-28.7875,-29.0943,-28.9778,-27.5242,-27.276,-27.8982,-27.2625,-23.1037,-22.8076,-27.2261,-29.4175,-29.6644,-30.8571,-29.9348,-31.0042,-29.0381,-25.1475,-28.8003
5.33107,2.74316,-3.80687,-7.94313,-9.36651,-11.5389,-13.8922,-16.5967,-16.2583,-17.6937,-18.2311,-19.1957,-20.2241,-23.0497,-24.1448,-25.067,-25.8231,-27.2232,-28.9749,-26.9199,-28.3376,-30.7592,-31.1051,-31.7246,-31.3912,-31.8371,-31.143,-32.7227,-32.627,-29.936,-29.3857,-31.7029,-32.7044,-33.9498,-35.4236,-34.3996,-35.6968,-34.7592,-32.4163,-35.5267
9.21211,5.32457,-1.77825,-5.1159,-10.0608,-13.8457,-13.1305,-15.4458,-15.5805,-15.8204,-16.7535,-18.0698,-19.0705,-20.7542,-21.2906,-24.5419,-23.3141,-23.5645,-26.8177,-26.1267,-28.207,-31.3297,-29.6002,-30.2056,-29.5126,-29.6164,-27.9202,-30.0075,-28.1239,-24.422,-24.8982,-29.9915,-31.4965,-32.9298,-32.3626,-29.7627,-29.2439,-29.7188,-27.8295,-32.9204
13.7652,6.55803,-0.706456,-6.24663,-14.3202,-15.5652,-14.286,-14.2373,-17.326,-19.0497,-19.8059,-21.7364,-22.5317,-24.4435,-23.38,-26.4689,-25.0968,-24.8971,-28.5192,-28.0839,-29.9145,-29.7199,-29.3426,-29.0233,-29.4739,-29.5482,-27.3076,-28.6269,-26.6534,-22.9883,-22.9768,-27.9345,-30.6244,-30.2451,-30.771,-28.3364,-27.2094,-28.2051,-25.4356,-29.0647
11.3456,5.07069,-9.87752,-8.78388,-13.533,-17.7421,-18.1126,-16.8566,-18.8931,-22.3087,-23.989,-24.0205,-26.1256,-26.2825,-26.1762,-28.1754,-27.4239,-25.9773,-30.4395,-29.3532,-30.7816,-30.5883,-31.6074,-30.505,-31.6496,-32.4101,-30.6396,-30.5592,-28.0144,-24.0385,-23.4364,-29.5843,-32.803,-31.0662,-31.9819,-30.9637,-29.6884,-29.2049,-26.6478,-30.1232
0.891478,-3.7898,-15.946,-13.7597,-16.4383,-21.7364,-26.7384,-24.465,-25.5717,-25.3059,-27.8107,-27.7302,-29.0034,-28.5029,-29.5735,-30.7312,-30.4691,-30.2269,-33.5859,-33.9563,-35.0136,-36.9296,-36.4702,-36.5308,-36.4725,-37.1686,-36.8988,-37.23,-32.7627,-29.557,-29.8014,-35.9278,-38.4706,-37.1613,-37.5738,-37.4812,-37.0729,-35.7291,-32.631,-36.4402
7.8142,4.07764,-7.4402,-7.07018,-16.3995,-15.5738,-17.5172,-18.0771,-22.1904,-21.1392,-22.8997,-24.864,-26.5102,-26.4594,-28.9279,-27.1386,-28.1486,-31.685,-29.8955,-29.521,-31.3866,-33.1708,-30.2024,-34.5728,-31.6204,-31.928,-31.5737,-31.6364,-29.3784,-27.7928,-27.4913,-30.571,-31.4381,-32.4934,-32.2629,-33.788,-31.9447,-31.7397,-29.3051,-32.5552
10.2455,6.73147,-5.12368,-4.19952,-12.8399,-13.5184,-15.453,-17.486,-19.6694,-21.2994,-23.4573,-25.3892,-27.6729,-27.812,-28.36,-26.6488,-25.0438,-29.5965,-28.0352,-27.1443,-30.6772,-30.0657,-29.2428,-31.4353,-29.8673,-29.6581,-29.1484,-29.7064,-27.8877,-24.1229,-23.1625,-28.1067,-30.0553,-31.0193,-29.5209,-30.2313,-29.0328,-27.3167,-25.2441,-28.6588
9.39778,7.17149,-3.87539,-7.25538,-11.6169,-12.8691,-14.3115,-15.3321,-17.944,-21.4515,-25.6975,-24.383,-26.7803,-26.5867,-26.105,-25.8343,-25.2711,-28.6486,-27.4612,-27.1441,-30.6028,-28.5588,-31.1181,-32.1457,-28.8628,-29.7523,-29.8426,-31.743,-28.6156,-22.9223,-22.9848,-29.3153,-31.8617,-30.7422,-29.8226,-30.2248,-29.7189,-27.3165,-25.5106,-29.1285
2.03426,0.402472,-7.47812,-13.3283,-15.2271,-18.0441,-18.3237,-18.9995,-22.0817,-24.3675,-26.9909,-25.9046,-27.9233,-28.4057,-27.9143,-28.6036,-29.2367,-32.2705,-31.8986,-30.8577,-33.7881,-32.341,-36.0833,-36.6221,-33.0765,-35.2883,-35.7605,-35.8932,-33.4726,-28.0355,-28.9755,-35.2862,-36.0053,-35.2829,-36.2986,-35.9618,-35.1082,-33.7017,-31.6146,-35.8831
6.44649,-2.06771,-9.97274,-7.98709,-13.5287,-17.3398,-19.8307,-17.2135,-21.2127,-22.7133,-24.082,-23.4387,-22.8014,-25.3208,-25.0037,-25.8281,-26.2721,-26.6479,-30.8531,-27.4439,-29.131,-31.1182,-30.9493,-33.3296,-32.8816,-32.4631,-31.4669,-30.683,-29.5673,-25.2623,-25.7343,-30.98,-31.6068,-32.0741,-33.3751,-31.1649,-31.643,-31.2228,-27.4828,-31.4241
8.56008,-4.5025,-10.7461,-5.08135,-12.0565,-17.5375,-16.6755,-15.6996,-17.6893,-19.9697,-23.8558,-23.7029,-24.384,-26.5391,-24.6675,-25.375,-26.068,-26.7344,-30.799,-28.6372,-27.4938,-29.9086,-30.4577,-30.6636,-29.2676,-28.305,-28.5073,-27.813,-26.6079,-23.1859,-23.1905,-28.6458,-29.5681,-30.5958,-31.147,-28.7001,-28.6936,-27.4139,-24.0878,-28.678
6.53964,-2.93364,-10.4937,-8.50702,-11.7216,-16.7294,-18.6071,-17.0384,-17.514,-20.492,-25.4075,-27.007,-29.4878,-27.409,-28.0862,-29.0045,-28.3517,-30.61,-33.7537,-32.7312,-30.9002,-31.1764,-31.965,-31.7977,-27.5258,-28.4422,-28.6537,-29.1647,-27.662,-24.8522,-24.1648,-29.9652,-31.6791,-31.219,-32.2515,-29.6676,-29.4504,-28.913,-25.7718,-29.6033
-1.30045,-6.77196,-13.7576,-19.3572,-17.6884,-20.6455,-24.5561,-26.085,-24.2413,-28.0235,-30.1011,-32.6126,-33.2851,-32.5423,-34.7973,-35.5077,-35.7357,-38.235,-40.274,-40.3732,-40.6585,-35.9334,-35.8739,-37.5308,-33.5939,-34.9848,-34.2234,-34.6805,-33.588,-30.9715,-29.8755,-35.55,-38.7674,-36.6777,-38.542,-36.7878,-35.522,-35.6338,-33.1864,-35.2922
3.06033,-4.78898,-13.4391,-17.658,-14.2483,-13.6351,-17.6034,-21.2249,-20.7043,-23.4414,-22.9002,-26.3394,-28.5481,-26.4859,-28.9415,-32.2921,-34.0653,-31.7886,-32.0379,-33.8994,-36.1219,-32.3818,-31.7426,-31.0835,-33.2472,-30.7703,-31.7543,-31.965,-30.128,-26.0187,-27.1196,-31.1062,-35.3688,-36.4235,-35.1436,-34.6661,-31.8647,-30.1708,-27.4664,-30.847
3.71113,-2.64739,-7.3721,-15.1575,-12.5609,-12.0717,-14.9122,-17.6162,-17.3344,-20.3918,-21.5466,-23.9125,-27.7714,-24.5116,-27.0415,-27.8588,-29.6773,-28.4282,-29.4059,-29.8299,-31.5672,-29.8284,-30.1164,-29.0099,-28.4714,-29.6418,-29.6518,-28.9645,-28.2351,-23.8193,-24.0328,-28.0832,-31.2792,-32.3134,-31.1964,-30.3094,-28.8091,-26.6275,-23.9445,-27.9434
7.4552,3.73667,-4.17873,-9.80264,-10.7739,-10.7738,-15.8799,-17.804,-19.1669,-23.2466,-23.0901,-24.0631,-26.3771,-26.6794,-24.6544,-26.9684,-26.9952,-30.448,-29.6815,-29.2323,-32.3911,-33.1353,-33.2515,-28.4013,-28.1673,-30.9279,-31.2542,-31.8593,-28.7975,-24.8967,-25.2722,-29.4807,-31.4935,-31.8969,-31.7828,-31.8183,-29.8407,-27.6482,-25.2089,-30.0321
4.62007,1.03875,-7.23996,-11.4278,-12.5535,-13.8181,-20.1945,-20.6136,-23.6462,-28.3984,-26.7222,-27.7893,-29.2363,-29.8845,-27.9861,-30.3175,-30.3791,-33.8021,-33.504,-34.3246,-38.0512,-39.5863,-38.4791,-33.3377,-34.3517,-35.5049,-35.7442,-38.0188,-34.2457,-30.799,-31.8064,-35.8062,-37.9541,-38.5494,-38.5158,-39.0051,-36.1203,-34.263,-32.0003,-36.5634
14.4015,6.81162,-6.71304,-8.81077,-13.3525,-11.4149,-19.2667,-18.8512,-19.7144,-21.8229,-26.269,-29.1651,-27.1899,-26.289,-28.6585,-27.4861,-28.5528,-29.2881,-32.3281,-29.8061,-31.8585,-33.2504,-32.2604,-30.1396,-29.7698,-31.3354,-31.8757,-31.8441,-30.3429,-26.3746,-25.2234,-28.9898,-32.4402,-34.1839,-32.6193,-32.1401,-30.2239,-29.394,-28.5287,-30.8897
18.2768,10.5509,-1.91344,-9.78067,-15.0763,-13.051,-17.6642,-15.9968,-19.549,-22.2616,-28.124,-29.1725,-26.1012,-25.6821,-27.0794,-27.0576,-27.1036,-27.5252,-28.2649,-25.2872,-27.6537,-30.5994,-28.6861,-28.8333,-28.1308,-29.4859,-29.3031,-28.8398,-26.5121,-24.1021,-23.5989,-26.5957,-29.4163,-30.5608,-30.1678,-30.0832,-28.1349,-27.1321,-25.9747,-28.9459
15.1231,9.28735,-3.49229,-11.9834,-12.4242,-18.696,-16.0902,-15.4005,-19.699,-24.4808,-27.5353,-26.4926,-25.3521,-27.6788,-27.6509,-26.772,-29.9513,-26.3481,-27.7015,-26.5845,-27.764,-30.6758,-28.9552,-32.7963,-31.0976,-30.3365,-29.1376,-29.2687,-28.2141,-25.68,-25.4784,-29.4133,-30.6685,-31.5976,-32.0008,-30.4217,-30.2534,-28.0907,-26.5463,-30.2846
4.3366,0.076368,-8.43254,-14.383,-15.3365,-18.3579,-18.921,-19.7066,-22.5758,-23.0705,-25.835,-27.6216,-27.2862,-29.4744,-31.7147,-31.6428,-33.7701,-30.4169,-30.9896,-31.9465,-31.9889,-34.9414,-35.1974,-38.921,-35.1599,-34.568,-35.2773,-35.6278,-34.6535,-32.8746,-31.0189,-35.6719,-36.4962,-36.4316,-36.7841,-35.4301,-36.3316,-34.5031,-32.5502,-36.5434
3.34591,2.11276,-6.37907,-16.5551,-16.9395,-11.108,-15.8771,-12.534,-16.9726,-17.1007,-21.485,-26.2095,-24.5112,-26.1206,-29.3769,-29.6893,-28.7875,-31.0468,-29.9056,-30.8095,-28.1652,-30.7844,-31.6871,-33.6267,-32.2516,-30.9358,-31.748,-32.9982,-29.961,-27.4278,-24.8281,-29.0212,-32.5753,-32.106,-32.2442,-31.8303,-30.9131,-30.5744,-26.9086,-30.7412
7.69147,2.96505,-7.35686,-13.6032,-18.94,-12.2837,-17.1789,-11.1022,-16.2533,-18.3251,-23.4574,-26.6857,-25.865,-25.8244,-26.1678,-26.4743,-29.812,-29.6225,-29.2981,-30.1373,-29.5521,-29.5959,-30.1736,-30.423,-29.8552,-29.705,-28.7889,-29.0334,-27.1847,-24.5426,-22.2232,-27.0686,-30.3702,-29.3059,-30.3761,-30.2502,-29.0028,-28.3071,-24.0321,-27.8307
8.3732,5.56978,-1.42455,-6.33342,-13.204,-12.23,-15.9714,-13.5962,-17.9795,-18.9667,-19.8949,-24.4336,-25.1831,-24.5176,-26.7422,-27.0825,-29.3349,-29.3105,-32.1404,-30.987,-31.5202,-30.6717,-30.241,-31.2303,-29.9843,-31.2279,-29.436,-29.835,-28.0152,-26.4904,-24.7348,-28.1173,-32.1111,-30.1793,-31.0528,-31.3128,-30.6501,-29.4152,-25.4106,-29.0414
4.12844,2.44908,-2.07947,-7.93481,-13.1005,-14.8012,-17.4409,-18.6089,-22.5187,-22.8329,-22.6904,-26.3289,-28.0462,-27.027,-29.686,-30.4183,-30.6116,-30.1718,-32.6427,-34.5373,-33.9426,-33.9811,-33.4669,-35.4797,-35.1903,-35.9382,-33.8707,-34.151,-34.2705,-32.412,-30.5441,-32.7191,-37.2358,-35.9638,-35.8398,-35.882,-36.6348,-34.5103,-31.3433,-35.1599
12.7878,7.89851,1.17066,-7.70245,-10.6347,-14.8283,-17.3499,-21.5612,-23.6225,-23.159,-23.4231,-22.3702,-25.6299,-24.6253,-25.627,-26.4483,-27.5567,-26.0025,-27.3339,-30.2647,-29.5785,-30.2964,-30.216,-31.4736,-29.9405,-30.5174,-31.9547,-29.246,-29.7941,-27.1747,-27.9676,-29.4725,-31.9914,-32.4903,-32.7671,-33.0885,-31.4665,-29.9757,-26.4141,-30.8907
13.7975,7.12249,-0.770109,-8.8805,-9.5283,-14.3097,-15.0069,-20.6342,-27.016,-23.0152,-24.6916,-24.0996,-26.4303,-23.4382,-25.762,-27.0611,-28.0153,-26.2047,-27.8642,-28.1298,-28.4129,-30.6275,-29.8186,-29.5726,-28.2004,-29.5143,-29.0397,-26.8254,-26.2502,-24.7742,-24.6798,-27.8382,-29.7003,-29.9051,-30.1552,-29.9574,-29.359,-27.698,-24.3786,-27.832
7.77012,1.89278,-3.98241,-8.76962,-9.51442,-15.7185,-12.4782,-16.4979,-26.9913,-23.5436,-25.8582,-29.6884,-26.234,-22.972,-26.4597,-31.0754,-29.4985,-29.0042,-29.0952,-29.752,-31.789,-31.6175,-32.1714,-29.7814,-28.7328,-31.0017,-30.5565,-29.7749,-28.3352,-26.4952,-26.3562,-29.4195,-31.9181,-32.012,-31.1501,-31.8278,-31.8479,-28.2289,-25.9465,-29.7053
-4.66878,-4.90635,-9.24456,-13.4492,-16.4215,-22.7272,-19.5789,-20.7198,-28.4815,-28.7072,-30.8597,-35.5639,-30.6639,-28.3875,-31.7837,-36.1092,-34.3749,-35.4721,-34.8744,-36.6433,-37.3375,-38.2318,-37.8442,-36.0374,-34.5583,-37.0873,-36.277,-34.9575,-34.8831,-33.5682,-33.2297,-35.8837,-38.9631,-38.5287,-37.7996,-39.0965,-37.7233,-34.4921,-32.3374,-35.302
5.57632,3.5999,-6.68664,-12.9987,-19.8713,-18.7226,-16.3046,-16.1365,-21.5852,-23.0811,-25.4023,-29.2027,-27.0447,-29.5818,-30.8996,-31.1077,-30.799,-30.311,-31.0788,-32.2749,-31.2197,-32.63,-31.0663,-33.7482,-32.0379,-31.3953,-30.1612,-29.4897,-29.5467,-26.4351,-26.1867,-32.7064,-34.6013,-32.7042,-32.185,-33.0273,-30.6637,-30.2029,-26.2764,-29.241
11.6147,5.8753,-7.17632,-8.48345,-18.6035,-17.0048,-15.5177,-15.5348,-18.3591,-21.8189,-22.6483,-27.0135,-25.4714,-25.7391,-26.6777,-28.001,-29.1077,-26.9149,-28.5296,-29.8021,-28.9413,-29.4942,-29.0044,-30.0514,-28.7926,-27.9291,-26.7226,-28.7157,-26.9135,-22.7307,-23.1247,-28.1302,-30.5373,-30.002,-30.2074,-30.4513,-28.3219,-26.8753,-23.2921,-27.0012
10.7253,5.79859,-7.78257,-9.65955,-16.8626,-12.7223,-15.6386,-15.4272,-18.7677,-24.3864,-25.3012,-26.6427,-24.2203,-26.0713,-27.3596,-29.9299,-28.5584,-27.365,-28.1621,-30.6735,-32.7671,-31.9404,-31.6062,-30.1106,-29.1962,-29.1345,-28.0374,-29.5079,-27.7885,-24.0922,-23.7364,-28.568,-31.9111,-32.134,-31.5207,-30.9169,-29.3264,-28.3349,-24.8489,-29.0568
1.63259,-1.07466,-11.2483,-14.8604,-17.5139,-16.1559,-19.211,-19.5492,-22.2976,-27.0728,-29.6221,-29.0205,-28.4809,-30.5441,-30.9417,-32.9063,-31.8732,-32.8789,-33.4435,-34.5871,-36.0924,-38.0859,-37.6351,-35.4062,-34.8149,-35.587,-33.5978,-33.5316,-34.1181,-31.1081,-29.8579,-35.2341,-37.8936,-40.2081,-37.3776,-36.2607,-35.9185,-35.44,-31.5746,-34.969
0.84511,-5.13276,-9.4644,-16.2142,-13.2954,-13.9548,-13.6994,-18.9517,-20.0681,-21.0823,-26.0411,-24.934,-26.8863,-26.6094,-24.8205,-28.9423,-30.4452,-30.5991,-29.8283,-30.4105,-29.9114,-31.6072,-32.6066,-30.4783,-31.1508,-32.0618,-30.7312,-29.8098,-29.5714,-25.3621,-26.1458,-32.5984,-32.4847,-33.3861,-33.2077,-33.3728,-32.7835,-30.5739,-28.2193,-33.0172
6.7511,-0.839268,-8.90824,-10.7467,-11.5244,-12.199,-12.1688,-15.3586,-19.432,-21.2526,-23.8537,-25.0686,-24.7174,-24.999,-24.1688,-29.4039,-28.0048,-29.2821,-27.8805,-29.3293,-29.2553,-29.6347,-29.0152,-28.3225,-29.0576,-29.6682,-29.2325,-28.9458,-27.5439,-22.0451,-22.558,-29.7673,-30.9276,-30.0243,-29.9109,-31.0954,-29.1986,-27.3248,-23.9911,-28.4772
4.45805,-4.0839,-9.19457,-7.32717,-10.6569,-19.333,-17.7987,-18.4698,-22.4926,-24.5939,-24.5576,-26.3211,-29.3992,-26.9475,-26.729,-31.4777,-31.4962,-32.2154,-30.1396,-30.2545,-31.3034,-30.6573,-28.2121,-29.4313,-30.6507,-32.1944,-31.2253,-30.1609,-29.1363,-23.2334,-22.9216,-31.1522,-32.4348,-31.677,-31.702,-31.8067,-30.1134,-28.3689,-24.208,-27.5563
-8.05123,-13.217,-13.5152,-12.4325,-16.0952,-24.7009,-25.5536,-26.7402,-28.5792,-32.814,-32.1465,-31.8604,-34.6883,-33.2857,-35.0652,-39.1771,-41.3174,-39.9305,-37.3259,-37.2225,-38.9399,-38.0342,-33.234,-35.5925,-37.1602,-38.9193,-37.3813,-36.1718,-35.1118,-30.4225,-29.1101,-37.1924,-38.5718,-39.413,-39.5741,-38.3537,-36.5802,-35.6722,-31.1641,-33.2377
-1.58145,-2.80601,-12.6095,-10.2141,-13.0442,-16.6127,-21.359,-20.073,-21.0604,-22.8895,-27.417,-28.7736,-26.9983,-26.469,-28.193,-33.7313,-35.1656,-34.3566,-31.698,-32.6691,-31.4017,-33.7645,-31.8851,-33.6238,-32.8514,-32.6014,-31.5894,-29.8915,-30.1939,-26.8614,-27.0958,-30.7236,-33.4371,-34.7761,-33.7408,-33.7396,-30.4327,-29.4532,-27.5631,-31.695
8.40987,3.9556,-10.3974,-8.7848,-11.8533,-15.1303,-17.0439,-13.715,-18.663,-17.5232,-25.2106,-25.4884,-22.483,-23.6266,-25.661,-28.1995,-27.4468,-28.9829,-28.7338,-28.9215,-28.9041,-30.2648,-29.6241,-31.0602,-31.0149,-29.8199,-28.9774,-27.8685,-27.1145,-23.0398,-23.4176,-28.5418,-30.5595,-31.3491,-30.4993,-29.5723,-27.4598,-26.8598,-24.3385,-29.5372
8.05676,3.01303,-10.521,-7.03336,-10.0952,-14.0017,-17.3626,-16.0505,-17.8401,-18.0864,-24.768,-22.7584,-21.8727,-25.6905,-26.755,-27.2544,-26.8555,-29.0792,-30.0251,-30.3985,-29.8458,-30.2964,-31.8934,-31.7736,-32.1015,-31.8344,-31.6659,-29.8411,-26.1544,-23.7859,-24.2031,-29.7544,-30.9991,-31.0974,-30.8761,-30.4997,-29.0845,-28.367,-25.9091,-31.0732
-0.822799,-4.02815,-12.0167,-10.4702,-12.2929,-16.3642,-20.0373,-22.9412,-21.8016,-23.6938,-26.413,-25.279,-26.1318,-29.7104,-30.3248,-33.177,-32.4022,-33.6218,-33.2314,-35.3085,-34.724,-33.0499,-35.9004,-35.3805,-35.8759,-35.9055,-38.2151,-35.8284,-31.6754,-30.3583,-30.5748,-35.9971,-36.731,-36.9104,-36.4834,-38.1264,-36.1876,-35.4341,-32.2758,-36.5452
7.21619,3.22792,-9.78854,-9.62874,-12.5779,-15.0393,-14.6892,-17.171,-23.2569,-22.1614,-23.2168,-25.2269,-27.916,-25.7666,-25.0393,-28.8538,-29.5824,-29.0734,-30.5104,-33.7285,-33.6705,-29.3846,-31.2473,-31.1953,-30.5815,-31.3567,-32.8932,-32.952,-31.1377,-27.2567,-25.6453,-32.0959,-33.0001,-33.4131,-32.5018,-33.779,-31.5307,-29.8269,-26.6069,-30.0265
10.9412,5.76882,-6.78835,-10.2141,-15.4992,-14.7803,-12.154,-16.0165,-21.2896,-22.8775,-20.8322,-24.9119,-27.4607,-24.8696,-26.3883,-27.979,-26.6507,-27.1757,-28.9276,-31.657,-31.4495,-28.3432,-28.434,-29.4831,-28.9424,-30.7541,-30.6761,-29.8061,-26.1188,-22.2256,-22.3508,-27.7423,-29.8753,-30.5901,-29.9709,-30.6612,-29.4135,-27.4191,-23.5617,-27.4515
8.72729,4.38502,-6.48657,-5.69364,-10.2326,-16.4842,-15.2283,-16.8367,-19.4904,-23.0037,-21.6641,-24.2013,-24.873,-23.1616,-23.3884,-28.292,-29.2013,-27.5884,-28.388,-28.9161,-29.3413,-28.2141,-29.4674,-30.6507,-30.5467,-31.7428,-32.2316,-30.8252,-25.9429,-22.2079,-21.944,-26.9783,-29.5848,-31.4091,-31.5607,-31.1777,-30.0409,-28.3144,-24.4422,-29.6124
-0.21905,-2.00817,-8.30061,-8.93993,-11.3819,-17.7178,-22.0229,-20.5341,-21.0718,-24.3414,-24.1219,-25.5788,-26.6046,-25.3065,-25.3789,-29.0163,-32.3021,-31.5793,-30.9199,-32.616,-33.1812,-32.3805,-34.5101,-36.8099,-36.1599,-36.6646,-36.5154,-36.0526,-32.6015,-28.1324,-27.3297,-31.4014,-34.0769,-36.3286,-36.9941,-35.4795,-34.6116,-33.3252,-30.0646,-35.954
6.48586,4.7111,-2.68382,-8.30398,-8.67949,-12.4622,-19.1828,-16.6596,-16.5462,-21.2712,-21.7029,-22.5372,-23.8489,-24.0371,-26.1943,-25.1146,-26.6314,-29.1421,-27.6762,-31.4498,-31.7646,-31.5527,-30.3654,-32.2903,-32.4883,-32.2315,-29.9368,-29.6199,-30.284,-25.3896,-25.0479,-28.4394,-30.8901,-32.5359,-32.5574,-31.5606,-30.3529,-29.8499,-26.2564,-29.7807
8.12848,6.18299,-1.92815,-8.96993,-11.5136,-13.7113,-15.6277,-13.3393,-16.0312,-20.5389,-25.1949,-24.9587,-23.1219,-24.9635,-25.5846,-26.3701,-26.6026,-28.0983,-27.1443,-28.7992,-29.2377,-29.9255,-29.2338,-31.3808,-31.3022,-30.5813,-28.6646,-27.7719,-27.7097,-23.5046,-24.394,-27.4575,-27.423,-29.6404,-29.7972,-29.9647,-28.6114,-27.4403,-24.189,-27.9897
2.47681,3.19508,-6.14184,-12.3293,-14.8854,-18.0717,-18.1757,-17.1921,-20.2107,-25.1787,-29.5451,-27.1094,-23.9253,-27.8632,-26.8489,-28.4353,-28.6189,-27.5039,-29.8707,-31.9634,-31.3046,-31.7494,-33.1221,-33.554,-31.4066,-32.0837,-30.1449,-28.5775,-28.0889,-24.1234,-25.8484,-29.5274,-29.6326,-30.5982,-30.6933,-31.1295,-30.1876,-29.8255,-25.406,-30.2046
-9.16982,-8.11255,-13.688,-17.0507,-19.4995,-26.2113,-25.1216,-24.2352,-28.1374,-30.7981,-33.1797,-31.8024,-30.5671,-33.1424,-33.8179,-36.445,-33.4192,-31.8036,-36.4496,-38.128,-38.6435,-39.7937,-39.9302,-38.5592,-36.0113,-38.1222,-36.0329,-34.6197,-33.9518,-29.6551,-31.8809,-35.1538,-36.8676,-37.27,-38.1255,-37.3657,-37.783,-36.0188,-31.2414,-35.9042
2.53594,-0.386583,-13.0164,-13.4656,-15.8993,-22.3512,-14.0328,-19.929,-27.3831,-22.1547,-24.9578,-30.0009,-30.6744,-28.4179,-30.0349,-30.2714,-28.6435,-29.931,-33.2359,-30.6318,-32.507,-33.9365,-32.74,-32.0045,-30.1845,-32.5942,-31.9761,-32.909,-30.2756,-25.3654,-25.5415,-30.6339,-31.6658,-31.754,-32.9948,-32.2063,-32.7117,-29.5733,-26.1682,-30.5616
4.15506,2.36897,-3.34944,-10.2283,-14.6454,-15.6917,-12.7507,-16.0259,-19.2943,-20.3922,-21.9843,-23.6769,-25.3616,-26.0464,-28.7983,-28.516,-26.7216,-28.2813,-29.7722,-27.2962,-30.0664,-30.985,-29.4432,-29.9183,-27.8227,-29.6495,-29.7002,-27.7803,-26.3325,-22.4044,-22.3951,-29.2639,-30.0178,-29.6636,-29.5779,-29.4755,-28.1351,-26.7603,-23.9903,-27.4464
2.95413,0.192852,-0.599788,-7.63251,-14.1199,-14.2624,-19.4922,-17.7642,-18.4206,-23.7407,-24.4576,-24.7976,-25.9599,-30.342,-32.9387,-30.3438,-29.1175,-29.3921,-31.241,-28.8158,-30.8085,-33.8794,-33.4436,-31.829,-29.6772,-31.4474,-29.7974,-28.1065,-27.7448,-25.4338,-23.6351,-29.3956,-30.9119,-32.2649,-31.393,-31.2051,-28.4655,-28.2137,-26.1096,-27.8661
-1.72554,-4.25619,-6.18496,-11.0883,-16.3324,-17.7384,-21.957,-23.8876,-24.448,-31.4957,-33.5706,-34.6287,-32.3115,-34.998,-35.21,-35.3368,-36.2613,-38.0043,-37.2396,-34.2016,-36.3569,-39.8445,-40.4841,-37.8032,-37.1628,-38.8239,-35.0205,-34.1992,-32.7371,-33.8418,-29.9812,-34.4226,-36.3988,-39.4589,-37.957,-37.8703,-34.8658,-34.5022,-32.7975,-34.2857
5.08218,-1.65804,-2.00729,-9.78361,-10.4022,-12.0121,-13.4758,-18.9974,-16.474,-22.8087,-23.1329,-26.9303,-27.7378,-27.6416,-29.3703,-30.7089,-31.4795,-32.9866,-28.906,-26.7073,-30.9221,-30.5807,-32.1659,-33.0163,-31.1025,-30.8827,-32.5932,-31.7977,-28.3918,-26.5965,-24.5413,-31.2899,-33.5268,-34.5438,-31.4974,-33.7525,-32.1667,-29.4357,-27.8009,-32.0813
13.0699,7.69933,0.335377,-6.2859,-7.46301,-9.53828,-11.235,-16.3262,-13.4627,-19.8381,-18.7917,-23.7048,-24.9234,-26.001,-28.0847,-27.2565,-27.8709,-28.2732,-25.6291,-25.66,-29.2968,-28.5715,-29.258,-31.3823,-27.8953,-27.4745,-29.3846,-28.4045,-26.7205,-22.8755,-22.4763,-28.3521,-30.3974,-30.6998,-29.4716,-30.8541,-28.9328,-27.5123,-25.0776,-30.0385
14.0197,10.1081,-2.21398,-5.083,-5.55442,-9.44707,-10.7615,-15.9184,-16.3141,-22.0063,-18.7525,-23.83,-23.0592,-23.5134,-23.9225,-25.4031,-26.7259,-25.1296,-24.8328,-26.9178,-29.213,-27.8265,-29.1533,-29.6389,-28.4406,-29.5471,-29.5439,-28.272,-27.3898,-24.3065,-24.2865,-29.3156,-30.9524,-31.5726,-32.0443,-31.2695,-29.4132,-28.7825,-27.4267,-31.1262
6.54108,3.24248,-4.40837,-7.1207,-8.73031,-12.1298,-13.968,-17.5998,-19.2958,-20.6517,-20.8893,-23.7427,-23.7147,-23.8316,-25.1905,-28.2314,-28.8293,-26.8732,-27.6921,-28.9721,-30.8005,-29.9368,-31.0522,-32.0892,-32.5843,-33.8644,-34.5205,-33.539,-33.9391,-30.4886,-29.0062,-34.2099,-35.1595,-36.8744,-38.1428,-35.7681,-34.2013,-34.2941,-33.9539,-35.1765
5.72374,4.28339,-0.889658,-2.95224,-8.14393,-9.29394,-12.1085,-16.5967,-18.9671,-14.694,-18.5497,-20.2283,-21.5448,-21.1412,-23.2937,-27.1677,-25.5376,-25.8157,-25.5366,-26.1132,-28.5888,-28.5254,-26.7742,-30.0399,-30.36,-30.9107,-31.6661,-30.3406,-30.0885,-25.4281,-26.114,-30.5202,-30.8519,-32.6067,-32.8939,-31.1573,-31.6762,-30.8964,-26.9767,-29.5843
11.0921,5.0953,-2.9163,-2.83177,-8.95289,-11.9747,-15.3183,-15.6104,-17.7858,-17.6345,-21.3431,-21.7598,-24.7213,-23.8919,-25.0617,-27.8029,-26.9362,-28.1862,-27.1249,-26.6363,-28.9355,-27.8808,-27.0445,-28.9741,-28.8643,-29.3521,-29.8628,-29.3746,-27.5119,-22.725,-23.9375,-28.7539,-30.2883,-30.7668,-30.5475,-29.2197,-29.1143,-28.5695,-24.2744,-27.4998
12.1014,8.47283,-0.438531,-3.94812,-6.87673,-9.6424,-12.9446,-10.7829,-13.0766,-19.3178,-19.4724,-20.5343,-20.8013,-20.403,-21.4889,-24.1114,-24.129,-25.6119,-26.3496,-26.647,-26.1534,-27.7644,-27.2012,-26.267,-29.7491,-28.1592,-28.7928,-29.6423,-27.4498,-25.0018,-24.4491,-29.4525,-31.5646,-31.0174,-30.0766,-30.5246,-30.7605,-29.3713,-24.836,-28.1672
6.53943,4.14027,-2.36059,-7.85984,-10.1596,-11.8024,-14.1727,-13.3519,-15.0541,-18.8708,-20.0952,-21.3848,-21.637,-21.8312,-22.7797,-24.9476,-25.74,-27.1356,-27.7857,-28.7786,-28.0541,-30.0245,-29.7281,-28.898,-32.9051,-31.317,-31.6582,-33.6762,-32.4349,-30.3894,-30.0225,-34.0254,-35.3194,-34.8636,-34.7775,-35.7184,-35.6542,-35.0368,-30.3787,-33.9343
12.2753,7.6524,-5.04449,-5.43666,-11.9891,-13.0511,-16.3404,-15.9927,-14.6322,-15.5253,-18.8282,-20.4285,-20.5844,-23.0087,-22.3436,-23.8267,-25.287,-25.8462,-26.2295,-27.3712,-27.5404,-29.0995,-29.7807,-31.5958,-31.5564,-30.895,-28.4971,-31.1117,-31.201,-26.3588,-27.2759,-30.7607,-33.3541,-32.2706,-31.7612,-30.7645,-30.536,-30.7694,-25.8904,-30.9658
15.1396,8.5728,-6.29472,-7.56672,-16.0274,-11.9026,-15.0725,-19.7904,-18.2707,-18.2663,-22.1977,-23.5322,-23.3945,-26.2934,-25.2133,-26.8632,-27.1891,-26.9439,-27.5206,-25.8904,-28.6188,-28.9957,-28.9641,-30.7601,-29.5023,-28.8648,-27.3196,-28.5029,-27.455,-22.8835,-24.3146,-30.4082,-31.4461,-30.4167,-30.3943,-29.6741,-30.1455,-28.4452,-24.2724,-29.4651
11.2336,3.32299,-10.3542,-12.5319,-14.2651,-13.4603,-16.6737,-25.5608,-26.4877,-25.0119,-25.8722,-26.1612,-30.0058,-27.8903,-28.6915,-28.5726,-28.9497,-30.835,-27.8821,-26.8427,-32.8074,-31.5942,-30.7033,-32.4592,-30.9401,-30.936,-30.5325,-29.5621,-28.0635,-25.0039,-25.8524,-33.0105,-31.7064,-31.8181,-32.0417,-32.4437,-32.2292,-29.9628,-25.4958,-29.9495
0.846108,-6.05048,-15.287,-18.1849,-17.8728,-20.7572,-25.5755,-30.2645,-32.0205,-30.1471,-27.7009,-31.6443,-36.3471,-33.4934,-34.9807,-33.4911,-33.421,-37.272,-31.8726,-34.1423,-40.6131,-37.4501,-37.1618,-41.3705,-37.8334,-39.0543,-38.8211,-36.8328,-34.4721,-32.5356,-32.2451,-39.372,-38.277,-37.703,-37.444,-38.9605,-38.4564,-35.8088,-31.7606,-34.7825
10.9724,5.03772,-9.90429,-11.3594,-14.2732,-13.9458,-18.5431,-22.7327,-23.8362,-23.2267,-20.9733,-26.2826,-29.9629,-28.4194,-29.1719,-29.2494,-30.5078,-32.0216,-29.1104,-31.0322,-36.0933,-33.2612,-32.6856,-34.0774,-33.2015,-33.9285,-33.8631,-30.7909,-29.0779,-27.527,-27.2475,-31.1128,-32.5548,-33.3661,-34.0945,-33.3942,-33.1226,-29.5282,-27.6579,-30.3934
14.9541,7.62662,-5.13618,-9.66884,-13.6727,-13.6133,-16.007,-20.4699,-21.8898,-24.1236,-21.8503,-25.4617,-25.0944,-27.6225,-26.4008,-27.0308,-28.173,-29.4067,-28.5695,-28.9107,-31.6246,-30.2028,-30.3103,-31.2522,-30.1556,-29.4708,-28.9609,-28.4799,-26.4008,-23.5282,-23.2998,-29.4297,-30.8433,-30.241,-30.1657,-30.4613,-28.7496,-27.9873,-24.1458,-27.986
12.5301,6.38871,-2.5787,-9.58109,-9.56933,-10.7777,-12.6047,-17.1971,-16.6139,-21.214,-19.1067,-20.6486,-20.131,-23.1208,-23.5444,-25.3092,-25.9202,-27.909,-27.3839,-28.053,-28.4451,-28.7091,-30.078,-30.5982,-29.4326,-28.2195,-28.5688,-28.9539,-28.264,-23.2931,-23.7514,-31.4159,-32.428,-30.7304,-30.9068,-31.292,-29.2745,-28.9358,-25.9365,-28.6563
4.74502,1.70965,-4.62427,-9.43956,-11.4628,-13.1199,-15.536,-17.0291,-16.9621,-20.7404,-19.9262,-21.1241,-21.85,-23.6335,-25.9865,-26.9679,-27.8357,-28.6138,-28.4441,-29.4084,-30.2276,-30.6068,-32.8848,-33.0121,-32.2374,-32.7233,-34.6131,-33.83,-33.9845,-29.8928,-30.251,-36.7485,-38.8101,-36.8711,-36.8593,-36.4388,-35.2589,-34.2287,-32.4471,-34.8237
7.57929,0.810362,-2.91183,-4.4225,-11.8955,-11.7301,-14.6424,-13.3822,-14.1948,-18.1096,-17.9385,-19.5104,-21.508,-21.3774,-27.9527,-26.2156,-26.9409,-24.7315,-25.6305,-26.253,-27.9733,-27.3539,-30.6317,-29.8469,-30.2299,-30.7252,-30.0605,-29.2903,-28.4462,-26.9381,-26.0143,-31.5939,-33.9198,-33.6182,-32.1894,-31.7258,-30.9195,-31.0036,-27.0935,-31.2229
14.1588,7.04439,-4.8735,-6.81367,-12.3687,-11.7129,-14.3312,-16.736,-18.1931,-21.3199,-21.6244,-23.545,-25.0273,-23.9874,-26.9533,-28.025,-27.9756,-25.1783,-27.5707,-27.6335,-28.6931,-27.4773,-30.7486,-29.4089,-30.1027,-30.6156,-28.729,-28.641,-26.2879,-23.4274,-23.564,-29.4182,-31.1431,-30.0894,-29.9253,-30.0049,-28.7515,-27.1019,-23.9049,-28.3028
14.28,7.66041,-9.40571,-10.3583,-13.0148,-16.7926,-16.2715,-23.6899,-24.991,-24.0394,-26.5867,-26.4953,-29.3006,-27.7284,-28.2261,-29.4302,-30.3434,-28.5973,-29.5657,-31.4169,-31.0553,-30.0913,-33.3919,-32.5261,-29.5546,-31.7384,-31.0785,-31.0994,-29.4339,-23.4231,-24.8092,-29.4619,-32.6841,-30.5142,-31.2589,-31.8365,-30.8315,-28.1892,-25.5291,-29.5874
5.92318,0.518867,-12.1254,-14.1244,-17.9181,-22.868,-19.8651,-23.95,-29.3467,-30.048,-32.4052,-31.5832,-35.0416,-33.9112,-35.0779,-34.7733,-35.4605,-34.3606,-36.0252,-38.8405,-36.4654,-38.9287,-39.6813,-38.0629,-33.2602,-36.2561,-38.7741,-39.4544,-37.3986,-30.6454,-31.8036,-34.7901,-37.3286,-37.4848,-37.9026,-38.2071,-36.7788,-35.059,-32.0284,-35.5993
10.4952,2.37019,-6.93311,-12.6154,-16.3776,-13.8437,-13.1483,-15.4113,-21.2423,-27.7787,-31.0395,-32.9814,-29.9271,-30.0406,-31.8303,-31.665,-29.5605,-33.9881,-34.1535,-32.9286,-29.5393,-31.1237,-33.2287,-35.15,-31.1506,-30.3669,-31.9429,-33.0043,-31.942,-27.4864,-28.279,-32.6675,-32.2361,-32.7749,-33.6902,-32.9472,-32.6158,-30.9882,-27.5504,-30.6727
13.9532,4.00067,-4.14225,-8.25915,-16.1353,-11.5919,-11.5884,-14.421,-17.5179,-24.2158,-25.7017,-26.15,-26.1571,-27.0098,-28.0299,-28.9605,-27.133,-29.6917,-29.3316,-30.0708,-27.0661,-27.6394,-29.6882,-31.822,-28.1518,-28.0998,-28.0135,-27.9739,-28.3757,-24.2217,-24.4334,-29.4088,-30.4663,-30.2224,-30.81,-29.7626,-30.0397,-28.1727,-24.8827,-28.5003
12.5435,5.17391,-0.228226,-3.45307,-11.8503,-12.9961,-10.7151,-13.3434,-17.8893,-18.1124,-19.1007,-20.8222,-21.7214,-21.9536,-23.1873,-26.4267,-25.748,-26.0385,-27.212,-28.3853,-26.7268,-26.85,-27.2836,-29.6037,-28.6453,-28.5956,-28.4497,-26.6574,-28.6818,-23.7848,-25.3963,-29.4444,-30.6542,-30.5422,-31.4029,-31.0326,-31.5207,-29.6431,-26.2716,-29.8538
5.9198,2.26922,-1.8856,-6.81065,-12.1849,-15.7766,-13.8358,-14.9145,-18.4932,-18.8496,-20.123,-21.8179,-23.0224,-22.7383,-24.3096,-27.5928,-26.5779,-27.3444,-28.6081,-30.1664,-29.3623,-28.9385,-29.413,-31.8963,-32.0826,-31.4933,-32.1806,-30.5117,-33.0522,-29.6134,-32.1325,-34.5215,-35.384,-34.6717,-36.2807,-36.8373,-37.0494,-35.1217,-32.0019,-35.9284
11.451,7.58834,-0.93819,-7.94759,-10.1978,-12.1532,-12.5073,-12.4272,-16.2387,-17.33,-19.4261,-20.094,-20.8805,-20.7119,-22.694,-24.906,-22.8652,-24.5724,-25.6671,-28.242,-29.1187,-27.5952,-28.8669,-30.2483,-28.5639,-28.2148,-28.163,-28.3755,-29.2538,-26.0427,-26.4688,-30.1107,-33.6425,-31.5202,-32.8806,-32.1489,-31.7618,-29.9817,-27.7137,-32.136
14.2595,7.1838,-1.59914,-6.98403,-13.5153,-12.4965,-13.6859,-12.6806,-16.2172,-18.3388,-23.1283,-21.6944,-22.4563,-23.979,-24.8621,-26.2176,-25.1646,-26.3948,-27.2697,-28.6758,-31.1236,-30.1812,-30.3354,-29.9416,-27.8593,-28.5606,-27.0766,-27.0797,-27.0417,-24.6994,-24.9393,-28.158,-31.6734,-30.0982,-29.9729,-29.499,-28.9371,-27.8742,-24.5744,-28.6964
9.64704,3.1368,-1.6417,-7.51482,-12.5381,-11.2826,-14.4759,-12.2519,-15.1482,-16.9489,-21.3528,-21.0135,-24.7659,-27.3002,-29.4792,-29.0926,-29.5039,-28.9793,-27.005,-28.433,-31.571,-32.2261,-31.4643,-31.2354,-29.3816,-31.2799,-29.0112,-29.139,-29.8038,-27.6029,-27.522,-29.0611,-31.4965,-32.3819,-31.4737,-31.0634,-29.6124,-29.9826,-26.0677,-30.4274
-1.11036,-3.03453,-6.17705,-12.6911,-14.7854,-14.6657,-17.7736,-18.5742,-20.1284,-21.5943,-22.6901,-22.916,-26.5337,-28.7344,-31.2,-32.3324,-31.9979,-31.1638,-30.5201,-32.623,-34.3391,-35.1691,-34.4993,-35.3783,-34.819,-37.4057,-35.1735,-34.8386,-35.009,-31.074,-31.3083,-33.3708,-36.2603,-38.4708,-36.6122,-36.7245,-34.9717,-36.1485,-33.197,-35.981
6.70977,0.799987,-5.26138,-11.0797,-11.082,-13.654,-16.6089,-16.8991,-23.3439,-25.1494,-22.5098,-19.9422,-23.1109,-23.9333,-26.8705,-33.665,-29.3731,-28.4337,-28.9953,-29.3267,-30.6968,-31.5435,-29.4401,-31.4505,-33.7641,-32.0753,-30.9885,-33.76,-29.1038,-24.3981,-25.1789,-29.5562,-33.4498,-33.9785,-31.6707,-31.6322,-32.2515,-30.0738,-29.339,-31.4155
11.9218,5.44107,-3.74107,-12.0038,-11.2786,-13.7308,-16.2981,-15.9764,-20.1388,-21.598,-23.4449,-20.898,-25.5819,-24.4758,-25.8393,-29.1776,-26.3345,-28.8085,-28.916,-27.6495,-28.894,-27.6851,-26.6614,-28.105,-30.6334,-29.8467,-29.917,-30.269,-27.6435,-23.4917,-22.634,-28.083,-30.0714,-30.6223,-30.4387,-29.704,-28.8827,-27.8021,-24.9389,-29.1251
10.4359,5.82923,-5.06076,-14.0956,-10.9264,-16.3743,-15.0709,-17.1415,-19.7147,-21.8562,-23.8688,-22.8345,-23.1993,-23.7667,-26.7025,-25.8621,-28.2367,-29.6071,-30.0807,-28.6094,-30.4703,-29.0201,-30.5124,-30.3373,-31.7253,-30.771,-31.6112,-30.3153,-30.0295,-24.2178,-23.2668,-30.2901,-30.9415,-31.2159,-32.013,-31.6496,-29.695,-29.7169,-26.4504,-30.0817
0.657985,-1.99384,-9.36405,-17.4116,-16.8736,-19.9876,-19.3575,-23.2251,-23.7068,-24.8291,-27.4867,-26.8867,-25.9131,-27.0579,-31.9385,-29.1524,-32.3098,-32.3445,-33.7855,-33.8648,-35.8268,-35.9468,-38.0412,-35.9127,-35.5542,-36.0203,-37.0312,-34.9789,-36.1576,-31.2781,-30.7372,-37.914,-37.6393,-38.557,-39.1081,-38.7323,-35.3251,-36.0646,-33.6614,-36.2626
5.01774,3.9076,-3.48376,-12.8429,-22.2651,-17.9596,-16.1088,-14.82,-17.4431,-21.4406,-30.4313,-26.989,-27.5118,-26.2077,-27.2924,-27.2781,-29.1929,-29.2769,-32.0193,-29.2705,-28.9823,-28.8739,-32.1445,-33.3734,-29.7079,-31.5799,-32.5443,-32.5108,-29.7587,-27.6128,-27.3727,-31.5562,-33.812,-34.5085,-34.8403,-34.2696,-31.0473,-30.0761,-28.0758,-31.7575
5.23572,3.66959,-1.56434,-7.82389,-17.3967,-10.9061,-14.7299,-12.6698,-16.0393,-20.2335,-26.4747,-25.3623,-28.0037,-26.7795,-27.8225,-27.0571,-27.9255,-27.5893,-28.5518,-26.9009,-26.7818,-27.9127,-30.4298,-29.7944,-27.8127,-29.3813,-29.4171,-30.3788,-27.8831,-23.3972,-23.9367,-28.1692,-30.8706,-31.5624,-30.7558,-30.4108,-29.4893,-28.4985,-25.2912,-29.0816
4.41378,-0.214878,-6.80957,-9.15656,-19.3122,-11.3612,-17.2164,-13.7313,-18.5871,-24.4527,-28.4382,-25.7571,-25.7891,-29.7177,-29.906,-32.0713,-30.387,-29.0823,-29.6965,-28.8134,-27.6036,-30.1507,-31.4038,-31.3112,-29.2588,-29.8481,-30.8089,-30.5985,-30.6272,-24.2086,-24.4227,-29.6248,-31.8341,-32.6504,-30.5087,-31.5395,-30.8252,-30.645,-26.8073,-29.453
-2.17895,-5.44231,-10.5189,-15.1956,-21.6723,-19.3085,-22.2101,-19.7255,-24.2181,-30.4586,-33.7145,-29.9118,-28.3962,-33.3191,-33.9976,-37.5118,-39.7344,-34.4076,-35.5353,-32.4233,-33.5009,-36.9324,-37.636,-37.6425,-35.1229,-35.4536,-36.6543,-35.8294,-35.876,-30.3486,-30.8307,-36.2827,-37.9515,-37.5023,-36.4705,-38.5779,-36.8307,-37.2442,-33.0897,-34.6236
3.05444,3.25947,-5.96499,-14.2503,-15.9605,-22.2483,-21.5263,-13.6685,-18.9139,-23.0176,-26.2078,-26.5226,-26.7811,-28.503,-28.2214,-31.0563,-32.2624,-28.5054,-30.8272,-27.271,-29.9284,-32.4416,-33.1348,-32.6875,-32.0138,-31.1288,-32.4658,-31.5265,-27.9809,-25.9612,-27.59,-32.4383,-31.6784,-32.2876,-34.2505,-34.2376,-32.316,-31.2146,-27.5302,-30.5996
7.13612,5.2891,-3.22919,-9.62001,-15.8585,-18.0938,-19.9075,-12.533,-18.1106,-22.7352,-24.1516,-24.8261,-26.5707,-27.9084,-27.0935,-30.7233,-29.351,-28.1317,-28.8969,-27.6075,-28.6632,-30.2567,-30.6258,-29.5667,-28.9325,-29.8311,-30.1166,-28.7181,-25.5074,-23.4695,-24.5297,-29.2524,-28.177,-30.4747,-31.5335,-30.2511,-28.6315,-26.8994,-24.9575,-28.229
6.74104,1.15898,-4.9116,-10.499,-15.0644,-18.6634,-19.8827,-17.063,-22.8903,-27.0266,-29.1493,-31.0784,-30.4105,-29.6402,-28.532,-33.8224,-30.3565,-28.5949,-28.7976,-30.3829,-30.5923,-33.2957,-31.1737,-30.6615,-30.0705,-30.6712,-30.4628,-30.4676,-28.1365,-25.1135,-26.0083,-30.389,-30.1799,-33.4773,-32.9309,-30.6269,-28.7777,-28.2723,-26.9187,-30.0847
-0.335466,-7.28312,-15.0327,-16.1202,-19.0291,-26.7338,-24.5062,-25.0355,-26.8211,-28.3078,-35.8587,-40.5423,-37.4723,-35.1562,-34.2237,-36.5721,-34.8594,-35.3649,-34.7637,-37.9055,-38.6768,-39.5002,-37.2635,-36.608,-36.0038,-37.0334,-36.4094,-36.8214,-34.2462,-31.6207,-32.5353,-36.8085,-37.7201,-41.497,-39.6332,-36.4301,-35.2169,-35.1962,-33.173,-34.9474
9.07438,2.6504,-7.69862,-14.4969,-18.4545,-20.5245,-18.2353,-16.0025,-19.2967,-17.9177,-28.6032,-32.2921,-32.7925,-31.1161,-29.1814,-29.9668,-33.0565,-31.1409,-34.1422,-35.7158,-34.1704,-33.4245,-34.0129,-31.2962,-29.6138,-33.207,-31.5202,-31.5553,-30.8105,-26.867,-26.5188,-32.1389,-34.4923,-34.9918,-33.8726,-33.4123,-32.4535,-30.0793,-27.5314,-29.4839
13.5094,6.15838,-3.65585,-8.00289,-19.8197,-18.6837,-18.5423,-12.5337,-18.6373,-17.1923,-22.3191,-26.6955,-27.0967,-26.4419,-27.3127,-26.8623,-28.6101,-26.0523,-29.749,-30.7675,-29.8564,-29.2716,-30.3561,-28.9996,-28.063,-29.2787,-28.0103,-29.5574,-27.9153,-23.9044,-22.7165,-29.8313,-31.2852,-30.3254,-30.2069,-30.831,-29.3212,-27.3355,-25.2027,-27.766
10.2751,3.52314,-3.82222,-4.94651,-17.0234,-14.6164,-19.3548,-16.6195,-23.095,-22.0044,-22.3805,-22.9492,-25.136,-25.8308,-26.8,-26.7683,-26.6416,-26.9229,-29.8637,-29.1488,-29.2411,-28.5686,-29.1269,-29.3474,-29.472,-28.174,-28.0896,-29.1288,-28.7496,-25.4353,-24.135,-29.6286,-32.9746,-31.8034,-31.1232,-31.1755,-29.7807,-27.9512,-26.2278,-29.9051
-0.237792,-3.82618,-11.7584,-11.348,-18.482,-18.3095,-21.7094,-22.4221,-26.1336,-26.4072,-25.9411,-26.0032,-29.3598,-31.0829,-30.4953,-30.7719,-30.2122,-32.4511,-34.3999,-33.865,-34.5398,-34.4431,-33.3448,-33.8431,-34.8789,-34.5657,-34.3921,-34.0092,-34.1061,-31.927,-30.5947,-35.0764,-37.9474,-38.9508,-37.7948,-37.0523,-34.9554,-34.1575,-31.9853,-35.9483
2.63774,-1.95873,-13.6105,-12.8951,-14.7646,-21.8069,-22.285,-16.6344,-19.7382,-22.2745,-21.0047,-25.9732,-30.0295,-27.7317,-28.1917,-30.5479,-31.4552,-30.858,-31.9574,-32.7732,-31.9305,-31.6155,-32.907,-29.9083,-29.6811,-32.8378,-30.1077,-30.3868,-29.9125,-26.1623,-27.9114,-31.3157,-32.5619,-33.4579,-32.0811,-31.5684,-30.1338,-31.4534,-27.0374,-31.0093
6.01688,1.4377,-11.4045,-9.04135,-13.4954,-16.7394,-18.757,-16.26,-17.3658,-21.7453,-21.9457,-25.2442,-27.1082,-26.3669,-26.4825,-28.9487,-28.7066,-27.8195,-27.2378,-28.5563,-30.3858,-29.4942,-29.0732,-26.4593,-28.9711,-31.858,-28.6026,-27.7541,-28.4224,-22.6527,-23.5215,-28.8709,-31.0401,-30.9739,-29.6372,-29.186,-28.5191,-28.7065,-24.2805,-28.661
6.80814,4.41322,-4.02814,-6.64899,-10.5354,-11.3827,-17.47,-16.5269,-15.2061,-18.9978,-20.9447,-20.812,-24.0435,-25.1918,-25.4104,-26.4783,-26.7528,-25.3909,-26.0071,-28.0551,-29.1817,-30.4805,-28.8151,-28.2938,-28.1682,-31.3949,-29.7448,-29.6447,-29.9491,-23.3142,-23.5175,-29.3951,-31.0034,-33.109,-30.6058,-29.3852,-29.4038,-28.5148,-26.1484,-31.053
2.55305,0.659465,-3.87637,-8.32572,-11.6562,-14.0153,-19.2058,-18.3789,-18.0612,-20.4051,-21.941,-22.1462,-25.2112,-26.3686,-26.8919,-26.9064,-28.5865,-28.5156,-30.0041,-30.6296,-31.1474,-32.4475,-31.9807,-32.9907,-31.2701,-34.8513,-34.3792,-35.6215,-34.3372,-28.9102,-29.4711,-35.293,-35.613,-39.5441,-36.8632,-34.881,-34.4331,-33.4777,-31.8743,-35.8385
10.0476,5.45959,-0.9497,-6.92993,-10.2078,-12.146,-13.5296,-15.994,-18.1137,-19.0108,-20.3229,-20.3384,-21.878,-24.3233,-25.0545,-24.2277,-26.0851,-28.504,-27.5189,-26.6983,-28.0568,-28.5198,-31.0423,-30.1286,-29.5417,-32.0191,-33.2601,-31.4836,-28.4013,-25.24,-28.0209,-30.1946,-32.1393,-33.4953,-34.1196,-33.8405,-31.5061,-29.3744,-26.601,-29.2753
10.1035,5.92613,-2.90647,-8.86732,-12.5538,-14.1022,-12.8827,-15.8692,-20.0057,-22.0451,-23.4428,-22.0425,-24.6309,-26.6373,-26.2691,-27.6427,-25.2607,-26.9866,-25.358,-26.2793,-28.2513,-29.5131,-30.215,-28.2525,-28.6794,-28.2172,-27.7969,-28.1452,-27.8806,-23.6968,-24.5479,-28.6555,-29.1824,-30.1158,-30.9618,-31.6209,-29.2137,-27.5845,-24.3625,-27.4758
-0.609975,-1.73953,-4.90696,-9.11008,-13.2261,-20.1377,-17.1725,-17.3797,-23.4117,-28.5096,-24.7715,-26.1974,-27.0443,-27.612,-28.4902,-32.9257,-28.0665,-26.7739,-27.0972,-28.5035,-30.1198,-31.8673,-32.0978,-29.1792,-29.5093,-29.2345,-28.2579,-30.0741,-30.3322,-26.5059,-25.3021,-30.2502,-29.6125,-31.0648,-32.2381,-30.7569,-29.2004,-27.9627,-24.6659,-29.6285
-12.6493,-12.4971,-11.2168,-13.8117,-20.1503,-27.428,-27.5786,-26.2398,-28.1419,-29.6627,-29.081,-35.465,-32.5121,-33.0811,-34.6701,-37.8016,-34.2997,-32.4079,-34.6812,-36.5975,-35.1565,-35.9866,-38.382,-36.6499,-35.2084,-37.3428,-36.6407,-37.4186,-36.507,-33.1037,-31.6079,-36.566,-37.1856,-37.4564,-39.1416,-35.9144,-35.3479,-33.5416,-30.5109,-36.1193
-3.5733,-1.50924,-7.12855,-9.57194,-19.6626,-15.9795,-22.2726,-18.8553,-21.1878,-23.4192,-24.7804,-30.38,-31.0195,-29.8649,-28.7674,-34.789,-29.5902,-28.6223,-29.2993,-31.9,-31.1035,-30.9151,-34.5717,-33.9435,-32.2195,-33.1519,-33.4534,-32.2248,-30.2402,-27.2163,-26.3156,-31.8836,-33.7265,-33.1241,-33.0796,-32.3523,-32.1745,-30.9835,-27.4107,-30.7785
-4.85487,0.270279,-5.25575,-8.43619,-12.8011,-14.1025,-18.7758,-17.8794,-19.0702,-22.8173,-22.6639,-26.5524,-27.7559,-26.423,-26.9274,-30.8264,-27.0656,-27.6632,-26.6384,-29.389,-29.4055,-28.9953,-32.1776,-29.6991,-29.2886,-29.0858,-30.3309,-30.1065,-27.7914,-23.6795,-23.275,-29.4168,-31.213,-30.7765,-30.5503,-29.8669,-29.0749,-28.5821,-24.2006,-27.8029
-2.9571,-0.0246603,-3.64741,-10.6532,-13.208,-15.1527,-17.059,-20.8288,-19.3627,-23.7851,-23.6958,-23.9363,-26.6683,-27.1788,-28.263,-29.1564,-29.3329,-28.2151,-27.2461,-29.0832,-28.7954,-30.6647,-32.5767,-29.3575,-29.3815,-29.0648,-30.1265,-31.6979,-28.7662,-25.3361,-23.2992,-30.1063,-33.1373,-31.4433,-30.2819,-31.4692,-30.7899,-29.5762,-26.4967,-28.5892
-2.27109,-3.7166,-6.83991,-13.8966,-16.7102,-16.8704,-19.5667,-23.5991,-24.075,-27.3263,-27.4362,-26.7468,-30.6164,-29.9124,-30.978,-32.1123,-34.1278,-32.5207,-32.2444,-33.8426,-34.2317,-36.2603,-36.0936,-34.7659,-35.0857,-34.6846,-36.4349,-35.4593,-33.4658,-31.0253,-29.3791,-36.2175,-39.1116,-37.9223,-35.7888,-37.0461,-37.4793,-35.5046,-33.0322,-35.3849
7.60457,2.69636,-6.02366,-12.9355,-16.1669,-13.7741,-16.7597,-17.1577,-21.4087,-25.9455,-22.443,-25.2417,-29.212,-26.3242,-26.9748,-30.1363,-29.4685,-30.7719,-30.7577,-31.0735,-30.1395,-30.44,-31.5647,-30.9954,-30.3125,-30.884,-32.5239,-29.0905,-27.7635,-25.7706,-25.8339,-30.9066,-33.6238,-34.8857,-32.7115,-31.2477,-33.0757,-31.6443,-28.4796,-31.9302
9.00335,4.27698,-5.82182,-8.69664,-14.2562,-14.3872,-19.4809,-16.6701,-20.739,-22.1954,-19.3114,-25.8357,-25.9511,-25.0175,-25.6962,-27.4769,-25.7427,-27.657,-27.9422,-28.1546,-28.0322,-29.6561,-29.4855,-27.9304,-28.1792,-28.632,-28.6489,-27.8693,-26.4846,-22.8629,-23.7344,-27.4074,-30.495,-30.9401,-30.0664,-29.1557,-29.527,-28.2421,-24.6753,-28.5981
5.16734,1.32975,-8.93891,-6.4708,-8.71887,-10.9219,-19.0506,-18.6238,-17.5518,-20.8432,-22.291,-27.4631,-24.2499,-22.757,-24.9364,-27.7508,-26.0962,-27.9551,-30.5997,-29.0296,-30.773,-32.1428,-30.3336,-29.404,-29.7285,-30.3037,-30.6264,-29.0962,-28.3247,-23.5692,-26.1611,-29.8216,-31.2744,-31.7004,-30.8603,-30.2785,-29.6906,-29.951,-25.0662,-29.5747
-0.778546,-3.51005,-8.65086,-9.37992,-10.8918,-13.2048,-18.8289,-21.444,-19.9841,-23.5091,-27.06,-29.7651,-28.7694,-27.5118,-28.4679,-31.2986,-31.6668,-32.9084,-35.602,-34.0557,-36.2255,-36.2281,-35.7196,-35.0827,-34.7713,-35.1514,-38.58,-34.9087,-33.8333,-31.2743,-32.7464,-37.5229,-37.6551,-38.2094,-37.1556,-36.4594,-35.1431,-36.7973,-31.0762,-36.0293
5.04695,0.172921,-5.29109,-6.15303,-10.7649,-11.1833,-13.777,-17.6846,-19.3359,-26.0884,-26.8069,-26.2984,-27.4233,-27.836,-30.9093,-27.6761,-28.3538,-28.1817,-30.356,-28.1883,-32.2501,-32.7529,-31.4112,-32.1987,-31.1241,-31.3902,-32.1143,-30.8037,-30.1955,-27.1469,-25.5911,-31.6226,-33.8988,-34.0166,-32.7067,-31.3825,-30.0026,-31.1778,-26.7759,-32.1116
13.0565,7.94697,-4.65543,-4.79478,-9.03506,-11.3056,-12.8648,-17.4944,-17.8279,-23.778,-23.6187,-26.5502,-25.3432,-25.6368,-28.5158,-26.4119,-26.336,-25.9869,-27.6417,-26.9822,-29.5116,-30.8014,-28.9035,-29.869,-28.7968,-28.6456,-28.5909,-27.5306,-26.7421,-23.0282,-22.9008,-28.8868,-31.7009,-31.3787,-30.5841,-29.6005,-28.0356,-27.1427,-24.933,-29.6728
13.0242,8.99289,-4.93948,-5.21837,-6.56677,-10.3331,-10.5131,-12.4771,-13.1678,-17.2191,-17.7835,-19.3011,-20.715,-20.4008,-21.0125,-21.9175,-24.2826,-24.1296,-24.8695,-25.6338,-25.68,-26.3466,-27.17,-28.5169,-27.7397,-28.2368,-27.1821,-28.5234,-28.2632,-23.0597,-23.0568,-28.3655,-31.3833,-32.1639,-30.9373,-30.8186,-29.3014,-27.4122,-26.0686,-29.9071
6.72182,3.79894,-2.43441,-4.76896,-7.23943,-10.8931,-11.0141,-12.9004,-15.0232,-17.8734,-18.3788,-19.7182,-21.2301,-21.5472,-21.588,-23.1276,-25.5714,-25.0762,-26.1526,-27.4574,-27.7786,-27.8998,-28.9233,-30.729,-30.5391,-31.426,-30.9455,-32.369,-32.1139,-27.9912,-28.4196,-33.5221,-35.2837,-36.1736,-35.4634,-35.6376,-34.7257,-34.0062,-31.609,-34.7042
14.5601,8.5794,1.15992,0.212504,-5.16412,-8.74701,-8.26439,-11.4582,-16.14,-16.7395,-16.3936,-18.7734,-19.0398,-20.636,-20.3089,-22.4399,-25.1173,-22.9096,-24.1446,-27.7154,-27.3949,-26.38,-26.8309,-29.0286,-28.4874,-28.6242,-29.4612,-29.104,-28.1793,-24.3419,-24.6179,-30.2056,-31.0591,-31.4531,-30.6273,-31.3695,-31.8764,-32.4265,-28.6092,-31.7428
17.3204,9.2354,-3.53678,-3.60206,-8.67395,-13.6455,-12.4531,-15.693,-19.0294,-19.5351,-20.2517,-23.9829,-23.9059,-22.7839,-24.109,-26.0456,-28.8376,-25.8489,-26.8804,-29.352,-29.8344,-27.8107,-27.3069,-28.2747,-28.7835,-29.0743,-28.6489,-28.4054,-27.6113,-22.8119,-21.768,-28.4482,-29.601,-29.919,-29.6694,-30.1238,-29.4624,-28.987,-25.0107,-28.7852
13.9376,6.86674,-8.52863,-9.9952,-11.5451,-21.8742,-20.4442,-22.3973,-22.3691,-21.0577,-24.464,-26.7005,-30.2115,-28.1236,-29.758,-29.6616,-31.9324,-29.0562,-28.5793,-30.4162,-32.0402,-31.1771,-30.7514,-30.0245,-29.1484,-29.2694,-29.5686,-30.27,-28.4503,-25.2917,-23.7682,-30.5668,-32.6075,-32.314,-31.908,-32.3927,-30.3879,-29.4311,-24.794,-28.3795
2.61837,-2.78866,-12.6419,-15.2491,-18.5141,-24.7944,-24.5969,-25.3954,-28.5432,-28.5861,-28.8298,-30.4889,-34.1272,-35.9776,-38.0811,-37.0584,-36.3246,-35.5965,-35.2482,-37.1295,-35.4161,-36.3921,-37.8874,-38.9763,-34.6788,-35.0744,-36.241,-36.6642,-33.3897,-31.9038,-31.3119,-37.1006,-39.9163,-39.2753,-37.5343,-38.8844,-36.8535,-36.1127,-30.8298,-33.5309
5.2422,-4.25517,-14.0824,-13.8552,-16.6303,-17.7903,-21.0091,-20.1712,-21.208,-23.1045,-28.254,-29.4867,-28.0561,-28.6802,-32.7727,-32.7684,-27.4729,-31.2014,-32.5102,-32.8097,-29.7279,-30.2658,-30.6573,-31.3063,-28.8489,-32.1475,-33.1752,-32.9127,-29.0191,-27.303,-27.2658,-30.2069,-33.4548,-32.8547,-33.3591,-32.5338,-32.9862,-32.5481,-28.1888,-30.9208
11.7226,4.08117,-9.1798,-13.4073,-12.0102,-14.0428,-17.2327,-18.3663,-18.4226,-20.229,-25.8112,-25.5585,-26.6991,-27.5802,-30.6685,-29.6023,-27.0153,-29.5535,-31.4865,-29.165,-28.4388,-28.2646,-28.4809,-28.9091,-27.5722,-29.5496,-30.1235,-28.8287,-25.7077,-23.7572,-23.5776,-27.1671,-29.3641,-29.9931,-30.3779,-30.5912,-29.9185,-29.1744,-25.0455,-28.6253
12.4371,7.08283,-7.51118,-7.80125,-12.1184,-13.5319,-12.1269,-17.2723,-18.5856,-21.7256,-25.0736,-24.103,-23.8356,-25.2518,-27.7518,-27.6313,-26.4507,-28.8684,-31.5879,-27.4196,-28.5615,-29.7373,-30.3053,-29.2657,-30.7132,-30.9296,-31.2588,-29.6412,-26.6805,-24.0041,-24.5756,-28.9745,-29.6346,-32.7945,-32.1195,-32.2992,-31.7312,-30.0263,-26.4543,-31.0001
4.87492,0.915236,-8.53669,-11.1747,-14.7867,-15.9108,-15.2547,-19.1885,-20.3941,-24.3567,-26.0281,-25.7904,-25.9959,-26.6443,-28.3314,-30.2398,-29.2616,-30.8637,-33.3808,-31.0392,-32.5328,-34.4848,-35.6617,-33.4096,-34.2175,-34.6524,-36.32,-35.5326,-33.6493,-29.1505,-30.7326,-36.0592,-36.7494,-39.1539,-37.8016,-37.5093,-36.7826,-35.7576,-33.7229,-37.7179
3.74411,5.87699,-1.49739,-17.0874,-13.3426,-11.153,-15.2996,-19.6202,-17.891,-21.1679,-21.7549,-23.1941,-26.0491,-24.7213,-25.0348,-27.4696,-28.5533,-27.6025,-28.845,-30.141,-29.3498,-29.7732,-32.193,-31.9362,-29.6978,-29.5559,-30.0661,-32.5806,-32.1932,-25.832,-27.0353,-31.7996,-34.2822,-32.2609,-33.7496,-32.0807,-31.9166,-30.7081,-29.5935,-31.8906
5.15607,6.30197,0.027219,-14.7958,-15.2328,-12.5776,-14.5646,-18.969,-19.4267,-21.6143,-23.9573,-24.3524,-27.1942,-25.5559,-24.9635,-27.5167,-28.3528,-27.1438,-26.567,-28.0165,-28.0105,-29.5299,-30.8585,-30.8556,-28.4337,-28.4351,-29.0621,-29.7964,-27.5986,-21.7122,-22.0598,-28.9121,-30.1428,-29.8852,-31.0284,-29.4861,-29.4258,-27.6897,-25.4221,-28.3848
1.23045,-1.35799,-3.6473,-10.1993,-13.9621,-18.763,-17.4495,-20.3011,-20.2954,-22.1452,-21.7287,-26.3692,-25.3891,-22.8329,-27.1633,-26.6352,-29.5161,-30.0208,-28.3359,-29.5214,-29.7546,-29.8982,-30.3321,-32.7173,-28.6995,-30.1889,-31.2345,-29.7382,-28.2462,-23.4438,-22.7408,-29.6701,-30.6663,-32.172,-31.0511,-29.5104,-30.7888,-29.03,-26.3114,-29.607
-6.92928,-8.44365,-9.97983,-12.683,-16.2578,-22.3234,-23.6071,-23.2513,-22.5815,-25.8975,-23.9786,-28.8536,-28.1559,-26.8357,-31.7753,-30.8601,-34.4214,-34.3536,-34.2508,-35.2712,-35.7029,-35.6526,-35.9379,-37.4709,-34.4362,-36.8092,-37.4487,-36.1704,-35.266,-32.0919,-30.7959,-35.2162,-36.7203,-38.3241,-36.1725,-34.5661,-37.7811,-35.5303,-32.9881,-36.5211
-2.54374,-1.5865,-7.12709,-14.3786,-15.386,-20.7831,-23.1881,-15.4121,-17.3277,-21.2616,-20.4651,-25.2874,-27.9651,-28.1148,-27.5837,-28.4651,-28.6756,-31.7009,-31.9821,-32.523,-29.4534,-32.3128,-31.8333,-32.3846,-31.1073,-31.148,-30.8335,-30.5532,-28.0883,-24.897,-24.8212,-31.459,-32.593,-33.4675,-34.5182,-32.21,-33.0181,-30.3245,-27.8861,-31.6268
2.95589,-1.16812,-5.53256,-12.143,-11.9207,-12.6593,-16.3405,-13.4773,-16.9714,-20.307,-20.1102,-24.704,-27.1181,-24.3817,-25.548,-23.7866,-26.5754,-27.4764,-28.7016,-29.8602,-27.31,-30.6253,-30.2105,-31.4873,-28.5341,-27.2808,-28.2225,-28.4017,-26.2423,-21.9961,-22.5464,-28.547,-31.0412,-30.6323,-31.1568,-30.7065,-29.8643,-27.5922,-24.3337,-28.4221
4.49798,-1.5206,-8.22193,-10.2773,-10.9676,-12.2566,-15.0939,-15.6254,-18.8372,-20.5278,-20.0723,-21.321,-24.1629,-24.1761,-25.0364,-24.8163,-27.3046,-27.9114,-28.6011,-28.0598,-30.8374,-29.891,-30.5048,-31.232,-29.6243,-29.0018,-29.4791,-30.6091,-28.3004,-23.0445,-23.5239,-27.8848,-31.4829,-31.8088,-31.1431,-32.7239,-30.9827,-28.6891,-25.5612,-29.6348
-0.443838,-4.44716,-10.2724,-12.8266,-14.0968,-18.0653,-18.4177,-20.4592,-23.4259,-24.124,-23.4146,-23.8793,-25.2176,-28.8856,-28.6298,-29.2378,-30.44,-31.0434,-32.2199,-30.7986,-35.4522,-32.7099,-34.427,-34.1715,-34.8026,-33.9348,-34.1215,-36.9454,-34.541,-29.9734,-30.4976,-34.679,-36.4572,-37.7725,-37.4748,-39.2529,-37.1531,-35.0689,-32.1796,-35.4075
7.38471,0.83704,-3.09638,-11.3071,-12.2337,-15.8053,-16.1307,-20.4363,-21.5514,-20.5843,-20.5473,-23.1436,-19.9839,-24.5499,-25.9773,-27.9547,-28.4277,-27.5739,-29.2131,-29.2463,-31.4557,-29.1779,-31.4811,-31.9118,-31.2403,-29.9252,-29.8161,-33.2363,-31.3305,-25.7876,-25.731,-32.8997,-32.6275,-34.2083,-33.3253,-33.4252,-31.9773,-32.4833,-27.8669,-29.575
12.7445,4.42224,-2.99783,-10.5803,-11.9496,-15.3996,-15.1733,-25.5757,-21.476,-17.8385,-21.0585,-24.6461,-21.5835,-25.8345,-25.0137,-27.5334,-27.2936,-27.6183,-27.0007,-29.5648,-28.4005,-27.9228,-27.5264,-30.3259,-29.1739,-28.5236,-27.7508,-30.5308,-28.5555,-22.8016,-23.0477,-28.9917,-29.7006,-30.6016,-29.5645,-29.8006,-29.0236,-29.0618,-24.6266,-27.7593
10.9539,4.51694,-4.17098,-12.442,-15.258,-14.2257,-17.1268,-26.144,-19.1731,-16.4904,-24.5405,-31.6515,-29.8566,-27.5183,-24.6762,-28.2426,-29.4648,-30.805,-29.4583,-29.7386,-28.7586,-30.0022,-28.4334,-31.6623,-30.7939,-30.1661,-29.6785,-31.4319,-27.1923,-24.4216,-24.2421,-29.0964,-31.5391,-30.8408,-30.8341,-31.0832,-29.6766,-30.6264,-25.7267,-29.1382
0.822819,-3.62184,-11.8192,-20.4413,-22.733,-21.1484,-26.6599,-28.5384,-24.3659,-23.5965,-31.328,-34.1743,-39.6769,-33.3909,-31.5977,-35.008,-39.659,-38.4318,-37.0566,-34.6785,-34.1432,-36.7506,-35.9449,-36.5472,-36.196,-35.0318,-36.5171,-37.1964,-33.238,-31.1145,-29.7969,-35.9503,-38.089,-36.9826,-37.5824,-37.7123,-36.2876,-37.3122,-32.2969,-34.9658
5.86684,1.43694,-15.0994,-20.2437,-15.4238,-21.4337,-22.5512,-22.3207,-21.3953,-22.6854,-23.6243,-24.0868,-32.8896,-31.6557,-29.5104,-29.6014,-30.3128,-31.4691,-34.8578,-32.0593,-31.275,-31.1488,-34.2277,-32.8567,-30.0412,-30.368,-31.6232,-32.3302,-31.8411,-26.4119,-24.8965,-32.5734,-34.0975,-33.8934,-33.2192,-32.3408,-30.2286,-30.1743,-27.8116,-30.3937
9.38534,3.4894,-6.29246,-8.69027,-8.11482,-14.219,-15.8697,-19.6036,-18.4439,-19.6445,-22.5179,-23.7972,-28.5404,-27.1564,-27.4862,-24.9937,-26.8817,-27.8174,-29.6436,-29.4454,-30.7138,-29.7068,-30.7484,-30.6623,-28.9657,-29.4873,-29.912,-30.3376,-28.1059,-23.1005,-22.6844,-29.5202,-30.3598,-31.1854,-31.1259,-30.0554,-28.5451,-27.8387,-25.6389,-28.9212
8.34662,0.228087,-5.96338,-6.66851,-9.52315,-15.482,-12.9164,-18.3862,-18.4712,-20.5633,-23.2094,-26.4099,-27.9133,-26.9089,-27.8002,-27.9748,-30.5878,-30.4197,-29.1266,-30.1583,-32.3494,-31.8854,-30.2967,-29.5702,-30.1149,-31.509,-31.733,-31.8223,-28.4899,-23.9879,-23.3179,-31.2294,-32.2744,-31.8507,-32.2747,-31.7044,-31.0002,-29.3058,-27.0553,-31.2064
1.21253,-5.04943,-12.9601,-14.4365,-17.6512,-19.8397,-17.8999,-24.4562,-25.646,-26.8831,-28.6909,-33.6563,-32.5252,-32.5052,-32.7448,-36.1731,-35.985,-38.7009,-34.8561,-33.9139,-37.5947,-37.3635,-35.5437,-35.2947,-35.1666,-37.3622,-38.0928,-38.2698,-34.486,-32.5447,-30.4966,-36.7197,-39.83,-37.0329,-37.6482,-37.6397,-37.88,-34.5844,-32.0818,-36.7745
9.34636,5.55996,-5.2094,-8.35098,-15.9771,-18.1156,-16.2026,-24.9704,-24.1728,-23.32,-25.7551,-29.0039,-27.3237,-27.7872,-29.4664,-30.8025,-30.1358,-30.9616,-31.623,-31.5428,-31.4141,-34.1629,-31.322,-33.0402,-31.6374,-29.9508,-30.7448,-32.2616,-28.9786,-27.989,-28.3731,-31.1046,-31.5653,-31.4698,-33.4524,-32.6453,-32.7781,-29.7994,-28.1522,-32.0099
9.24683,5.49501,-2.7406,-2.64645,-13.5457,-14.0489,-15.5642,-21.469,-19.3771,-19.4022,-21.9715,-27.2253,-27.3102,-26.358,-27.008,-27.7364,-29.8391,-27.9685,-28.6484,-29.3247,-28.7868,-29.2934,-30.5369,-30.9223,-27.2884,-27.2218,-28.4163,-30.0784,-27.0105,-23.7429,-25.1777,-28.9002,-27.8142,-29.3123,-30.8771,-29.3801,-29.2474,-27.1566,-24.5891,-28.4478
-1.40411,0.217734,-1.00359,-3.3569,-15.0051,-12.6109,-17.2764,-16.2864,-16.9645,-18.4504,-21.2945,-22.7323,-25.1527,-25.4264,-25.4242,-26.58,-29.1847,-26.3063,-28.8122,-30.3572,-28.6314,-29.1249,-32.3767,-32.1224,-28.7207,-29.9674,-32.4934,-31.8307,-27.9921,-24.291,-24.987,-30.2124,-29.1751,-31.7766,-32.1523,-31.2631,-30.0194,-27.8742,-25.7273,-28.9808
-4.4785,-3.8107,-4.78202,-9.21546,-16.8321,-17.2705,-21.2535,-18.9984,-19.9402,-22.7044,-24.2814,-25.4514,-27.2456,-28.2589,-28.8575,-29.8197,-31.5396,-29.6191,-32.9024,-33.6745,-32.0579,-34.0466,-35.7654,-37.4752,-35.716,-35.5908,-38.4891,-38.423,-33.5979,-30.1998,-30.6865,-35.7194,-34.7179,-37.6534,-37.643,-37.3691,-36.1678,-34.1658,-32.7345,-35.6314
0.788267,-2.77151,-7.85806,-10.8674,-12.4979,-18.7883,-18.4351,-20.175,-21.6278,-21.4374,-21.9953,-29.0015,-27.822,-27.349,-31.498,-28.15,-26.8584,-26.1742,-29.3047,-27.8622,-28.9943,-32.1073,-31.8517,-30.8937,-32.2243,-33.0936,-31.1258,-33.2969,-29.1677,-26.8748,-26.9275,-32.1766,-32.8958,-33.7621,-32.3574,-32.016,-32.5527,-30.0884,-27.4687,-31.3978
-0.0231305,-3.06506,-6.2997,-8.73878,-9.87402,-17.704,-18.6655,-18.4049,-22.7599,-21.8157,-20.1433,-27.2433,-29.3791,-28.3744,-30.6662,-28.6762,-25.4466,-25.3814,-29.3,-27.8141,-28.6997,-30.6623,-29.813,-28.9807,-28.4972,-31.3115,-29.6168,-28.6162,-26.7946,-23.8944,-23.6906,-30.3954,-31.2233,-32.133,-29.9109,-29.1699,-29.1772,-27.083,-25.1798,-28.7394
-7.11208,-11.531,-10.4678,-10.2498,-12.8185,-19.5227,-18.8209,-17.9188,-25.2965,-23.6547,-20.5696,-27.6304,-30.7906,-30.8822,-28.055,-28.7058,-28.8031,-28.469,-29.7727,-31.9493,-28.6873,-29.9328,-31.5846,-32.828,-30.8868,-32.4079,-31.3857,-28.637,-28.4162,-23.7284,-23.9664,-30.1492,-33.3541,-33.7781,-31.1497,-30.5187,-30.8666,-28.9529,-26.7918,-30.885
-9.74561,-14.1871,-14.1219,-13.337,-18.8888,-23.088,-20.7659,-21.1112,-27.5377,-28.7519,-25.7536,-31.244,-34.1835,-35.2599,-32.2954,-32.3388,-34.8567,-32.6703,-33.6009,-37.538,-34.3375,-35.6251,-38.6268,-39.4909,-33.987,-34.3298,-37.1229,-35.9162,-35.2291,-29.8454,-30.8202,-35.4006,-38.7048,-40.0586,-37.2786,-38.2178,-37.7191,-35.4637,-33.1897,-37.7461
-0.527999,-3.0423,-5.09531,-6.54627,-14.5511,-12.6721,-14.4713,-21.146,-22.7977,-25.9237,-24.985,-30.4656,-30.1436,-29.8344,-31.0205,-29.2887,-30.9523,-29.473,-32.0784,-31.802,-33.6263,-30.3398,-31.822,-33.0269,-27.3075,-27.5085,-32.0542,-33.1074,-31.1012,-26.069,-26.6891,-33.3827,-33.2673,-34.5544,-34.0823,-33.8963,-31.9961,-29.3749,-28.5688,-31.4938
0.63406,3.59002,-4.54324,-5.11768,-14.3483,-7.83473,-12.9686,-19.5976,-20.1965,-24.8825,-23.6303,-25.8432,-26.4173,-25.2391,-26.3194,-28.9337,-29.1609,-28.2526,-29.2202,-28.6308,-29.7758,-28.6266,-29.3233,-31.9077,-28.265,-26.9119,-28.5323,-28.9393,-27.1762,-24.0945,-24.5052,-29.8496,-30.4552,-30.2794,-30.6101,-30.3263,-28.9495,-27.2956,-25.155,-28.601
-0.362758,1.64857,-9.83625,-8.61267,-17.0564,-8.6917,-13.1424,-18.9981,-21.6892,-22.8118,-22.0453,-25.3948,-27.7704,-26.746,-27.8199,-30.9698,-29.879,-31.2383,-32.5567,-31.6767,-31.9644,-30.2149,-31.5335,-32.2674,-32.1617,-28.6877,-29.1121,-29.9716,-28.4759,-26.4266,-25.7823,-31.5255,-32.1415,-31.0003,-31.5411,-31.3573,-30.1673,-29.6679,-25.7138,-30.6583
-7.57437,-8.66906,-15.0754,-17.0302,-22.0277,-17.4187,-21.4158,-26.5547,-26.7668,-25.6872,-27.0698,-32.6681,-33.0786,-32.6869,-35.4413,-37.1972,-35.1707,-37.0447,-38.6921,-38.5787,-36.3962,-36.1276,-36.7497,-37.2555,-39.3827,-36.2054,-36.7303,-36.2813,-33.9045,-34.0989,-33.3888,-38.7231,-38.6369,-37.523,-37.7004,-38.2095,-36.592,-36.3384,-32.3179,-36.7831
-0.6722,-5.79453,-8.96135,-6.77796,-14.4014,-15.1814,-16.1228,-24.0666,-22.6738,-21.8635,-27.3035,-29.8564,-26.5899,-26.0778,-31.0513,-30.7435,-29.8709,-29.9989,-32.7456,-31.1938,-29.1406,-31.6657,-36.0562,-35.7473,-34.4517,-31.4263,-32.1145,-33.1143,-31.4805,-27.8737,-28.3416,-31.9714,-33.8413,-32.6977,-32.1663,-33.0812,-30.6853,-31.1546,-28.4189,-31.2749
6.83066,3.28537,-7.54336,-4.61921,-10.4868,-10.6689,-11.8273,-21.8455,-20.9133,-21.1304,-24.1931,-26.1951,-24.603,-25.7712,-29.0801,-27.7468,-26.2387,-27.7934,-29.3972,-28.5892,-28.9128,-30.5847,-33.5021,-32.26,-29.2924,-29.4872,-28.1103,-28.4107,-28.7071,-23.4506,-23.5045,-28.3281,-31.0224,-29.944,-30.9287,-30.7957,-28.9381,-28.763,-24.9663,-28.1012
7.89511,6.11134,-5.60328,-5.47176,-7.01499,-9.63431,-13.8314,-17.4867,-16.8329,-21.6587,-21.759,-23.8693,-24.7225,-26.4839,-26.58,-29.5223,-26.9758,-29.9752,-28.6404,-29.5386,-31.3041,-31.1959,-32.8614,-30.4001,-29.9739,-29.6491,-27.6614,-27.9156,-29.397,-24.5569,-24.6615,-28.6983,-30.8392,-30.7401,-32.6816,-30.4578,-31.0257,-29.5699,-26.4419,-30.5505
1.63043,-0.2025,-7.31689,-9.27171,-10.0032,-13.4261,-17.4598,-19.1085,-20.1557,-25.0313,-25.6945,-27.0029,-28.3102,-28.2531,-28.8944,-33.3385,-31.2579,-33.7864,-32.9554,-33.0831,-34.4501,-34.5028,-36.0291,-33.1331,-35.85,-34.6199,-33.7369,-33.2813,-35.5897,-32.5553,-31.4091,-34.7442,-35.5602,-36.5813,-36.4118,-35.9236,-36.0478,-34.1283,-32.9484,-37.0157
11.4165,5.20201,-10.923,-14.2084,-12.5498,-12.2525,-10.6395,-17.1499,-18.6234,-22.4362,-25.4004,-25.1394,-25.9407,-25.4041,-26.4419,-30.7307,-29.6644,-29.6384,-32.8102,-28.3522,-29.4151,-30.8969,-31.1015,-30.4218,-33.4016,-31.4483,-33.9669,-31.1739,-30.2912,-26.2905,-25.7139,-32.0525,-33.9466,-32.1149,-30.7638,-32.9722,-30.8559,-29.5666,-28.6954,-31.5066
15.6155,7.59754,-7.29827,-8.22652,-10.7388,-13.6405,-10.7011,-20.1834,-20.8361,-22.3752,-26.6827,-25.7291,-27.2425,-27.1545,-25.7598,-28.5297,-27.9705,-28.2026,-29.9172,-26.9909,-27.8,-29.1097,-28.4053,-30.5625,-30.1385,-29.7344,-30.6694,-28.3474,-27.5538,-23.0104,-23.5829,-29.1397,-31.2418,-29.8126,-29.8048,-29.8661,-28.4353,-26.587,-25.4512,-28.7553
14.0276,5.24098,-4.654,-7.6224,-10.1985,-10.5845,-13.2558,-19.851,-24.4914,-27.4021,-26.3646,-27.4999,-29.1753,-27.2849,-26.0507,-28.6498,-30.7122,-30.0655,-30.7859,-29.0373,-29.5966,-30.9745,-30.106,-33.3528,-31.3571,-30.1332,-29.8973,-29.3802,-29.1741,-24.3728,-25.0305,-31.4213,-30.9739,-32.2393,-32.1302,-31.1377,-29.9963,-27.0529,-26.3805,-29.712
5.66027,-0.479391,-7.71659,-13.1867,-14.3062,-14.9323,-20.1877,-23.3691,-28.1589,-33.5462,-30.7503,-31.9028,-34.8461,-32.3269,-32.7106,-35.5496,-37.2218,-36.9814,-37.3331,-36.2565,-37.4341,-37.7911,-37.5306,-38.7727,-36.1897,-35.5203,-36.0009,-37.677,-35.2448,-30.5987,-31.1519,-37.73,-36.6414,-38.5119,-39.8188,-36.9629,-36.4747,-33.2314,-32.5082,-35.7778
11.0257,3.83946,-4.78457,-15.1914,-14.3225,-13.2001,-14.3291,-19.1519,-20.0375,-24.8502,-25.0992,-29.05,-28.8458,-34.839,-32.9511,-33.402,-30.7788,-34.3334,-35.2739,-31.6414,-31.7252,-31.5676,-32.7383,-31.759,-31.2068,-30.2229,-31.9369,-32.2689,-28.1879,-25.7274,-27.7699,-30.5333,-34.213,-35.0709,-34.2422,-30.7468,-33.2662,-30.3129,-26.7037,-31.4925
14.8693,7.89123,-0.156882,-11.9281,-12.2099,-11.8601,-12.3704,-17.5757,-17.9966,-21.1741,-20.5555,-24.9309,-26.9948,-29.0656,-28.2875,-28.8659,-28.5204,-32.3359,-32.6175,-28.7024,-28.9371,-28.9416,-30.1227,-29.6157,-29.0996,-27.1208,-27.6794,-27.7314,-26.8134,-22.4815,-23.6733,-27.1176,-30.01,-31.9068,-30.6558,-29.3401,-30.1501,-27.8936,-24.9158,-28.7961
12.9991,7.06248,0.643158,-4.54185,-7.77412,-10.4919,-13.0125,-17.8708,-16.7392,-17.0869,-18.3914,-21.3638,-21.6543,-23.0796,-22.7195,-24.6962,-25.0368,-26.0151,-26.6817,-27.8533,-28.7924,-28.1748,-29.8602,-29.7192,-28.4373,-28.1455,-26.6527,-28.6462,-29.6678,-23.315,-22.6727,-27.6847,-31.6722,-32.1291,-31.2399,-32.3183,-31.621,-29.9436,-26.4176,-30.2027
5.73655,2.54796,-2.5353,-5.87476,-8.24154,-11.1502,-15.4579,-19.2221,-19.3217,-19.0888,-20.4947,-23.2094,-23.0639,-24.0418,-24.5181,-26.0941,-26.4419,-26.8088,-27.4912,-30.1813,-31.1325,-31.5257,-31.7196,-32.1127,-31.6628,-32.1075,-31.1492,-33.3986,-34.6355,-29.064,-28.1238,-32.7413,-37.3493,-36.6234,-37.103,-38.0034,-36.2378,-34.5332,-31.8577,-35.8605
9.17939,3.05144,-2.85999,-4.61254,-6.69992,-7.40854,-10.8174,-18.1025,-19.8328,-18.5701,-19.291,-22.4139,-23.5665,-21.2403,-24.2485,-24.6187,-25.2449,-24.9138,-25.5246,-27.8913,-28.2082,-30.2804,-26.8553,-29.011,-30.1499,-28.9053,-31.0583,-32.3899,-30.7405,-26.6468,-27.5103,-29.9461,-32.1669,-32.9518,-32.5927,-33.6651,-30.8638,-29.2256,-25.9633,-31.2845
14.7506,7.51141,-4.375,-3.73033,-8.79074,-10.2649,-14.2715,-20.0739,-18.0444,-19.9988,-21.2435,-21.0828,-23.9372,-21.8522,-25.4217,-27.1752,-26.5738,-26.4056,-26.7046,-28.2841,-28.6083,-28.4441,-26.2167,-28.3181,-27.4554,-28.1815,-28.658,-29.8445,-27.1205,-22.8024,-23.3641,-29.2364,-30.2341,-29.8104,-29.7471,-29.1661,-28.4779,-27.2943,-24.1476,-29.4655
12.4894,6.2503,-5.35038,-3.74067,-8.04742,-13.9749,-12.9336,-15.5697,-14.7054,-17.1401,-18.4405,-19.7504,-21.0917,-22.3825,-24.9233,-23.9838,-24.6348,-24.7398,-26.2582,-27.3805,-26.6862,-29.0247,-27.6581,-29.2719,-27.9022,-30.062,-28.6984,-29.4537,-27.4686,-22.4186,-22.2622,-30.5306,-31.2573,-30.6903,-31.0103,-29.3287,-29.4444,-28.3398,-26.409,-30.3695
3.39375,0.683397,-4.98633,-7.79035,-10.3982,-13.9307,-13.5882,-16.0173,-16.3868,-19.1194,-19.7479,-21.9598,-22.4054,-24.0417,-26.1989,-26.1533,-27.1256,-27.0411,-28.1374,-29.3836,-28.7452,-31.2013,-30.6958,-32.8153,-32.7418,-34.7281,-32.9211,-33.7648,-32.7843,-28.6179,-28.1228,-36.0391,-35.4946,-35.4637,-36.8075,-34.6071,-35.8603,-34.3201,-32.5393,-36.507
9.46959,5.41585,0.468377,-5.40496,-9.65584,-10.7746,-9.82719,-14.8225,-14.1267,-20.9334,-19.6364,-21.3693,-19.8488,-21.7844,-24.2641,-26.088,-26.7082,-27.2609,-26.3013,-28.5946,-27.9102,-28.5048,-27.6656,-29.5485,-32.231,-30.5443,-29.7702,-32.1469,-31.3639,-27.634,-26.4477,-31.0407,-32.13,-32.3667,-32.0757,-30.776,-32.5079,-32.0462,-27.2377,-31.825
11.0214,2.5077,-1.18787,-8.62842,-14.3045,-12.8911,-10.5572,-15.9126,-16.6895,-23.3948,-22.2698,-23.6402,-22.7057,-25.4221,-27.2599,-27.3287,-28.4099,-27.6536,-27.4121,-30.7698,-30.5569,-31.2671,-29.521,-29.7404,-28.1102,-28.6658,-28.8088,-31.0317,-28.9132,-23.3434,-23.3984,-28.4492,-30.0305,-29.6515,-30.2006,-29.5693,-29.6752,-28.4452,-24.8994,-29.0582
9.39999,2.44026,-4.74283,-12.2121,-18.7511,-13.9871,-14.5314,-17.1214,-21.6153,-22.7575,-24.2168,-26.0615,-24.0653,-29.9365,-31.3248,-26.7274,-26.362,-29.6123,-29.2363,-32.1517,-33.1207,-35.2844,-32.5803,-31.4187,-28.6932,-28.1266,-29.0737,-31.3406,-28.9252,-24.9805,-25.7861,-29.7732,-32.1678,-31.1225,-30.7462,-30.2636,-30.4867,-29.4207,-25.4402,-29.2967
1.7365,-2.8152,-11.3508,-16.4181,-20.7579,-19.4153,-21.231,-23.8646,-23.4235,-23.3462,-26.4915,-30.1048,-29.4103,-35.2224,-35.8094,-30.4994,-29.5925,-33.3232,-34.5772,-36.8692,-38.02,-39.6987,-36.318,-37.7971,-34.9247,-33.3208,-35.2147,-36.6112,-35.0267,-31.246,-31.7716,-35.3143,-37.4428,-37.6576,-37.0901,-35.61,-36.55,-35.8765,-31.9309,-35.525
6.93622,1.58732,-5.09757,-9.66714,-22.2488,-17.5273,-15.6038,-19.4601,-18.2564,-18.8458,-24.3053,-26.5652,-26.6154,-28.4485,-30.176,-29.6838,-28.9103,-31.2577,-31.9901,-31.8698,-32.285,-34.2213,-32.3911,-32.1424,-29.3548,-31.2207,-31.2358,-30.4654,-30.8746,-26.3342,-26.2578,-30.8351,-32.9701,-33.1487,-33.509,-32.242,-31.9975,-31.0567,-28.0988,-31.1774
13.0031,5.36359,-1.64385,-6.70407,-20.8073,-19.0385,-15.172,-19.366,-20.1233,-20.3981,-22.9191,-22.9487,-24.5507,-24.0528,-26.4652,-26.8948,-28.6933,-29.5253,-30.2628,-29.0506,-29.34,-30.6485,-31.5483,-31.0407,-27.3424,-28.1738,-28.2444,-27.5034,-26.8696,-23.7605,-23.8929,-28.8226,-30.7236,-30.6157,-31.4756,-29.7565,-29.4746,-27.5501,-24.6061,-29.3369
11.5797,5.49833,-0.174598,-4.50559,-19.833,-19.4468,-16.1156,-20.9481,-22.0759,-21.6355,-21.3116,-23.3886,-24.0693,-22.4998,-25.3707,-26.5646,-28.5447,-26.9896,-29.0373,-28.8236,-31.2396,-30.0945,-32.8711,-31.6307,-27.4854,-30.5869,-27.6657,-28.1889,-26.797,-24.7926,-25.4419,-28.8526,-31.1146,-31.6945,-32.0473,-31.4396,-31.3444,-29.2348,-25.0089,-30.7854
1.61084,-0.733969,-4.05337,-8.34564,-15.5097,-18.0815,-18.7395,-23.1359,-23.6982,-24.1725,-24.3024,-26.8347,-27.5483,-25.7648,-27.3967,-29.2273,-30.8632,-29.2818,-31.5801,-31.5108,-34.0268,-32.8496,-36.0475,-35.0367,-32.5193,-35.4298,-32.3212,-33.4717,-32.9141,-30.0541,-31.0072,-33.422,-35.9658,-37.7068,-36.7452,-37.0534,-37.0556,-35.5517,-31.5983,-36.5156
2.96798,-0.901867,-5.18514,-7.24314,-9.74606,-12.1269,-16.6363,-21.5326,-20.5046,-20.9939,-22.604,-23.8078,-25.0093,-24.9038,-24.8349,-27.4618,-26.6428,-27.4327,-29.0753,-28.5181,-29.6493,-29.7147,-31.8131,-30.9733,-30.7284,-28.6906,-31.0243,-33.4011,-30.5258,-25.6284,-25.93,-30.0002,-30.8591,-34.4601,-33.3316,-31.4105,-31.1245,-30.0478,-28.1795,-32.1755
5.55123,0.454992,-6.69109,-6.74082,-10.6168,-13.9599,-13.7749,-18.8157,-19.9248,-22.1732,-22.4918,-25.051,-24.0629,-24.1987,-26.388,-27.7292,-25.9347,-27.884,-28.8797,-27.9171,-30.5285,-30.1166,-30.5749,-29.8315,-27.8841,-27.4112,-30.3991,-29.6298,-27.7126,-23.6554,-23.3374,-27.6845,-29.4894,-31.5236,-30.6121,-28.9269,-28.6051,-27.1291,-24.8786,-29.1063
8.10461,2.07176,-4.47947,-7.09468,-11.4782,-14.5966,-13.8713,-16.4695,-18.2981,-19.2729,-20.1054,-22.7123,-22.2786,-24.0659,-26.5545,-27.5876,-29.4031,-28.1931,-28.8861,-27.1554,-29.8818,-29.9784,-31.6767,-30.7195,-30.0519,-31.3895,-31.7956,-28.4013,-28.123,-24.0602,-24.171,-28.7128,-30.6535,-31.8978,-32.093,-30.7804,-29.7082,-28.541,-26.0415,-29.2946
2.57433,-1.97066,-6.99163,-10.3853,-14.3355,-16.5329,-19.4816,-20.1471,-21.5359,-21.1191,-21.969,-24.406,-24.3107,-26.2757,-27.64,-28.4152,-32.0014,-31.4344,-32.3175,-30.3323,-32.0255,-33.509,-36.8306,-34.5575,-33.4293,-36.6952,-36.8023,-33.1055,-33.3146,-29.5892,-31.156,-35.2573,-36.3714,-38.0717,-39.1653,-37.0263,-36.145,-34.8565,-32.8229,-35.785
7.31059,0.986997,-4.68338,-9.83203,-14.8459,-14.4294,-18.5819,-18.4708,-16.0919,-20.0212,-22.3228,-23.2983,-25.5124,-24.8673,-24.9669,-24.9879,-28.5834,-30.7841,-29.1826,-30.9561,-29.657,-30.6775,-32.7214,-30.9515,-28.1612,-30.8268,-30.2587,-30.4721,-28.9389,-28.0908,-28.6034,-31.0392,-31.6861,-32.3828,-32.9158,-32.0859,-31.755,-30.8065,-26.4893,-30.9266
12.0975,3.97797,-2.01544,-6.63979,-13.4132,-14.3897,-17.286,-15.9759,-16.4805,-21.0307,-23.5061,-22.5844,-25.5808,-24.8356,-26.8861,-27.3134,-25.4634,-27.9381,-28.3037,-31.0326,-28.2472,-29.6813,-29.8738,-27.8746,-27.957,-29.0717,-28.2921,-28.1757,-26.2395,-24.5008,-24.6677,-27.1581,-28.6508,-29.9361,-30.8873,-30.0841,-30.0692,-27.8843,-24.4659,-28.1863
10.7072,6.7049,-4.54255,-7.11894,-11.6863,-15.0487,-21.3215,-16.6481,-19.9745,-22.1749,-23.0227,-23.2696,-25.4785,-24.9266,-27.1196,-28.8991,-25.0671,-27.6419,-30.1088,-30.1759,-28.8408,-30.6232,-30.1864,-29.0712,-30.5168,-29.5159,-31.2588,-29.2675,-26.7058,-25.9561,-25.9485,-28.7429,-31.1123,-30.7665,-31.666,-31.0066,-31.0756,-28.1522,-26.0926,-30.4047
1.37273,-0.0454094,-8.64241,-11.8345,-15.1531,-19.7836,-24.4623,-22.8598,-23.0976,-24.3421,-26.1947,-26.4162,-28.7152,-29.8079,-29.5178,-30.7956,-29.3771,-32.3725,-35.5925,-34.0562,-34.8623,-34.8568,-34.8159,-36.014,-36.9224,-34.6296,-36.5211,-35.2204,-32.6237,-31.4711,-31.4404,-34.2425,-37.9447,-36.3412,-36.9304,-36.9277,-37.2822,-34.1201,-32.2091,-37.706
-0.943198,-3.46868,-7.98695,-10.3707,-12.3836,-13.8049,-14.7869,-17.0204,-20.8188,-21.4676,-23.2857,-24.3042,-23.9026,-27.0052,-26.845,-28.433,-29.3942,-28.8325,-29.558,-30.2218,-33.4123,-29.8749,-29.8133,-31.3386,-31.8621,-32.7143,-29.9053,-31.1582,-29.5886,-24.1163,-25.7797,-28.7852,-32.2825,-33.3204,-33.3682,-32.0363,-32.5608,-30.7532,-27.6263,-31.6115
0.895738,2.09163,-4.28852,-8.8942,-11.2473,-10.8677,-12.1264,-14.3302,-16.5392,-22.7793,-25.1966,-23.3945,-21.8255,-23.1683,-25.4355,-28.1505,-27.1316,-27.0338,-28.3586,-27.7004,-29.9042,-28.1555,-27.8928,-28.9677,-29.685,-30.7293,-28.2144,-28.0184,-27.4829,-23.4381,-24.071,-28.5653,-29.9936,-30.3579,-29.8097,-29.3906,-28.1386,-27.5426,-25.3583,-28.7487
2.55259,2.7453,-2.53531,-7.53342,-13.0716,-10.4217,-12.1333,-14.3419,-14.8232,-18.3546,-18.6199,-20.8129,-23.7057,-21.1928,-24.2634,-27.7709,-27.4993,-27.7353,-28.1122,-28.1309,-28.0526,-27.957,-28.633,-29.2928,-29.8624,-31.4281,-29.9322,-28.2027,-27.297,-27.5061,-26.5503,-30.6068,-30.769,-31.2415,-30.4433,-30.3977,-29.3455,-30.1985,-27.2472,-30.1378
-3.00612,-2.35109,-5.50777,-9.59419,-14.3738,-14.0096,-17.0416,-17.1007,-18.7399,-20.6911,-20.0222,-22.2727,-26.5632,-24.6524,-26.6699,-29.5653,-28.8867,-29.3338,-30.1806,-30.5995,-30.1585,-30.7682,-31.7272,-33.666,-33.8999,-34.4658,-34.4443,-33.9234,-32.6369,-33.8619,-31.845,-34.5386,-35.6514,-37.0447,-36.3872,-36.7864,-36.2882,-37.9918,-32.3319,-34.2226
4.21998,-0.555919,-7.30071,-6.30959,-9.93662,-12.0636,-15.5557,-13.0935,-14.9544,-18.8888,-20.0672,-20.8843,-22.482,-22.7613,-24.6384,-25.5698,-23.492,-24.4603,-27.3559,-26.5983,-27.1013,-28.8782,-28.4211,-31.3793,-31.5269,-30.5845,-32.0719,-31.1076,-28.7902,-26.441,-24.8633,-28.2167,-32.6584,-33.1575,-33.1479,-32.8139,-32.5716,-32.3323,-26.5981,-30.2128
9.2801,3.78729,-6.97677,-6.78345,-12.3188,-8.81493,-11.7909,-12.8035,-15.6848,-19.083,-23.116,-23.9041,-23.6633,-21.9101,-22.843,-24.9143,-25.1133,-24.7624,-26.739,-27.5309,-28.275,-29.0748,-29.1469,-29.0391,-29.0206,-29.1642,-29.2136,-27.772,-26.2446,-23.2199,-22.3377,-26.1041,-30.05,-30.3315,-29.8905,-29.7875,-29.8309,-28.9389,-24.9947,-28.5603
7.90173,3.15424,-5.51304,-8.36912,-12.6676,-9.77219,-12.2115,-12.6007,-19.1998,-18.5215,-20.7011,-22.4457,-24.1857,-23.9925,-23.3236,-25.9815,-26.3062,-25.0463,-25.7522,-29.3105,-30.9676,-32.1826,-29.122,-28.8154,-29.7769,-30.497,-28.1572,-28.7889,-29.1615,-25.2863,-24.5215,-27.5851,-31.5551,-31.4617,-31.4014,-31.1283,-30.5911,-28.5608,-26.5113,-29.1369
0.192071,-2.64729,-6.4608,-9.71705,-13.1894,-15.0868,-15.4574,-15.2015,-21.5521,-21.2672,-21.6303,-23.333,-25.7833,-26.8439,-26.8717,-27.5702,-28.9356,-28.6646,-29.8128,-31.8896,-34.708,-35.7346,-32.834,-32.6668,-33.9837,-35.9571,-32.7212,-34.3101,-35.5562,-31.2636,-31.3521,-33.9859,-37.5058,-37.285,-37.2727,-37.1576,-35.6506,-33.1868,-32.3652,-35.0764
4.23914,2.03686,-2.12307,-5.52496,-9.84631,-13.8157,-11.0605,-11.4938,-18.1131,-21.1888,-20.2156,-21.1165,-23.2126,-23.5614,-25.6288,-23.8468,-27.4723,-26.7733,-29.0666,-26.2925,-31.239,-30.8274,-31.6597,-30.2019,-28.8726,-29.7512,-30.1385,-29.1634,-30.1185,-27.0027,-26.0873,-30.6978,-32.4446,-31.9312,-31.6298,-32.2062,-30.5515,-29.4065,-27.5767,-29.8563
6.36625,2.37709,-2.4208,-7.78669,-10.406,-12.3653,-13.5208,-13.4111,-18.9765,-21.7068,-22.7355,-23.0644,-25.7418,-25.7385,-25.193,-26.4692,-28.3811,-27.577,-29.7617,-26.0924,-29.2235,-30.813,-29.8331,-27.993,-26.0198,-27.4695,-28.8487,-27.8395,-27.8521,-23.1122,-22.8831,-28.0764,-29.8469,-29.3483,-28.9861,-30.2706,-28.7578,-26.6746,-23.8633,-27.7765
4.9575,-0.630832,-5.27457,-12.06,-13.4877,-15.1145,-17.9838,-17.3193,-21.2626,-22.888,-23.6452,-23.8232,-26.7921,-27.9805,-28.9677,-27.651,-29.6897,-29.9844,-33.4015,-30.4849,-30.4918,-31.1861,-29.6437,-28.3687,-26.7021,-29.0756,-32.1072,-29.7646,-28.6685,-24.7506,-23.865,-28.5315,-31.7349,-30.6681,-29.8585,-31.5433,-30.3016,-27.5885,-24.5232,-28.7102
-3.52745,-6.16016,-11.2702,-16.9014,-18.5326,-21.5085,-23.8766,-25.3505,-25.2779,-28.3583,-28.4786,-27.9555,-29.5295,-31.2823,-34.1716,-31.817,-35.223,-35.4145,-37.9159,-37.1552,-35.5685,-34.5487,-35.8115,-35.2052,-34.5012,-36.1026,-38.6866,-36.0187,-34.1184,-30.1574,-28.9157,-33.4053,-37.2767,-36.6564,-36.5579,-38.3275,-36.8941,-34.6125,-32.0465,-35.5675
6.02854,2.26804,-8.93304,-13.3027,-12.0957,-18.3405,-22.5072,-21.4707,-19.9623,-21.9385,-26.0771,-25.5831,-25.7035,-28.9375,-27.6087,-31.8495,-32.1903,-30.8708,-32.523,-31.9467,-30.6871,-29.7371,-31.1038,-31.5963,-33.4822,-35.7142,-33.8603,-31.7253,-28.9166,-24.3714,-24.2014,-30.1889,-31.9048,-34.8343,-33.6875,-33.8005,-31.6498,-31.7537,-29.0708,-31.6974
12.2709,5.67597,-5.51376,-13.6331,-12.8873,-15.5365,-18.997,-20.1591,-18.7564,-17.7243,-21.1661,-23.2058,-23.6784,-25.4174,-27.1159,-30.9126,-28.0319,-28.5413,-30.3701,-28.3214,-28.5733,-27.2321,-27.5552,-28.1622,-28.9137,-30.3291,-30.1954,-29.2082,-25.4622,-22.1003,-23.0547,-27.8061,-30.1188,-31.5771,-29.9075,-30.385,-29.3418,-28.2289,-25.5781,-27.7997
12.6286,7.96511,-3.75043,-12.3194,-17.0694,-13.701,-14.3806,-17.497,-17.6322,-16.6591,-19.6957,-21.217,-21.4161,-22.1064,-25.515,-28.5237,-27.2989,-27.9687,-26.9674,-28.0661,-26.6039,-27.8213,-27.4971,-29.265,-29.9028,-29.3099,-29.3552,-29.6547,-25.6069,-22.6502,-24.7985,-29.0095,-31.0077,-31.2424,-31.105,-30.6214,-29.9295,-29.2151,-26.8534,-28.6695
5.34894,2.51102,-5.06294,-13.2631,-16.3243,-15.124,-15.9318,-19.0694,-20.0488,-20.1646,-22.1655,-23.133,-23.186,-24.1101,-26.8674,-29.3155,-29.1654,-29.1142,-29.4677,-31.6072,-29.2445,-31.271,-31.6643,-34.1445,-34.4962,-33.1763,-33.0628,-34.5189,-32.4871,-28.3892,-31.6434,-35.2663,-36.2368,-36.5116,-37.5336,-36.5349,-35.8299,-35.8938,-32.913,-34.8711
2.7255,1.25912,-5.24981,-9.69633,-12.6141,-11.2749,-14.6316,-20.7365,-18.6004,-24.4457,-20.6617,-21.6364,-22.0474,-22.6134,-24.9515,-25.0777,-24.9915,-25.6397,-29.8856,-29.1274,-28.5707,-30.4508,-31.7327,-30.6892,-29.5368,-30.2862,-29.3713,-31.5815,-29.3019,-25.4385,-26.461,-30.1793,-32.0048,-34.1353,-33.5921,-32.4857,-32.788,-31.1656,-26.2511,-30.3378
3.71549,1.40922,-5.77476,-9.74898,-10.8533,-11.6434,-16.118,-19.2013,-18.4705,-22.2358,-21.9694,-23.6238,-25.5778,-25.3842,-28.0005,-25.5017,-26.6897,-27.8226,-29.0284,-28.0163,-29.3097,-30.7281,-30.7302,-28.7054,-27.6047,-29.2075,-27.5966,-27.0788,-27.6795,-23.7993,-22.6238,-27.6795,-29.788,-30.8252,-29.712,-29.6304,-28.8952,-27.7011,-23.1614,-28.0518
0.927807,1.93775,-4.8725,-10.0607,-11.9637,-13.1048,-17.1407,-16.0092,-18.875,-22.1202,-21.0799,-23.1373,-26.5302,-26.196,-25.6006,-25.9469,-28.4684,-30.3315,-29.1726,-28.0961,-31.3303,-31.9364,-32.0561,-30.5029,-28.9082,-30.0504,-28.0159,-28.0927,-29.1128,-25.0402,-23.2614,-29.9098,-30.5153,-31.8259,-31.1234,-30.9053,-29.3707,-28.6061,-24.4593,-29.9057
-3.37849,-3.15404,-7.76219,-12.5923,-14.4398,-16.0623,-17.8108,-18.5709,-22.946,-26.726,-23.8544,-25.8175,-28.0758,-28.4636,-27.3009,-28.6659,-30.6763,-30.8205,-32.3741,-33.1298,-35.2304,-34.4548,-35.3923,-36.0563,-35.0165,-35.99,-33.3527,-34.4586,-33.4355,-30.1127,-29.4351,-36.5331,-36.3052,-38.4175,-38.1537,-36.9796,-35.0887,-34.3241,-31.4832,-37.1321
6.30562,0.619516,-5.5891,-12.4274,-13.1973,-14.8115,-13.709,-17.3541,-20.572,-22.7883,-21.9171,-23.529,-25.4387,-26.394,-25.3931,-27.5567,-31.2231,-24.1865,-30.0637,-31.5353,-31.5086,-29.5953,-29.9554,-31.943,-31.4554,-33.4788,-30.7797,-30.5834,-30.4761,-25.4635,-27.164,-32.6925,-32.4416,-34.04,-32.7329,-31.0057,-29.304,-29.8394,-26.3478,-30.663
11.0798,4.12061,-2.42578,-12.4413,-13.7548,-17.6356,-16.4075,-18.0352,-17.7088,-20.0114,-21.9291,-24.3096,-24.9777,-25.895,-24.766,-27.8427,-28.5825,-23.8755,-29.6043,-30.4243,-30.079,-30.9284,-28.3095,-28.332,-27.8907,-30.1035,-29.8117,-28.1202,-26.9891,-22.4774,-22.8911,-29.3345,-29.2903,-30.458,-29.6257,-29.5085,-27.4697,-28.3491,-23.8575,-28.0582
9.59882,4.52588,-2.57577,-13.1114,-14.738,-19.2374,-17.5977,-18.5574,-15.8773,-15.7663,-21.9622,-25.1483,-27.69,-27.3866,-27.1372,-27.1569,-29.0794,-25.8747,-32.2519,-32.0229,-29.6774,-32.6986,-29.2581,-28.5442,-29.2879,-30.4702,-31.8333,-28.825,-28.2391,-24.0803,-23.9211,-29.4768,-30.9774,-31.0348,-30.294,-30.6798,-29.9589,-29.2972,-24.5664,-29.0698
-0.241789,-3.71762,-9.84042,-16.0227,-17.5847,-22.9193,-20.9753,-22.5191,-21.6186,-20.4953,-25.852,-28.1694,-31.4394,-31.2721,-31.7066,-30.2317,-33.2081,-33.9379,-37.353,-34.9129,-34.9406,-37.2778,-35.3859,-34.8243,-36.1918,-36.9377,-38.4671,-36.661,-35.3106,-29.3628,-30.7863,-35.0503,-37.6582,-36.8266,-36.6119,-37.0176,-36.2235,-34.1319,-30.1415,-34.434
4.51221,-1.7483,-6.02385,-9.53713,-12.5211,-16.2742,-14.5992,-16.7819,-15.4342,-20.4822,-24.3004,-29.0827,-26.9416,-24.851,-27.5096,-27.4682,-27.438,-29.1139,-29.0717,-29.671,-32.402,-32.1252,-32.2502,-30.7521,-31.9286,-30.357,-31.4695,-33.1822,-30.811,-23.5971,-26.7709,-29.9223,-32.0432,-32.7569,-34.7231,-33.3696,-31.5635,-29.6665,-28.4194,-31.1829
8.99644,0.59523,-4.88364,-9.04076,-12.9261,-8.61853,-10.7217,-14.6835,-13.1192,-20.2223,-23.3658,-26.1883,-24.4012,-26.0906,-28.3039,-26.6187,-25.6953,-25.3706,-26.9172,-27.8753,-28.3919,-28.6255,-29.7284,-28.6062,-29.0613,-28.2397,-28.1683,-29.8512,-28.2946,-22.4022,-23.8879,-27.8418,-28.7876,-30.2292,-31.1346,-29.9092,-29.7576,-27.4366,-25.5299,-28.1357
7.68331,3.83081,-4.31015,-9.11693,-10.3702,-6.07537,-11.3218,-16.0479,-16.451,-21.2458,-24.8475,-25.2235,-23.8343,-23.4325,-28.2247,-29.336,-27.592,-27.9823,-30.7797,-31.1292,-29.4433,-29.1315,-30.8445,-31.1553,-29.3519,-30.8023,-30.0387,-31.4125,-29.6196,-24.2138,-23.5673,-29.2213,-29.7622,-31.5633,-31.0466,-29.5425,-31.3636,-29.6308,-26.6194,-28.6022
-0.406569,-1.0316,-6.45982,-10.4131,-11.7518,-11.048,-16.3057,-20.8471,-21.5198,-25.0085,-28.3065,-29.0911,-28.7548,-26.1928,-31.2347,-33.231,-33.7626,-34.6468,-36.287,-38.5365,-35.3348,-35.1093,-35.1217,-36.5825,-34.5848,-37.6101,-36.0311,-36.7543,-34.7243,-30.3173,-28.8019,-35.5964,-37.4576,-39.2703,-37.0843,-35.4925,-37.7914,-37.1618,-33.1482,-34.5486
7.47016,2.01543,-5.19002,-7.71957,-12.024,-12.7033,-19.368,-15.5592,-16.1047,-21.8705,-22.226,-26.3812,-25.6715,-24.709,-27.7745,-28.7546,-29.8554,-31.2756,-30.9461,-33.7129,-29.1355,-32.8065,-34.616,-33.9833,-30.0492,-33.1361,-30.6137,-31.4923,-29.3284,-24.772,-24.7941,-30.8535,-35.6301,-34.1739,-34.5776,-32.4566,-32.2947,-32.1721,-28.395,-30.8972
13.7258,5.28048,1.731,-9.96568,-14.1662,-13.4722,-14.4853,-13.0361,-12.4472,-18.7431,-23.4842,-28.0699,-24.1655,-23.0731,-26.2862,-26.7747,-27.5033,-28.4606,-29.3609,-29.0913,-27.5208,-31.2783,-33.4226,-31.0534,-29.4429,-30.4659,-27.3748,-28.638,-27.0173,-23.228,-23.8112,-27.8983,-31.981,-30.5606,-30.8157,-30.1876,-29.0915,-28.9699,-24.6497,-28.1106
13.7608,4.64812,2.41512,-9.27686,-10.9887,-10.3082,-10.204,-13.5705,-15.4263,-21.4664,-26.5047,-29.0678,-25.6589,-24.1577,-27.6062,-27.7683,-29.1727,-27.8858,-29.265,-29.6514,-29.6915,-30.6951,-31.2941,-31.1923,-30.5389,-30.4531,-29.2956,-29.6208,-28.5509,-26.9286,-27.4421,-30.3321,-31.4056,-30.6166,-30.8103,-32.2554,-29.9077,-29.206,-25.9898,-30.4716
6.14751,-0.783796,-4.76553,-11.328,-13.2879,-13.1811,-13.8598,-17.9034,-23.0613,-25.66,-30.2058,-31.509,-30.6259,-29.5103,-32.8839,-33.7809,-36.3047,-32.935,-33.2488,-35.4071,-34.6085,-36.5071,-36.7921,-36.9534,-36.1618,-36.9484,-36.7496,-35.8159,-34.7659,-32.2179,-31.8472,-37.5788,-37.9632,-37.1041,-37.5728,-39.4768,-36.553,-34.9841,-32.1216,-36.8565
9.96262,1.88067,-1.62755,-11.5153,-15.7496,-13.2634,-13.5099,-17.1972,-16.7292,-20.4535,-28.2931,-28.2925,-29.6403,-32.1406,-29.3909,-30.4973,-30.8181,-32.3404,-31.3269,-30.9802,-31.4719,-33.3346,-35.5785,-33.947,-33.1928,-34.0008,-31.2133,-30.4516,-28.0709,-24.7136,-24.1313,-30.2412,-33.5777,-34.1824,-34.7182,-33.5475,-31.9336,-30.9982,-26.5807,-30.4079
10.8389,4.10345,0.961587,-10.9527,-15.4314,-11.7969,-11.6121,-16.58,-17.1356,-20.6791,-28.5326,-27.2956,-24.845,-26.4158,-28.5004,-26.8335,-29.4833,-30.1643,-26.6725,-29.248,-28.1202,-28.1171,-30.1224,-31.8612,-31.2793,-31.3869,-27.2732,-26.8467,-24.8786,-22.1735,-23.4462,-28.2215,-29.7668,-29.7732,-30.5322,-29.8883,-29.0899,-28.2316,-24.1079,-26.9136
6.16011,3.18956,-1.36568,-10.5729,-16.2855,-11.8477,-11.4193,-16.0107,-17.5791,-22.5729,-28.3758,-24.6672,-22.3007,-24.9593,-26.2636,-26.1486,-30.3256,-29.2203,-27.2529,-30.0999,-29.1379,-28.5566,-30.2917,-32.1844,-32.133,-32.2048,-28.6186,-28.1551,-25.762,-24.0111,-25.6314,-29.4953,-29.3279,-29.5736,-30.7,-31.0744,-29.6283,-27.3523,-26.0783,-28.6579
-0.544215,-2.84127,-10.8119,-15.7064,-19.1594,-16.6062,-16.1825,-18.1035,-20.6647,-25.8778,-30.1926,-27.4718,-27.1232,-28.8602,-29.0278,-30.0673,-33.114,-32.9944,-33.1807,-34.365,-35.4988,-34.6804,-35.7479,-37.2998,-36.778,-36.9305,-34.2875,-34.6765,-31.8309,-29.9433,-30.7624,-35.0776,-35.3161,-36.3481,-36.9643,-37.3624,-35.4338,-33.236,-34.0051,-36.0013
8.0063,0.972469,-7.92466,-11.2848,-15.1875,-10.3755,-13.173,-14.9817,-18.2494,-25.0471,-24.3286,-26.6939,-24.4129,-25.0632,-30.5801,-30.2021,-31.5107,-29.6384,-30.0025,-28.2195,-29.4684,-29.1724,-33.084,-34.3028,-32.0414,-32.8738,-31.2861,-30.6294,-29.982,-25.4998,-25.3187,-29.9358,-33.2571,-33.3303,-33.1879,-31.7484,-31.6146,-31.6704,-30.2162,-31.74
13.6319,2.45367,-5.09032,-6.29448,-12.3965,-8.63794,-13.0399,-14.6898,-16.2523,-22.2756,-23.2643,-26.245,-24.1178,-23.3145,-28.121,-27.9467,-30.5065,-29.6994,-26.4038,-26.0724,-27.1889,-27.7794,-30.0201,-31.8549,-29.113,-28.9176,-29.6476,-29.0798,-27.9579,-23.7141,-22.7521,-28.4537,-29.8887,-29.5634,-30.2175,-29.46,-28.4385,-28.166,-26.3446,-28.807
12.315,1.91328,-3.64125,-5.88478,-12.0814,-12.5269,-14.21,-19.7706,-20.4912,-22.6372,-25.876,-24.8,-23.5962,-23.4929,-26.9015,-28.5715,-29.5134,-30.7832,-27.4048,-27.9608,-30.2195,-30.5771,-30.4401,-31.4935,-29.5855,-29.3387,-30.6051,-29.7194,-29.4779,-25.2876,-23.3706,-29.6586,-29.4952,-30.0551,-31.6798,-30.5889,-29.1168,-29.4523,-27.0631,-29.4225
4.03174,-2.16423,-7.89101,-10.8215,-17.5412,-20.149,-19.1797,-24.5408,-23.9543,-24.8921,-25.8533,-27.2209,-28.5278,-29.5462,-30.9422,-32.607,-32.48,-33.4282,-33.4765,-32.7157,-35.552,-35.6506,-35.3954,-36.5609,-35.2693,-35.891,-35.4459,-34.9589,-35.1236,-31.8364,-30.2892,-35.6064,-35.3865,-35.9926,-38.0691,-36.3816,-34.4231,-35.4022,-32.0253,-35.0722
9.90807,5.64084,-2.64625,-9.38998,-25.1056,-11.304,-14.5711,-21.0652,-21.3193,-20.1261,-20.6334,-24.0132,-26.1644,-26.0763,-27.5151,-27.8604,-30.4696,-29.5368,-31.0943,-30.5233,-30.4761,-31.7898,-31.9511,-35.7971,-32.5676,-30.5978,-30.6686,-31.0196,-31.5051,-26.6557,-25.8252,-33.0009,-33.0662,-32.8622,-33.5974,-32.7509,-32.092,-30.0687,-26.2529,-31.131
11.9083,7.99906,0.349292,-5.1659,-16.7595,-7.27014,-10.6706,-17.5489,-19.0786,-18.476,-20.0601,-24.9632,-24.4403,-25.2426,-26.5843,-25.6101,-28.6242,-30.1167,-27.976,-28.2938,-29.3937,-29.9217,-30.1193,-31.8429,-29.438,-27.7135,-29.0878,-28.5435,-28.094,-23.4999,-23.7692,-29.4267,-30.6628,-30.0473,-30.7818,-28.8987,-29.535,-28.6518,-24.5053,-28.4384
9.61184,4.43646,-3.81089,-4.82812,-9.13021,-7.98319,-12.3745,-15.7856,-19.7062,-19.1095,-19.9742,-25.1776,-26.3613,-26.2886,-28.3966,-27.7473,-28.5883,-30.6704,-30.6377,-31.5993,-31.99,-31.3137,-30.9853,-32.2498,-31.2262,-29.4608,-30.2612,-28.7461,-29.1478,-24.3533,-25.0922,-29.3829,-32.4771,-31.2712,-31.8266,-30.909,-31.0196,-29.2821,-26.2799,-28.9498
1.64968,-1.90568,-7.59958,-9.88,-12.9425,-16.4677,-22.0037,-21.8253,-23.8927,-25.1502,-26.9062,-28.9695,-31.5563,-32.8124,-35.5402,-35.6909,-35.1619,-37.413,-38.8427,-39.2519,-39.544,-37.6011,-36.4884,-38.2042,-37.3259,-37.1444,-36.299,-34.8541,-36.7227,-31.7585,-31.751,-36.7954,-39.5132,-37.6712,-38.3594,-38.1321,-37.1259,-34.7719,-32.5597,-34.2343
9.53776,2.74011,-5.65555,-9.74941,-17.6065,-16.2422,-19.8575,-19.1318,-21.133,-24.8063,-26.2673,-25.6662,-25.1267,-29.7294,-32.7655,-28.3655,-29.4574,-35.0247,-32.2331,-31.9431,-35.5663,-32.4034,-30.7624,-32.8925,-32.2078,-35.5404,-33.4985,-29.2745,-32.1422,-28.8566,-26.8441,-33.2047,-33.8347,-33.0652,-33.5199,-33.2397,-31.6663,-31.2645,-28.2803,-32.2892
12.7953,2.55745,-2.06178,-8.33023,-16.5742,-11.6935,-15.0113,-16.1789,-18.3,-18.7342,-24.7398,-26.0208,-24.4837,-27.0454,-27.3175,-28.3858,-25.3231,-29.1916,-29.4212,-30.1583,-32.8913,-30.2479,-30.4388,-31.8593,-28.9778,-29.4774,-29.465,-27.5822,-28.0397,-24.5193,-22.9943,-28.9191,-31.1709,-30.861,-30.4483,-29.8595,-29.3266,-27.8191,-24.7456,-28.777
10.0177,1.59776,-2.01751,-11.8727,-15.1484,-14.2003,-15.5467,-13.3542,-18.9517,-17.6865,-24.6801,-24.6734,-25.3177,-26.0865,-24.8794,-28.6419,-25.8851,-27.6123,-28.7195,-31.0862,-32.9392,-31.8552,-32.3996,-33.0922,-28.424,-29.4541,-31.0479,-28.2963,-28.1079,-24.3058,-23.7074,-29.1903,-32.962,-31.899,-31.19,-30.6499,-30.1905,-27.8245,-24.7158,-27.6448
1.36308,-1.89049,-6.15525,-14.7064,-17.1737,-20.4355,-18.4832,-17.1249,-25.2236,-23.6815,-28.3905,-27.9742,-28.0828,-29.5819,-29.2322,-32.7486,-31.2131,-31.8958,-32.5624,-34.6934,-36.7418,-37.2233,-36.3716,-38.4575,-33.7535,-35.7851,-36.1754,-33.6363,-33.094,-31.2212,-31.1084,-35.8161,-38.1156,-38.233,-37.2493,-36.8469,-35.9871,-33.7255,-31.0032,-33.3251
7.31321,3.65622,-4.89217,-12.1337,-16.0014,-15.5898,-14.1038,-13.9734,-25.9052,-25.7841,-27.1834,-25.7594,-28.8868,-28.1831,-29.3903,-32.5342,-30.5741,-30.9098,-32.8754,-31.486,-29.422,-31.6672,-34.1686,-34.4439,-29.8746,-30.3163,-30.5735,-31.9559,-28.3759,-28.0449,-27.3964,-33.4353,-32.9935,-34.4348,-31.671,-31.5633,-31.0841,-29.2922,-27.5916,-30.873
7.79401,1.83183,-3.36777,-11.2348,-15.4637,-13.2253,-15.6656,-13.0463,-18.6857,-24.9196,-24.2707,-24.8606,-29.218,-26.8497,-26.2654,-29.2882,-28.2743,-27.8551,-29.8898,-29.4386,-27.8362,-28.4714,-31.494,-29.9525,-28.335,-29.4743,-28.7496,-29.35,-26.4638,-24.4996,-23.9817,-30.0395,-31.2111,-31.1751,-29.7875,-28.543,-28.7183,-26.8947,-24.812,-28.4096
7.01597,0.046931,-2.61698,-7.48998,-10.7325,-12.6975,-14.0004,-12.6121,-17.839,-19.0889,-20.7078,-21.2688,-24.9386,-24.6625,-23.2685,-27.502,-25.5254,-25.8323,-27.729,-28.5423,-29.1963,-28.883,-28.3185,-27.8791,-29.4673,-31.7359,-30.9418,-27.9164,-27.4455,-25.3781,-25.064,-29.6539,-30.5817,-30.4889,-30.3153,-30.4068,-30.5124,-28.0317,-26.1147,-28.8984
1.78024,-2.2409,-5.25424,-8.58394,-11.541,-13.3356,-14.1785,-15.265,-19.8473,-20.7123,-22.1511,-23.6216,-25.0212,-25.8276,-25.4856,-28.7397,-27.2779,-28.1499,-29.1064,-29.8666,-32.1597,-33.229,-31.3066,-31.217,-34.2208,-36.2731,-35.6557,-31.5431,-32.9333,-31.2522,-30.1044,-34.3169,-34.3126,-35.0235,-35.5806,-36.7835,-36.0061,-34.9885,-32.9411,-35.0281
7.55144,1.27079,-3.18729,-6.66483,-11.6469,-10.2359,-11.4416,-11.7539,-15.691,-20.9209,-18.5261,-23.4738,-21.5787,-23.9382,-25.2421,-27.1701,-26.9422,-28.9453,-26.8945,-26.6395,-28.3943,-29.6877,-29.3674,-30.766,-31.331,-30.9457,-29.3083,-27.7153,-29.9885,-24.8679,-23.2456,-29.7807,-32.1099,-32.1076,-32.0138,-32.6446,-30.9346,-30.1927,-28.8689,-31.7807
12.5722,5.81252,-3.81966,-8.34741,-12.2094,-13.4768,-14.2255,-13.562,-17.0609,-23.0144,-20.5998,-26.1431,-22.2961,-24.8417,-26.6247,-26.4961,-27.859,-28.1647,-28.2437,-28.6528,-28.8893,-29.2176,-30.8247,-30.0686,-29.9884,-29.8545,-28.116,-26.8538,-26.7666,-23.3093,-23.2213,-27.7327,-30.1568,-29.8168,-30.3756,-29.2885,-28.7222,-27.7713,-26.0319,-29.6312
9.50688,4.50787,-4.89264,-13.4231,-12.5934,-17.1325,-14.094,-14.5716,-22.011,-23.894,-25.1085,-27.9846,-25.4499,-26.8235,-29.4638,-28.3849,-30.0737,-28.2804,-29.3145,-30.8919,-30.3077,-31.1681,-34.209,-32.198,-31.2754,-31.1454,-30.9378,-30.293,-27.3392,-25.3525,-25.2759,-28.9517,-32.0185,-31.0385,-32.5569,-30.6745,-30.8379,-29.8924,-26.9154,-31.2103
0.157489,-2.02554,-9.54147,-17.4434,-17.8752,-22.3787,-18.8457,-19.095,-28.2102,-30.4017,-30.403,-32.0915,-30.9448,-32.1211,-35.0751,-35.1036,-36.147,-34.5237,-35.3153,-36.4539,-35.29,-36.3214,-37.4296,-38.377,-36.8253,-37.4632,-35.8042,-37.2351,-33.529,-31.4327,-31.1487,-35.226,-38.9537,-38.2802,-38.9682,-37.8656,-38.2361,-35.5751,-33.2846,-38.0256
9.25259,4.51755,-3.53231,-18.2075,-22.1756,-19.5836,-15.9306,-14.8525,-19.8331,-23.569,-22.8459,-26.975,-30.7283,-28.5679,-27.092,-29.6197,-30.2517,-31.085,-31.618,-32.3433,-32.6704,-31.4477,-31.8941,-34.1751,-33.2851,-34.4664,-30.254,-29.7313,-28.2162,-24.043,-25.8347,-31.1118,-32.9088,-33.574,-31.2963,-33.1145,-31.9518,-30.0871,-27.2623,-31.4576
13.3464,5.69737,0.0577623,-12.0983,-18.0786,-16.588,-12.3391,-14.5966,-16.2779,-19.2259,-22.6592,-26.4396,-28.3911,-24.9146,-24.6785,-29.1183,-29.1512,-27.7401,-29.6823,-28.328,-30.5963,-29.6301,-31.42,-33.4426,-29.9817,-29.8994,-28.2251,-27.927,-26.78,-21.4876,-22.8255,-28.5777,-29.7586,-30.9456,-28.4496,-29.5481,-28.4919,-27.1889,-24.8824,-29.0538
12.1642,4.28914,-0.611353,-13.0264,-17.2596,-16.8081,-12.2037,-15.533,-17.6486,-19.888,-21.9067,-25.2093,-28.1053,-24.8665,-27.4484,-29.5587,-29.2107,-28.5824,-30.405,-29.5842,-31.8351,-29.9657,-30.2998,-32.4629,-31.6822,-29.9151,-28.8964,-27.7208,-28.2196,-22.934,-24.108,-29.0724,-30.3151,-31.3263,-30.9511,-29.7478,-29.219,-28.8099,-26.4427,-30.9179
4.3836,-0.378086,-6.26344,-13.6807,-20.1866,-21.4931,-17.1374,-19.7874,-23.5073,-24.1462,-24.9694,-27.1059,-27.788,-28.589,-32.2328,-30.6263,-31.5932,-32.853,-34.0201,-35.3725,-36.1857,-34.6477,-34.3515,-37.4825,-39.9185,-38.3695,-35.7668,-33.6858,-35.2395,-29.9031,-30.097,-33.5955,-36.2072,-36.4042,-37.2876,-35.9527,-35.1082,-35.1821,-32.1266,-37.3045
7.468,0.438135,-1.83176,-5.00699,-14.1739,-16.3194,-15.0165,-21.5879,-20.6742,-22.1645,-22.6294,-26.5377,-22.7551,-26.6547,-29.4965,-26.0507,-27.0229,-30.5784,-28.6938,-30.6798,-32.8242,-31.6873,-32.5593,-33.4919,-33.3345,-32.7921,-35.4548,-32.4883,-30.3917,-24.4008,-23.0396,-29.4958,-33.2662,-33.3456,-32.4442,-32.8627,-32.4049,-30.4641,-27.3272,-30.9758
9.70332,2.45696,-1.47546,-5.61204,-13.9123,-15.2428,-13.1298,-19.0821,-22.5632,-23.9487,-22.8833,-24.719,-23.8868,-24.4293,-27.8543,-25.434,-26.3481,-28.8347,-26.5536,-28.5758,-31.8887,-30.8053,-30.4762,-29.4287,-29.465,-28.8619,-29.027,-29.0627,-26.9763,-21.522,-20.9837,-27.2587,-29.9854,-30.438,-30.1225,-30.008,-28.9412,-27.884,-24.3757,-28.2593
5.92341,1.95249,-6.12302,-10.4597,-12.9161,-13.9187,-13.6292,-19.9464,-25.1968,-28.1134,-23.3245,-21.8223,-26.2361,-27.3522,-29.8456,-24.6076,-26.7124,-28.649,-29.3678,-30.6507,-31.6512,-30.9637,-31.0497,-29.4823,-30.3309,-30.4498,-28.9805,-29.1438,-28.2546,-24.1865,-24.4677,-28.2927,-30.6842,-30.4238,-32.2235,-31.0886,-30.6338,-29.2254,-24.8018,-29.5307
-3.48984,-5.07958,-11.9872,-13.3758,-14.9647,-16.2977,-17.8696,-24.5034,-29.71,-31.1449,-27.0432,-26.968,-31.7621,-32.9857,-35.397,-29.6685,-31.1556,-34.1081,-36.7802,-36.4142,-36.7161,-36.2922,-37.7633,-36.2126,-36.5862,-37.7322,-35.5255,-33.8159,-34.2335,-30.5769,-31.7073,-35.1764,-36.3969,-34.9139,-38.8128,-37.0373,-36.58,-35.5727,-31.4109,-35.1921
-4.63271,-5.04472,-6.67431,-7.48125,-12.5886,-15.2183,-17.5616,-22.8593,-23.8997,-21.5924,-24.4619,-26.4506,-29.4385,-30.0983,-30.2444,-32.8858,-30.8058,-30.7721,-30.1378,-29.4728,-31.3382,-32.0909,-33.3344,-33.2689,-33.3877,-33.1675,-29.8809,-30.96,-28.8277,-22.8941,-25.333,-31.0996,-32.7947,-30.737,-32.3106,-32.0399,-30.5141,-31.062,-26.7534,-30.1725
3.69483,-1.16305,-5.34844,-6.68815,-14.3405,-13.1853,-15.1343,-15.9065,-19.7615,-18.2972,-23.255,-23.6902,-26.9294,-26.5864,-26.6866,-27.6695,-29.0432,-27.733,-27.6118,-27.8916,-28.5795,-28.9504,-30.0347,-30.6085,-27.6679,-29.3298,-28.276,-27.9401,-26.6515,-21.2219,-21.855,-27.534,-29.3031,-29.6905,-29.6461,-29.5742,-27.9251,-27.7813,-24.7824,-27.6872
6.97661,0.172208,-3.88905,-9.5639,-18.4861,-14.4301,-15.7255,-14.4172,-17.3428,-18.8319,-21.3428,-24.4981,-28.6546,-24.6254,-27.6519,-27.9323,-29.8785,-31.0772,-30.2257,-30.3408,-32.1647,-31.5374,-32.6865,-31.1687,-26.5446,-29.2193,-28.9576,-27.829,-28.3807,-22.9621,-23.2066,-28.9099,-30.582,-31.7365,-31.5869,-30.7492,-29.1544,-28.471,-26.815,-29.5784
1.34723,-2.94223,-7.62054,-13.2772,-20.1904,-18.7846,-20.3304,-20.5274,-22.6976,-24.5945,-26.0879,-32.4929,-32.7765,-30.8849,-32.8881,-33.2288,-34.9445,-36.7993,-34.9553,-35.8073,-38.006,-38.5524,-36.4391,-36.1482,-32.9683,-34.4127,-34.2192,-33.3312,-34.3214,-28.9392,-30.0036,-35.3886,-38.2471,-37.6506,-38.0716,-37.5108,-35.2484,-34.5733,-33.2957,-36.2438
5.28276,-0.621584,-4.70762,-11.131,-15.4567,-15.9518,-20.5414,-23.2372,-19.0294,-24.6243,-26.8649,-31.622,-25.5878,-26.571,-24.1805,-27.5268,-30.0223,-29.8499,-28.5784,-31.5048,-30.1673,-31.2933,-29.9239,-31.3741,-32.1618,-32.719,-31.3067,-28.9442,-28.9563,-24.995,-25.8121,-30.7824,-33.5092,-32.915,-32.7123,-32.3079,-31.4135,-31.1405,-27.7145,-31.0792
9.1512,1.7695,-3.39326,-9.24057,-13.3499,-16.1319,-18.6327,-18.0582,-17.9223,-23.5931,-23.3648,-28.297,-24.1579,-23.8104,-22.1509,-26.7852,-27.0927,-26.5018,-27.4873,-29.3258,-29.4554,-29.873,-29.2605,-30.09,-29.4067,-28.889,-28.7271,-27.5412,-26.8908,-22.3811,-22.7956,-27.7655,-31.9945,-31.1452,-30.6509,-29.5516,-29.8832,-28.5463,-25.2126,-28.5461
6.28531,-0.164778,-6.33776,-12.1197,-14.5081,-16.6362,-16.3132,-16.6718,-17.072,-22.9266,-23.1276,-26.2249,-25.5323,-24.6364,-25.3033,-29.8909,-27.83,-25.9237,-30.8547,-30.214,-31.3709,-32.0516,-32.4789,-31.3044,-31.4323,-29.2701,-29.3123,-28.6935,-27.9073,-23.0824,-23.6104,-29.4703,-33.4287,-32.6802,-31.6571,-30.2497,-31.0135,-30.0994,-25.8776,-29.186
-5.3322,-8.14764,-13.8453,-17.1881,-18.0453,-21.4979,-22.24,-22.9825,-22.9347,-26.8198,-30.0517,-29.3857,-30.3793,-31.7116,-31.3842,-35.5673,-33.0303,-31.3905,-36.432,-34.9768,-35.4841,-36.6419,-36.968,-35.2812,-37.5768,-36.6414,-36.1881,-34.4861,-34.7621,-29.2868,-29.5827,-36.0208,-37.2852,-37.7358,-38.0374,-36.8269,-35.9384,-35.5309,-32.0731,-35.4895
-0.32529,0.309438,-4.54563,-12.7588,-17.8259,-23.0191,-23.1322,-23.0769,-23.202,-25.2534,-27.1539,-25.3578,-28.7947,-31.9135,-32.0853,-30.9191,-28.7191,-26.7769,-29.9114,-30.958,-34.1013,-32.679,-31.7691,-31.6563,-32.979,-33.6561,-33.0955,-32.2878,-30.3951,-25.8642,-25.921,-29.9133,-31.4022,-33.6004,-34.0504,-33.7045,-30.6233,-28.8117,-27.8213,-30.3749
3.85451,2.12286,-0.104035,-11.1614,-21.061,-21.1469,-20.582,-18.7567,-20.962,-22.3329,-23.4665,-24.7391,-26.9438,-28.6168,-28.3463,-26.1388,-27.3542,-24.7496,-26.1588,-28.1036,-30.0478,-29.9438,-28.149,-28.4703,-28.8758,-29.4586,-29.9872,-28.278,-26.285,-22.971,-22.9948,-27.3027,-29.7582,-31.1238,-30.246,-30.1167,-28.4945,-26.995,-24.1262,-28.8091
6.83573,3.606,-1.86511,-8.05354,-15.7537,-20.5641,-17.9575,-16.8487,-20.146,-20.3161,-19.8676,-25.0236,-24.4123,-26.2059,-25.9216,-24.9265,-28.5867,-26.6784,-28.5479,-28.9361,-30.2096,-30.6992,-28.9597,-29.9612,-28.7011,-28.2027,-30.3973,-28.3412,-26.713,-22.9868,-24.4374,-28.4181,-32.2622,-32.4503,-32.7201,-30.76,-29.8397,-29.5357,-25.7805,-30.3073
1.9437,-0.607067,-7.53288,-12.1021,-16.1783,-22.2573,-20.6806,-20.5131,-23.7455,-22.8451,-21.9988,-26.4265,-27.1442,-29.0214,-29.5316,-29.3827,-32.2729,-30.8925,-33.6473,-32.4798,-33.8722,-35.0241,-35.0775,-35.0349,-33.9257,-32.8403,-34.7135,-33.9258,-30.9774,-27.6756,-29.6913,-34.2261,-37.8359,-38.0317,-39.1673,-36.7726,-36.0741,-36.4157,-32.2446,-35.489
7.33077,3.48325,-7.44232,-12.2782,-11.5534,-17.0688,-17.1492,-18.899,-25.9923,-22.7933,-19.8791,-21.8225,-25.7743,-24.9324,-27.8346,-29.3446,-27.3913,-29.1282,-29.6276,-29.2502,-29.288,-30.1347,-31.0003,-31.3002,-29.9271,-30.6821,-29.802,-30.2072,-28.5296,-24.7022,-24.9695,-29.6121,-31.1413,-33.6811,-33.2816,-32.9828,-31.6867,-30.0661,-27.4951,-30.0637
11.3389,5.16372,-3.82818,-9.20903,-9.0593,-14.6201,-16.8615,-18.3986,-22.2251,-22.3331,-21.3595,-21.9695,-24.979,-25.1397,-27.7052,-26.9774,-26.191,-28.5944,-27.1626,-27.7178,-28.6492,-29.0837,-30.3491,-29.8981,-28.1837,-29.1304,-29.4897,-29.0602,-25.8939,-21.4793,-21.8515,-27.0365,-29.5167,-30.2821,-30.6926,-30.4051,-29.5529,-26.6819,-25.2627,-28.2179
8.57732,5.04703,-5.76248,-9.34328,-9.81715,-13.3864,-18.5396,-20.6057,-20.3134,-21.0867,-22.4566,-22.1409,-25.4347,-28.3198,-29.2804,-25.8342,-25.0775,-28.4204,-27.2555,-29.3086,-30.217,-29.7532,-30.659,-30.5611,-28.9165,-30.1032,-30.219,-30.1969,-27.7337,-22.8364,-23.8426,-29.2379,-30.6192,-30.9866,-31.8747,-31.6947,-30.3901,-28.4281,-26.5562,-29.7697
0.136772,-1.98366,-7.81639,-12.0103,-14.4719,-17.0473,-22.3652,-23.863,-24.3887,-23.8452,-23.9668,-25.2243,-28.0632,-30.384,-31.6695,-30.6435,-28.8772,-33.278,-31.3285,-34.1659,-36.5697,-34.6648,-33.8885,-35.6782,-33.9504,-35.5099,-35.0981,-35.4641,-34.8797,-29.3823,-30.1897,-36.3082,-36.2041,-36.2311,-37.8412,-38.3527,-35.653,-35.864,-33.338,-35.755
7.56144,0.488644,-2.95697,-6.27896,-14.2877,-12.7524,-14.5927,-21.8752,-22.003,-21.1935,-20.9686,-24.7517,-26.0047,-27.7451,-28.3387,-30.671,-26.6458,-28.661,-29.2975,-29.3769,-34.4826,-31.6455,-32.018,-32.3765,-31.1807,-31.3647,-29.9928,-30.3775,-27.6137,-25.7232,-27.4071,-31.1517,-32.0509,-31.2932,-32.8441,-33.7492,-31.3758,-29.8789,-28.5725,-31.2661
10.902,1.2608,-3.11713,-4.72379,-11.6837,-9.17383,-12.5898,-16.6671,-17.6624,-19.2824,-21.262,-22.7517,-22.7292,-23.5251,-25.9064,-26.8415,-25.5152,-26.6746,-29.0505,-28.2898,-30.988,-28.7213,-30.623,-28.8685,-27.916,-27.9163,-27.0222,-27.2606,-24.517,-22.1734,-23.4886,-27.9123,-29.5126,-29.6802,-31.0998,-30.3108,-28.8386,-27.2667,-24.6865,-28.5558
11.0014,6.99872,1.03286,-2.9309,-5.95111,-6.4017,-11.2667,-13.4543,-15.8945,-17.1364,-16.8988,-16.396,-18.5084,-19.9787,-23.278,-23.3531,-23.7322,-25.0975,-26.2868,-25.3045,-28.1276,-26.0151,-27.9759,-27.9333,-26.7934,-26.7273,-28.5973,-28.3761,-26.7665,-23.3744,-23.6877,-28.2753,-29.973,-31.7793,-32.6531,-30.8832,-29.9927,-28.2641,-24.5662,-27.9791
6.1739,4.46596,0.0860128,-4.10257,-6.46134,-8.73758,-13.1858,-14.9155,-16.6178,-18.4451,-18.1119,-17.9334,-19.7321,-22.4394,-23.6898,-23.848,-25.1235,-26.5205,-27.5251,-26.9215,-29.518,-27.9374,-29.4081,-30.7737,-30.1913,-30.4649,-32.9398,-32.0569,-31.9745,-29.307,-29.2694,-32.4711,-34.1513,-36.9516,-38.0222,-36.0021,-35.3288,-33.7927,-30.4787,-32.8757
11.2461,9.26998,0.436568,-1.16958,-5.71809,-9.92145,-14.9393,-13.7704,-13.9972,-17.3335,-17.3992,-17.5897,-17.9842,-21.629,-19.7697,-20.7768,-23.516,-24.9511,-25.5151,-24.9432,-27.3047,-26.3669,-27.5527,-28.8528,-28.8109,-29.8064,-27.3985,-27.6421,-27.6931,-23.1274,-24.2027,-28.4545,-31.7186,-31.9085,-33.0993,-32.3458,-31.3348,-30.8247,-26.9726,-31.0097
12.5469,8.09744,-2.02236,-5.00032,-10.0038,-9.40341,-14.3619,-15.3778,-15.4395,-19.2021,-19.3053,-18.425,-20.3548,-23.7143,-22.8443,-24.5788,-25.8166,-26.4837,-25.3594,-26.2679,-28.3895,-28.8326,-28.6624,-28.3416,-28.9292,-26.9819,-26.0539,-26.0787,-25.8673,-21.9117,-23.3331,-27.4177,-30.009,-29.4888,-30.8483,-30.6036,-28.5812,-28.0965,-24.1544,-28.2778
9.56494,4.78959,-2.5645,-5.68028,-9.94331,-7.84939,-10.751,-14.4691,-15.0608,-16.4936,-17.751,-18.2715,-20.0886,-20.3163,-20.716,-25.2968,-24.0482,-24.6263,-23.3927,-25.899,-26.183,-27.457,-27.6029,-27.5376,-28.9443,-27.2616,-28.334,-28.1885,-27.463,-24.7436,-25.0678,-28.4392,-30.7883,-30.299,-31.3921,-31.6081,-30.1061,-29.0503,-25.184,-29.8974
2.80876,0.0411131,-4.09582,-6.70828,-10.8104,-11.5014,-13.5067,-15.8613,-16.0052,-17.4429,-18.924,-20.6574,-21.1862,-21.6942,-22.8201,-26.5605,-25.4871,-26.4818,-26.187,-27.943,-28.5246,-29.6095,-29.9404,-30.4909,-31.7702,-32.9412,-33.2109,-33.3008,-31.939,-29.7103,-30.2845,-33.4587,-36.1393,-34.8351,-36.0237,-36.2723,-35.432,-33.7713,-31.0544,-36.2506
8.14299,1.39286,-3.70974,-3.71795,-10.9417,-11.4721,-13.878,-12.6197,-13.756,-16.4742,-17.7141,-18.668,-18.7869,-20.3655,-23.9522,-24.6148,-24.0607,-24.5438,-25.6172,-24.8357,-27.6525,-29.4473,-27.0563,-28.124,-28.9785,-30.8872,-29.6072,-30.3153,-26.6732,-27.1509,-28.3219,-30.618,-33.1112,-30.553,-31.6463,-31.7527,-30.1914,-28.7732,-27.2424,-32.1118
12.917,3.88951,-5.29998,-4.79047,-12.8699,-10.9735,-12.5668,-11.7788,-14.0864,-19.1045,-20.4979,-20.0396,-21.3697,-21.8629,-24.9012,-25.7617,-27.094,-27.4848,-26.4732,-25.9742,-28.1773,-28.2273,-28.9702,-28.4209,-27.8133,-29.4535,-27.8425,-29.3351,-26.4447,-24.8878,-25.056,-27.2206,-30.7559,-30.1729,-30.3573,-29.0361,-27.8894,-27.0125,-25.1095,-29.4565
13.4824,6.9484,-4.06142,-5.59617,-13.3193,-12.125,-11.7082,-12.4123,-13.6736,-19.7759,-18.616,-20.3415,-23.2251,-22.6872,-24.2643,-24.7105,-26.3437,-26.9864,-27.7506,-27.8145,-27.6687,-27.8785,-28.9721,-27.5708,-29.4434,-30.93,-28.1755,-29.2873,-28.5942,-25.8204,-25.5666,-27.9611,-31.3937,-31.6168,-31.4444,-30.2313,-29.4716,-28.6161,-25.7399,-29.8353
6.19548,2.22377,-5.62249,-9.69677,-13.6883,-15.2534,-14.3186,-16.3604,-17.7208,-21.2713,-20.0999,-24.1266,-24.7463,-24.5983,-26.6617,-27.103,-27.409,-28.8039,-29.685,-30.6244,-30.6773,-31.4411,-31.9731,-31.6247,-33.4038,-34.5576,-32.5793,-33.2608,-33.0988,-31.5235,-31.0645,-34.1483,-35.695,-37.5824,-37.3745,-35.8582,-34.5973,-34.9152,-32.1355,-35.1852
6.66482,1.03247,-5.15422,-11.5042,-12.9705,-11.1343,-8.72387,-15.183,-16.7595,-17.4622,-17.9605,-22.7696,-21.8123,-22.2049,-26.6325,-27.3341,-23.7523,-27.7655,-27.12,-28.769,-28.2596,-29.5815,-33.2253,-32.9715,-29.7011,-30.0022,-29.7991,-30.762,-29.7518,-25.7662,-26.678,-31.5763,-32.0343,-33.6313,-32.3851,-31.4714,-30.0767,-30.218,-27.4151,-30.0717
11.6742,4.90916,-4.46538,-10.856,-12.8762,-11.0844,-9.59443,-15.3638,-17.7135,-20.3116,-21.366,-23.4867,-21.2379,-21.2212,-26.7352,-27.1302,-24.3115,-27.2627,-27.7891,-27.4512,-27.649,-27.8611,-31.2648,-30.3619,-28.4922,-27.3693,-28.4536,-28.6522,-27.6132,-23.5538,-24.0243,-28.5845,-29.8754,-31.2534,-29.8624,-30.2277,-28.9017,-28.3159,-24.2167,-27.5966
10.7639,5.39865,-3.81128,-5.8191,-6.65905,-7.99169,-12.6569,-14.7128,-13.8058,-20.0818,-22.1685,-24.0654,-22.853,-20.7155,-23.9173,-25.9982,-24.0499,-26.8111,-26.8327,-26.5735,-28.1756,-28.1249,-29.9143,-30.0575,-29.4595,-27.9755,-29.4038,-30.9845,-27.2895,-24.708,-25.3002,-29.2172,-31.3121,-31.0123,-30.9562,-31.1504,-31.5975,-30.0602,-25.8867,-29.3436
3.56281,0.299275,-4.90862,-7.94164,-8.72873,-10.4534,-16.412,-17.9149,-16.966,-21.9703,-23.6922,-27.0981,-26.1344,-22.6171,-24.7696,-27.0721,-26.4055,-28.9184,-29.3373,-28.8652,-30.6994,-31.3719,-32.2211,-32.9549,-32.9002,-33.5054,-34.648,-36.7547,-31.7932,-30.2913,-31.9174,-33.5349,-35.5187,-35.6678,-35.924,-35.7169,-37.7388,-35.1334,-31.9981,-35.3023
7.20345,1.90274,-2.13566,-9.95771,-10.5219,-10.3313,-15.7406,-20.8611,-20.2828,-20.7374,-21.0913,-23.304,-23.2248,-19.5335,-22.1127,-24.8001,-26.3953,-27.8591,-28.1748,-28.3664,-29.2459,-28.8954,-29.2375,-29.9624,-30.3672,-28.7704,-29.8146,-29.5548,-28.9767,-26.4269,-26.8533,-30.8563,-31.3335,-32.9863,-32.2364,-31.5357,-31.6557,-28.7579,-26.605,-31.0193
10.5969,4.02353,-0.643592,-8.21946,-9.64207,-9.8214,-15.1321,-19.8686,-17.0173,-20.6716,-21.4112,-23.6967,-23.6086,-21.8699,-23.9676,-27.3004,-28.4695,-27.814,-28.7883,-31.2173,-30.5241,-28.4664,-30.004,-28.8107,-29.1501,-29.0228,-28.8071,-26.5442,-27.1665,-23.3692,-22.8438,-27.9498,-29.8245,-31.799,-30.376,-29.7961,-28.9611,-27.0476,-24.8259,-28.1933
7.44908,0.353127,-2.14875,-8.69859,-6.82193,-8.68375,-14.4506,-19.046,-17.014,-19.723,-27.0895,-25.514,-24.8125,-24.3624,-27.1478,-27.6053,-32.3057,-28.3858,-29.7598,-33.4388,-31.9827,-30.0399,-32.001,-29.621,-29.7356,-29.8485,-30.5068,-29.5166,-29.8565,-24.0245,-22.106,-28.7349,-30.17,-31.3706,-31.7018,-31.4745,-29.5028,-27.9065,-27.343,-30.4442
0.760833,-3.93848,-7.03733,-12.1041,-11.1074,-14.3176,-17.4542,-21.1753,-25.2163,-26.0238,-28.6413,-27.8744,-28.1236,-30.8239,-31.7927,-31.2902,-36.2259,-33.1506,-34.1909,-36.4634,-35.8803,-35.8357,-36.4372,-35.5118,-35.7633,-35.7838,-36.0989,-36.3591,-35.8575,-30.4024,-27.843,-33.8281,-35.5502,-35.9073,-36.9048,-37.2234,-35.0455,-33.3855,-33.3154,-36.7389
1.41424,-1.75315,-8.21644,-10.3947,-10.9391,-15.8526,-13.2395,-19.9215,-23.3809,-25.7702,-23.6916,-25.6394,-23.5786,-25.2905,-26.5228,-27.3605,-31.1836,-33.0273,-28.987,-30.825,-31.7017,-35.8974,-33.1841,-32.4595,-31.5,-33.135,-30.115,-29.9509,-29.3684,-25.0733,-24.3431,-29.2949,-32.6245,-33.5386,-32.2499,-33.4816,-31.7602,-31.3462,-27.7541,-30.5411
4.70234,-1.32021,-7.65138,-8.41933,-11.2157,-13.1036,-12.1295,-21.3552,-23.5096,-24.1211,-23.648,-26.5319,-23.238,-23.6992,-24.8087,-26.6156,-28.9594,-29.9647,-27.9509,-30.5284,-30.4102,-32.6689,-30.4436,-29.1123,-28.3531,-29.5398,-27.6654,-28.4618,-28.4166,-22.193,-22.7596,-27.5345,-29.7779,-30.6127,-30.368,-30.1828,-29.0688,-27.9539,-24.0947,-28.3377
2.8978,-3.315,-13.0964,-9.17546,-13.9003,-15.3262,-15.364,-20.2927,-21.0743,-24.8797,-24.8759,-26.5881,-26.4778,-27.5874,-27.7609,-27.943,-28.1299,-30.8089,-30.199,-29.4055,-29.4696,-32.7966,-30.7449,-30.4363,-28.2916,-29.6175,-29.9679,-30.1081,-29.8978,-20.6614,-22.8369,-30.7967,-31.4068,-32.4692,-32.7342,-31.4941,-30.1665,-28.4637,-25.5982,-30.1707
-2.81748,-7.54798,-15.7331,-15.0564,-17.1087,-18.4175,-19.8332,-23.3021,-23.812,-27.527,-29.6554,-31.9315,-33.2795,-33.6671,-34.1974,-33.4031,-33.6979,-35.8393,-34.6522,-33.2624,-34.1807,-36.5095,-35.4873,-37.3543,-33.3568,-34.8241,-35.6102,-34.1442,-35.2314,-26.7778,-28.2204,-36.2816,-36.8808,-38.675,-38.2766,-37.2628,-35.6228,-34.0481,-32.5554,-36.4976
6.05745,-1.23421,-10.6275,-19.9049,-18.4966,-8.91175,-13.8698,-17.8803,-17.017,-24.5559,-25.1114,-30.4358,-27.0457,-26.8634,-30.78,-28.4474,-32.0612,-32.1728,-30.0777,-31.5005,-30.4023,-30.5012,-30.4871,-32.6218,-30.7938,-30.9087,-31.0571,-29.2672,-29.881,-26.2684,-24.6984,-30.7708,-31.5416,-32.3015,-32.1497,-31.9177,-31.5485,-30.7469,-27.9237,-30.8654
13.009,6.71398,-5.24111,-12.6257,-15.2336,-8.00823,-10.7277,-14.6541,-15.7378,-22.1653,-18.6353,-24.9816,-25.7452,-25.4288,-29.5083,-28.224,-30.1827,-29.3685,-27.9551,-29.9157,-29.1173,-30.1122,-29.6349,-29.5799,-27.9191,-28.9371,-28.8439,-28.4562,-26.7339,-23.0075,-22.9384,-27.81,-28.9017,-30.0674,-28.8173,-29.5054,-29.1781,-27.5406,-24.8983,-27.951
12.3365,6.65928,-5.08273,-10.1355,-18.7588,-11.1441,-12.888,-16.4329,-22.0367,-21.8105,-19.8881,-25.5654,-28.7874,-27.25,-30.7603,-33.476,-33.6294,-31.3008,-27.543,-30.4584,-32.1149,-32.2221,-29.696,-29.8577,-30.4915,-29.4116,-29.8387,-30.2098,-28.1311,-23.7287,-24.2659,-28.8809,-30.8441,-32.7818,-30.831,-31.1799,-29.7805,-29.2382,-27.437,-30.2691
2.28721,-3.29397,-12.8588,-17.2369,-21.433,-17.5056,-19.3385,-25.6863,-31.2437,-29.6246,-27.9431,-30.499,-31.0193,-30.9143,-36.4038,-39.1236,-39.5706,-36.8345,-33.3229,-36.3294,-39.1591,-37.8394,-34.7134,-35.6784,-38.0879,-34.9682,-35.3349,-35.8805,-34.6779,-31.1027,-30.945,-36.2305,-38.7235,-39.4629,-37.7888,-38.0974,-35.3538,-35.8091,-34.1776,-37.0955
3.18917,-4.7487,-8.56849,-10.361,-13.0812,-12.5831,-12.5998,-21.722,-26.1465,-25.1417,-25.4574,-29.006,-23.1392,-24.7655,-31.158,-31.6312,-33.6376,-31.3493,-30.4839,-32.0875,-32.6919,-32.3691,-31.5757,-32.8346,-33.3489,-31.7228,-31.5599,-29.5644,-29.7604,-27.1085,-26.9354,-34.3553,-32.7194,-32.5464,-33.2344,-33.7053,-31.1717,-31.5857,-28.1938,-30.4831
8.87097,1.62876,-5.44427,-6.50241,-10.5541,-10.3751,-12.4049,-19.9872,-20.28,-22.045,-22.9513,-26.87,-23.5457,-25.7866,-28.6403,-27.4374,-28.7943,-29.0523,-29.0424,-28.4962,-28.6721,-30.4285,-28.812,-30.9075,-29.0963,-29.1929,-29.0279,-26.7918,-26.4258,-23.492,-23.7342,-30.5981,-29.5509,-29.5603,-29.8983,-29.9191,-28.7824,-27.7366,-24.4637,-28.5809
7.78624,1.56604,-4.73237,-7.99797,-8.52388,-13.0211,-15.5138,-16.3948,-19.0332,-18.6788,-20.9948,-23.9303,-23.945,-23.1753,-24.8045,-26.8729,-27.4434,-29.1366,-29.2345,-29.0606,-27.7797,-28.9767,-28.2432,-29.8452,-29.45,-29.9274,-28.3833,-28.6509,-27.5003,-24.9512,-24.9749,-30.7979,-30.9398,-31.0331,-31.5297,-31.0531,-31.4183,-28.8387,-25.9472,-30.1335
0.805829,-2.11607,-7.44739,-12.3968,-12.6164,-16.697,-20.1489,-20.2967,-23.231,-22.5268,-23.9378,-25.8134,-26.2773,-24.8907,-26.6832,-30.5731,-30.5428,-31.1096,-32.415,-32.7716,-33.8268,-32.4039,-31.7578,-33.7627,-34.0396,-34.3182,-32.7526,-34.3283,-32.8973,-31.3536,-30.4941,-35.1667,-36.8778,-37.531,-37.664,-37.9372,-38.3376,-36.313,-32.5314,-34.8396
9.76364,7.00425,-5.05233,-11.6602,-11.8894,-10.5059,-12.0517,-22.034,-19.397,-20.0462,-24.7332,-22.7456,-24.3993,-24.4503,-26.6963,-28.2713,-27.454,-28.384,-28.8039,-28.8224,-32.0615,-31.7544,-29.6863,-33.5305,-31.2681,-32.3275,-30.5326,-30.6718,-28.4555,-25.5969,-25.4776,-29.4502,-31.3072,-31.5925,-31.7007,-33.6372,-31.7416,-30.2629,-27.0013,-30.8786
12.9552,7.94623,-7.68117,-14.2093,-14.7106,-10.5211,-11.0559,-20.088,-17.099,-19.2764,-23.4883,-24.5112,-24.5115,-25.8309,-26.9399,-27.6482,-26.7291,-28.3784,-27.7377,-27.3861,-28.7865,-29.9197,-30.091,-29.2234,-29.2145,-29.6644,-28.5044,-28.7661,-26.037,-22.9166,-23.6713,-27.8725,-28.7646,-28.7441,-28.7726,-29.7844,-28.7017,-27.5943,-25.1837,-29.5349
8.41243,2.99108,-9.38952,-16.528,-22.6272,-17.9614,-18.4149,-19.9456,-16.6004,-21.6818,-22.597,-25.4514,-26.8371,-28.7977,-27.9815,-26.67,-29.6503,-29.1535,-29.3725,-29.2192,-30.2055,-30.8934,-30.8719,-29.8516,-30.9527,-29.9074,-29.3577,-28.88,-27.6614,-23.1747,-25.1042,-30.0952,-29.7106,-30.1771,-30.1589,-31.7124,-30.8436,-29.2059,-27.2613,-31.9127
-3.46148,-5.78002,-10.4281,-13.7105,-18.7013,-23.2106,-26.1824,-25.3296,-22.3232,-26.3226,-27.5696,-28.938,-33.3029,-34.8282,-32.0941,-30.4936,-34.2318,-33.2938,-34.7489,-35.7177,-35.9198,-35.8534,-35.4221,-34.6942,-36.8422,-35.9098,-33.5947,-34.3326,-34.0103,-29.0597,-31.261,-36.5102,-36.6199,-37.5515,-37.0021,-39.1164,-37.8282,-34.7293,-33.5441,-38.0503
1.10565,-2.83209,-4.54498,-6.62502,-10.8249,-21.9004,-22.1306,-20.7151,-20.5897,-20.5579,-25.0735,-28.1185,-26.0741,-28.8918,-28.6966,-30.1365,-30.5904,-31.7711,-30.4844,-31.667,-30.5157,-30.9592,-31.7374,-33.8533,-31.9909,-31.7728,-26.681,-33.7258,-30.7845,-26.7156,-26.3271,-33.2164,-34.5306,-33.9291,-34.7836,-33.6116,-31.8568,-30.0267,-28.3097,-30.8742
5.17895,1.05084,-3.37962,-7.37132,-11.8803,-18.726,-17.7452,-16.9647,-19.3577,-19.8734,-23.6741,-26.5507,-24.354,-25.9729,-29.7827,-28.9823,-28.8719,-27.5294,-30.6714,-29.5943,-27.6249,-29.0972,-29.5625,-31.0184,-29.7579,-28.7885,-25.685,-29.8053,-27.7422,-23.3574,-22.7674,-28.3972,-31.4908,-30.8442,-31.0218,-30.1526,-29.6351,-27.8609,-24.8695,-28.0703
4.54225,2.81283,-3.97383,-8.09766,-17.3487,-16.5058,-18.0424,-14.0485,-16.1022,-19.9156,-23.7407,-27.8056,-26.1171,-27.7173,-31.8094,-28.6008,-31.2428,-29.3111,-33.2512,-29.967,-28.4629,-29.5221,-30.4479,-30.2206,-30.5346,-30.0939,-30.0002,-30.2137,-29.0631,-24.455,-24.0869,-29.2318,-31.7191,-30.9764,-31.666,-31.1536,-31.2022,-30.4143,-25.423,-29.4689
-3.18064,-4.49387,-12.1679,-14.1489,-18.3855,-19.5129,-23.7111,-18.4564,-19.0979,-24.5638,-27.142,-30.525,-28.437,-30.5107,-34.0044,-32.4952,-36.7629,-36.6333,-37.1561,-36.1986,-34.4564,-33.5244,-35.7916,-36.6255,-36.9149,-36.1124,-36.8435,-36.3205,-36.0611,-30.0321,-30.3529,-35.9358,-36.5961,-36.8549,-38.7726,-38.675,-38.0041,-36.3093,-31.2174,-35.3951
4.20834,-3.22043,-15.1653,-12.5965,-12.5098,-11.515,-16.4599,-19.4341,-18.3657,-23.0961,-24.4552,-26.1955,-24.3761,-28.0031,-28.5215,-27.8739,-30.3426,-30.4429,-30.151,-30.031,-29.5989,-31.1252,-31.8304,-33.0007,-32.9609,-31.593,-31.2065,-31.319,-31.9773,-26.756,-27.4492,-30.5364,-30.75,-32.7728,-32.6786,-33.4937,-31.8123,-30.4001,-28.4561,-30.9793
11.0814,5.81695,-6.4425,-10.0402,-7.33889,-6.73356,-11.3716,-19.6796,-19.2071,-21.4938,-20.8276,-24.5118,-23.9812,-23.8117,-26.945,-25.3461,-27.7954,-28.4251,-28.3802,-27.2932,-28.8729,-29.4359,-29.1962,-29.2617,-28.5943,-28.6335,-29.0834,-28.0821,-27.6942,-22.1601,-23.4578,-27.6721,-29.8981,-29.8569,-29.0158,-30.0413,-28.8748,-27.7761,-24.8475,-28.4405
9.4056,5.21571,-3.11068,-9.69493,-9.94324,-11.1254,-14.6876,-21.1016,-24.6619,-25.5668,-24.9076,-28.123,-27.3204,-25.8521,-28.5068,-26.7213,-30.0073,-31.8657,-30.7493,-29.7098,-31.2869,-30.3919,-30.7743,-31.4274,-29.1407,-30.4459,-31.4612,-28.9044,-27.7248,-23.8223,-24.4742,-30.1025,-31.8387,-30.9963,-29.5763,-31.9787,-31.2935,-29.3461,-25.6121,-30.4533
-2.01118,-3.76205,-8.8658,-15.4252,-20.6525,-20.7507,-24.4683,-25.7001,-30.1925,-31.8625,-33.5521,-33.7678,-33.6187,-34.6934,-35.9602,-34.7736,-39.0311,-41.1261,-38.2863,-36.236,-37.5124,-36.6031,-38.4003,-37.2972,-37.7426,-38.7284,-38.1931,-35.0383,-34.4163,-30.828,-31.0811,-37.5888,-37.53,-37.7302,-36.4115,-37.7606,-37.9802,-36.5385,-31.8805,-36.5167
-3.19282,-8.20969,-7.95239,-10.7109,-21.4173,-14.5668,-16.7997,-21.5841,-24.4032,-22.5518,-24.6496,-24.5548,-29.491,-30.6093,-30.0436,-30.7184,-38.0266,-30.8716,-32.4139,-29.6819,-32.4025,-33.0714,-34.3638,-32.4397,-33.943,-31.359,-31.0799,-32.8943,-30.2359,-25.4004,-25.5823,-31.8638,-35.1383,-32.7143,-34.0617,-32.268,-31.6177,-31.3968,-28.0529,-30.922
5.49894,0.551904,-2.61958,-8.17346,-14.4551,-11.4821,-13.1643,-20.0241,-23.4993,-23.2795,-24.2155,-23.582,-27.5628,-28.919,-26.5699,-27.2306,-31.0377,-28.1338,-29.2951,-27.5703,-28.8606,-29.0558,-30.9807,-29.9205,-29.4647,-28.4083,-27.5497,-29.0175,-25.4305,-22.5215,-22.8037,-29.0537,-32.0696,-30.4117,-30.0855,-29.1327,-28.3864,-27.8881,-25.6041,-28.7331
7.22779,1.63881,-4.73219,-10.6856,-15.8524,-13.8088,-15.7181,-21.0869,-23.3335,-28.0868,-28.2362,-26.216,-26.9829,-32.5616,-28.2226,-28.4338,-31.9437,-31.305,-31.6855,-30.8298,-30.9225,-29.9304,-32.585,-31.34,-29.7967,-30.2473,-30.3126,-28.519,-26.4146,-22.4971,-22.8943,-29.3538,-32.7024,-32.2483,-31.3156,-30.8025,-31.1493,-29.5317,-27.4237,-29.2417
0.767707,-5.17996,-14.1731,-20.5912,-24.7608,-23.6132,-24.4449,-26.5488,-26.9888,-31.9885,-35.446,-33.1011,-32.3548,-38.0373,-34.2093,-36.0958,-37.1807,-37.0879,-38.3443,-38.4831,-38.2544,-36.9574,-37.9841,-39.2366,-36.2904,-36.3844,-37.1325,-35.1828,-33.6323,-27.858,-28.0919,-35.6847,-38.0135,-38.9576,-38.6631,-38.2953,-37.9622,-35.4702,-34.093,-34.7399
9.22775,1.9168,-13.8686,-11.7775,-15.5408,-14.3612,-16.7513,-21.1631,-19.3355,-23.1141,-30.6131,-28.4366,-29.0415,-29.6912,-27.8257,-31.0178,-29.4485,-29.0094,-29.9136,-33.7868,-35.5498,-30.6923,-32.1313,-33.2833,-29.6718,-30.2869,-34.0948,-32.5642,-30.8756,-25.227,-24.5675,-32.1679,-33.2316,-33.333,-33.704,-33.8433,-32.5363,-29.6642,-27.093,-30.4554
11.7893,3.14591,-7.17176,-6.03757,-11.9836,-8.88334,-14.526,-20.7822,-16.6179,-19.4505,-24.4631,-25.6137,-25.3903,-26.1092,-26.2181,-27.6434,-28.7231,-26.7615,-27.2931,-29.1601,-32.1783,-29.247,-29.2288,-30.1111,-27.9235,-26.9312,-29.4281,-27.8422,-26.832,-22.6086,-22.3562,-28.2616,-30.7643,-31.4593,-31.1594,-30.0099,-29.8602,-27.5936,-23.8174,-28.4381
9.42318,5.08749,-3.03112,-8.28605,-9.70319,-7.78424,-18.7521,-21.1097,-16.6036,-17.4987,-22.2822,-22.5742,-22.9718,-25.8176,-24.5024,-26.0192,-26.6922,-26.2884,-28.5292,-27.878,-30.5273,-30.1156,-29.8977,-30.264,-29.2146,-28.7382,-29.9756,-27.9248,-27.9725,-23.6766,-23.6595,-28.7162,-31.8269,-32.2265,-32.723,-31.2734,-30.3853,-29.4496,-25.6279,-30.0455
2.21433,1.21703,-4.88509,-11.4737,-10.9798,-11.81,-20.1731,-20.4431,-18.9238,-20.2763,-22.4146,-23.5032,-25.547,-28.9078,-26.4216,-27.688,-28.9028,-29.9118,-31.5838,-30.7482,-33.1867,-33.7675,-34.4675,-34.0509,-32.3963,-35.0012,-35.3769,-34.2506,-34.4382,-30.0169,-28.6802,-34.1678,-36.6203,-36.8494,-37.8808,-37.7433,-36.6756,-36.6611,-32.6051,-36.7811
9.18838,6.91871,-5.59143,-10.6263,-7.97481,-7.39525,-12.3839,-15.173,-16.7845,-17.5147,-19.1699,-21.3117,-24.4694,-25.2123,-24.2099,-25.7512,-25.6134,-28.0351,-28.9155,-28.121,-29.4171,-30.1633,-31.6181,-30.4599,-27.4771,-29.591,-32.6503,-32.008,-29.2131,-23.8864,-23.661,-29.0965,-31.347,-32.1456,-32.4291,-32.8341,-32.2812,-30.559,-26.8957,-32.5304
13.8486,8.36779,-6.78621,-9.08314,-8.88277,-7.1258,-9.54369,-17.468,-19.2983,-18.316,-21.317,-21.794,-26.735,-25.7487,-25.4446,-26.394,-25.0796,-28.1574,-28.0195,-28.1752,-28.0009,-28.2615,-30.3657,-30.1017,-28.3904,-28.5618,-29.2005,-28.4938,-26.2293,-20.8429,-20.6471,-26.4164,-28.5849,-30.4002,-30.6396,-31.1559,-30.0735,-27.7186,-24.9046,-29.3294
11.8314,5.92656,-6.87935,-6.50062,-12.0437,-9.88788,-10.2153,-16.3983,-18.8009,-19.2044,-18.871,-20.7136,-23.7854,-23.9803,-25.7445,-25.5952,-25.4477,-26.6542,-27.1501,-27.6592,-29.2153,-30.0491,-29.2317,-30.8611,-31.4971,-28.2432,-28.0916,-28.3778,-26.5875,-22.4893,-21.9889,-27.9679,-29.7603,-30.4597,-32.1725,-31.5634,-31.1095,-29.024,-26.0624,-29.5854
2.39847,-1.07696,-8.26271,-10.2776,-16.1798,-16.0214,-15.4038,-18.0012,-19.3243,-20.9736,-21.761,-24.5335,-25.2274,-26.1604,-27.0919,-28.0367,-28.1567,-30.0643,-32.2696,-31.8608,-31.9669,-32.7469,-32.237,-34.5329,-35.3201,-32.3669,-33.1134,-33.2779,-30.3942,-28.4785,-28.3776,-35.5998,-35.4515,-35.1102,-38.9373,-37.0129,-36.8649,-35.4738,-32.1242,-35.1645
4.61963,-4.10936,-7.08832,-12.8317,-15.7355,-13.1076,-12.2514,-15.3215,-15.0905,-16.4933,-22.9578,-23.7594,-24.2077,-24.3309,-23.8406,-28.2513,-27.1865,-29.2339,-30.1452,-30.3125,-27.689,-27.5385,-29.7983,-31.5115,-29.5824,-30.1801,-30.7826,-29.3335,-27.2005,-22.2005,-22.6217,-30.2225,-31.8698,-32.7541,-32.1473,-33.7051,-32.7901,-30.5093,-28.2926,-31.6235
12.1565,5.95501,-2.42734,-11.2186,-15.0703,-11.7915,-12.0897,-17.0819,-17.8497,-15.9201,-23.5665,-26.2889,-23.5196,-22.0259,-24.8171,-28.4245,-27.7592,-28.2343,-28.9764,-28.2263,-26.4094,-28.0845,-28.458,-29.5548,-28.3248,-27.9834,-27.7274,-27.6178,-25.1578,-20.4311,-20.0368,-25.5551,-29.5208,-29.2698,-28.8627,-30.9476,-29.6677,-27.9784,-24.4954,-28.2727
11.9788,6.49328,-3.32639,-10.5439,-13.8528,-10.3269,-14.8733,-18.7682,-23.0938,-20.715,-26.2694,-28.4332,-26.4002,-24.4345,-29.7433,-30.5499,-25.5328,-30.6733,-29.9761,-29.1398,-29.3632,-30.5028,-30.5672,-29.3041,-30.253,-30.838,-28.8648,-30.1649,-26.8371,-23.2765,-22.5199,-26.4735,-30.1972,-29.5477,-29.8779,-32.441,-31.4712,-28.1351,-25.0935,-29.5101
2.33261,-2.97047,-11.4527,-17.5147,-21.5396,-16.799,-19.4561,-23.4425,-29.1741,-32.3262,-32.5241,-31.9344,-32.4573,-32.4411,-35.7135,-35.4868,-30.7694,-37.0089,-35.3584,-33.9028,-38.5277,-36.8244,-36.51,-34.0052,-33.8797,-37.3736,-34.4877,-35.5404,-34.2902,-27.7494,-27.524,-33.2372,-35.7482,-36.167,-35.8965,-38.0614,-37.9344,-33.9912,-32.1105,-36.4238
1.11181,-1.3121,-7.14876,-4.85622,-14.9568,-18.4043,-19.4832,-21.3242,-21.5029,-24.2796,-25.3606,-27.5909,-25.6443,-26.1216,-29.3139,-29.4721,-29.4618,-29.8199,-31.0922,-27.3286,-30.0288,-30.7016,-30.1421,-28.4135,-25.8665,-29.8665,-31.8597,-31.8835,-27.801,-19.4546,-19.803,-27.9219,-30.8469,-31.7791,-31.2096,-30.9836,-31.421,-30.3872,-27.2966,-31.4602
2.53602,-0.651763,-3.95352,-2.00298,-12.8875,-16.2888,-18.4912,-18.9566,-19.2487,-20.5063,-22.6003,-26.4932,-23.4867,-23.0919,-26.852,-26.6795,-26.0216,-26.5024,-25.7781,-25.7291,-27.7802,-28.2353,-27.3277,-26.2972,-24.5038,-27.1072,-26.6078,-27.272,-21.8022,-16.632,-16.3594,-21.3183,-25.195,-27.3364,-28.5169,-28.1975,-27.9399,-27.0012,-23.7339,-27.3993
-4.59176,-3.2644,-4.8014,-8.31996,-15.4477,-17.1301,-16.4689,-21.9552,-22.2602,-20.896,-23.2482,-29.1742,-25.207,-25.2988,-28.4471,-27.2096,-25.5211,-26.5114,-25.8332,-25.2473,-27.8381,-28.1034,-29.8036,-26.2453,-25.0176,-27.3839,-24.3735,-25.3297,-20.1918,-16.3533,-15.4418,-17.8113,-22.3044,-27.5445,-29.1715,-27.4353,-28.3737,-27.3594,-24.6954,-27.2099
-8.82955,-9.7204,-10.4576,-15.1989,-17.4455,-21.2008,-21.0872,-23.5034,-28.1681,-26.7548,-29.4944,-33.2872,-31.1025,-28.8954,-33.9446,-31.8842,-30.8858,-32.8184,-32.4933,-30.9562,-33.5058,-33.9669,-35.6668,-31.1379,-30.2846,-31.7896,-29.3738,-28.0484,-24.754,-21.1165,-19.8378,-22.2469,-25.7407,-31.7515,-33.893,-32.5108,-34.9873,-33.251,-31.7057,-32.5884
5.90975,-0.900319,-5.09902,-10.406,-11.1463,-15.0916,-14.7033,-15.8573,-18.4718,-23.7989,-27.8489,-25.7708,-22.9842,-19.1588,-25.0387,-24.0335,-23.2724,-25.0121,-26.5731,-26.3417,-23.4546,-23.7128,-22.3238,-19.8669,-24.4823,-24.7585,-24.4049,-20.406,-18.6205,-13.0826,-11.5711,-19.2763,-22.1079,-24.3012,-28.8373,-27.7606,-28.4004,-27.9785,-25.0949,-27.5029
11.8634,5.47251,-0.332309,-5.10079,-12.0528,-11.0531,-10.3084,-12.5081,-11.2958,-17.1979,-21.1485,-21.6475,-19.6754,-13.356,-18.9747,-17.765,-14.2836,-16.3638,-22.3683,-19.2211,-16.2787,-18.2252,-15.1313,-14.7923,-20.5082,-20.7441,-20.1696,-15.4196,-11.476,-8.4866,-7.14991,-13.8029,-18.396,-20.8258,-25.4739,-23.844,-23.8753,-24.5256,-22.1968,-24.7892
9.38082,4.52202,2.05084,-2.62954,-12.8774,-11.8343,-8.79075,-9.93174,-8.87678,-15.6915,-22.0755,-20.964,-18.4612,-13.5082,-19.4341,-19.3426,-14.2911,-17.5299,-24.7646,-18.5723,-16.8005,-18.1389,-15.3357,-16.2112,-18.3732,-19.7899,-20.2342,-14.5955,-10.3112,-8.73816,-8.45029,-13.5383,-19.1231,-20.6416,-25.5064,-24.4035,-23.3518,-23.5707,-23.8043,-25.6158
-2.7515,-6.76253,-5.77088,-8.98127,-18.5498,-18.5257,-15.3675,-15.4213,-16.3473,-22.9357,-29.2524,-25.5751,-23.6455,-24.202,-28.3924,-27.9778,-23.6695,-28.3216,-31.2421,-24.7914,-24.2518,-25.2941,-23.3869,-21.823,-22.4751,-25.6297,-25.9714,-20.9003,-16.7332,-14.5486,-15.6711,-19.0259,-24.8967,-26.4663,-31.4733,-31.3149,-29.368,-28.8207,-30.6845,-32.069
-5.64555,-3.52375,-8.00119,-5.89034,-13.8836,-15.7519,-19.0862,-13.7896,-16.6173,-19.4544,-23.7224,-22.6129,-21.2491,-24.3473,-24.4271,-21.5783,-23.506,-23.8978,-25.5178,-21.8736,-22.0755,-25.9341,-22.9945,-19.4081,-22.4354,-25.2792,-21.3773,-18.3686,-13.0443,-9.44445,-9.41537,-13.8735,-18.8924,-22.4175,-25.6991,-27.263,-26.7366,-26.0311,-25.1283,-27.2801
3.90913,4.18956,-2.79166,-4.05971,-7.34404,-11.3478,-18.2216,-15.3227,-15.0815,-20.0431,-21.3515,-22.568,-20.4389,-22.6083,-23.0214,-20.4847,-21.31,-23.1766,-25.0483,-20.3189,-20.1293,-22.0286,-21.3844,-19.1498,-21.7067,-22.0809,-19.2557,-16.9476,-13.0032,-7.30306,-6.89379,-13.1458,-17.5823,-20.5007,-22.3045,-24.2458,-24.323,-23.6697,-22.0152,-23.7416
8.8228,8.44107,0.258474,-8.57272,-6.90038,-12.894,-17.0174,-16.8058,-13.4389,-19.2342,-18.8345,-20.6072,-19.6939,-24.0407,-25.9238,-23.3034,-21.9237,-26.5824,-28.1806,-23.1101,-22.1081,-23.9565,-23.495,-23.1834,-23.6747,-22.5919,-20.8578,-18.4014,-15.8075,-9.65055,-7.77979,-15.1481,-20.1575,-22.0446,-23.1941,-26.63,-26.7045,-26.1665,-23.7222,-25.6426
3.13875,2.04432,-5.11329,-15.8119,-14.1792,-17.903,-20.0487,-19.8877,-17.5455,-21.561,-22.0315,-23.2704,-22.8056,-27.5815,-28.1733,-27.0061,-27.0747,-30.8582,-32.2093,-29.2518,-29.4405,-31.5891,-31.7745,-31.6426,-30.1795,-28.8998,-27.1652,-24.6631,-22.7898,-17.7,-14.7696,-21.4244,-27.5545,-29.4062,-30.8097,-34.5795,-33.446,-32.7786,-30.5,-32.0459
3.47742,-0.398502,-8.49721,-12.8659,-18.4131,-17.7402,-16.429,-17.7122,-18.8735,-19.9249,-20.6598,-26.1179,-24.6883,-24.0281,-24.7303,-25.3502,-24.3307,-27.3722,-28.8833,-26.6686,-25.6848,-29.9305,-27.7767,-27.5937,-26.2903,-24.645,-24.9474,-23.8687,-20.3546,-13.1793,-12.928,-17.3498,-23.8184,-28.4452,-31.9701,-30.2049,-29.1239,-27.5319,-25.843,-28.8572
7.97862,1.13793,-7.32501,-7.63987,-13.6356,-15.8347,-14.49,-17.0005,-21.226,-18.8958,-19.1974,-26.0004,-24.0843,-22.5426,-26.2965,-25.718,-24.6275,-26.4026,-26.9761,-24.285,-23.7291,-28.5062,-27.0408,-26.9942,-24.4241,-23.2227,-23.9268,-23.4391,-19.8886,-12.2391,-11.5392,-17.8732,-24.0405,-26.793,-29.011,-27.8336,-26.8493,-26.0065,-23.6474,-27.3539
5.33829,-0.809498,-2.37815,-3.03445,-11.0985,-10.9148,-11.6078,-15.9324,-22.1254,-17.8594,-19.2418,-19.3934,-22.7703,-23.6321,-24.6213,-24.0919,-24.6954,-24.7483,-24.9389,-24.2676,-24.4975,-29.0857,-28.4035,-29.6556,-27.0707,-27.3419,-26.2991,-26.066,-23.7018,-16.0196,-15.9158,-23.3064,-27.9137,-28.5931,-29.332,-30.0704,-28.4655,-27.8175,-25.0426,-29.203
-2.2708,-2.52118,-4.18296,-6.39437,-11.5151,-12.6419,-14.3268,-18.2396,-20.5906,-20.6661,-21.6725,-21.3999,-23.3948,-25.8816,-26.7809,-26.0429,-26.7104,-26.4712,-27.0774,-28.2291,-29.1582,-32.5829,-31.379,-33.9527,-32.1937,-32.4278,-31.3536,-30.0478,-29.1469,-23.8951,-24.9345,-30.9065,-33.6057,-35.1361,-35.2444,-36.6023,-35.2097,-33.8973,-30.9522,-35.9477
0.569507,2.81463,-2.18517,-6.79634,-10.905,-12.4296,-13.3301,-15.8706,-14.9609,-19.3544,-21.5467,-22.3734,-19.4482,-21.2971,-26.3505,-24.8065,-25.4592,-25.3544,-24.7853,-25.0832,-27.8775,-28.0374,-27.4269,-31.3386,-29.2447,-26.7369,-29.4902,-26.9917,-25.1884,-19.4158,-21.5878,-28.646,-31.0809,-31.6953,-32.4873,-32.1424,-31.9834,-29.5361,-27.6176,-32.7267
1.81953,1.48856,-3.66002,-6.7062,-12.3277,-11.0688,-10.5747,-15.6326,-14.3601,-22.0866,-23.1409,-21.6325,-21.7147,-23.3212,-27.7899,-27.4843,-26.5985,-27.0861,-27.2681,-26.1758,-28.6467,-28.8745,-29.0808,-29.5027,-28.5637,-27.5072,-27.1111,-24.7653,-23.216,-18.3818,-18.3087,-25.8412,-28.58,-29.4381,-28.3934,-29.0186,-29.0192,-26.995,-24.8524,-29.3969
-0.375564,-3.52324,-7.59789,-5.50782,-13.575,-12.89,-11.4048,-17.6157,-16.7788,-26.6239,-24.3062,-21.3567,-24.9162,-25.1979,-28.6098,-32.091,-28.519,-28.9887,-28.775,-30.632,-32.6727,-31.5311,-31.8874,-30.0421,-30.6582,-30.5543,-30.2271,-27.646,-24.743,-21.2028,-19.4885,-26.1913,-29.9443,-30.673,-29.5201,-30.6137,-30.7626,-28.9606,-25.3536,-29.8518
-10.6248,-9.81736,-11.8843,-12.3124,-17.8575,-18.4582,-18.9842,-23.9307,-24.2105,-29.3664,-28.6092,-25.6669,-31.1178,-29.2384,-31.8719,-36.4349,-33.1536,-35.4749,-36.3397,-37.0235,-36.8177,-37.907,-36.7232,-35.246,-38.4429,-35.5233,-35.6294,-35.4533,-32.4267,-30.3705,-27.9225,-31.7482,-35.9172,-36.7905,-37.0338,-36.3205,-37.5,-36.297,-32.5436,-36.0751
-2.43142,-3.90989,-4.29471,-9.1668,-13.2699,-14.8669,-13.2159,-19.2989,-26.1863,-25.9619,-25.8404,-22.8191,-29.9295,-29.247,-28.3637,-29.317,-28.1074,-28.6503,-30.4968,-35.1704,-31.1223,-34.6762,-31.1131,-30.6697,-32.8619,-30.3235,-29.4995,-30.2376,-27.507,-24.8783,-25.0677,-29.8354,-30.8406,-31.9839,-32.4351,-32.1996,-32.1457,-30.1367,-28.3568,-30.7867
6.38605,-0.718561,-5.13266,-7.62857,-11.4972,-12.2783,-12.8703,-21.1158,-18.5165,-20.6786,-26.5677,-22.8969,-27.8646,-26.6532,-26.0651,-27.8115,-26.0394,-26.6342,-28.0971,-30.0027,-29.2124,-28.2713,-28.3383,-29.1672,-29.691,-28.1114,-27.4585,-28.2124,-24.9749,-20.7221,-21.1209,-26.4155,-28.9936,-29.2612,-30.1456,-30.5843,-29.3039,-26.5221,-24.4581,-28.3652
8.03838,0.0195851,-5.93975,-10.986,-15.0938,-15.3884,-17.6714,-27.4974,-19.2844,-22.5313,-30.2244,-28.0674,-26.7912,-25.3133,-27.8535,-28.5292,-28.7878,-30.5278,-28.8386,-29.3827,-31.5746,-28.2368,-28.7465,-30.4208,-30.3548,-30.7282,-28.6976,-29.4455,-26.9095,-22.7266,-21.7003,-27.6408,-31.0141,-31.4146,-30.8928,-32.1139,-30.2319,-28.674,-26.4013,-29.3967
1.21042,-4.34243,-8.77832,-15.2403,-22.7487,-25.0625,-27.0434,-33.3435,-29.7585,-32.5935,-34.4778,-33.407,-30.9194,-30.6216,-34.6521,-31.8246,-33.0828,-34.5551,-34.8357,-35.2086,-37.478,-35.1156,-34.907,-35.5713,-37.6166,-36.7872,-34.0565,-35.0361,-31.8292,-30.2133,-28.3037,-34.9835,-36.6699,-38.5174,-36.208,-37.3418,-37.9093,-36.1972,-33.119,-35.0468
9.15956,3.818,-0.361248,-10.1525,-19.4923,-16.4569,-18.8876,-22.2399,-22.4712,-29.7588,-28.0586,-31.3909,-28.1539,-26.5023,-31.4317,-27.2607,-27.3143,-27.8966,-32.6554,-33.5179,-32.0256,-31.5469,-30.7403,-29.7374,-33.9542,-30.3085,-30.1699,-30.3605,-26.9117,-24.4541,-23.2425,-29.4588,-30.5992,-33.9023,-33.3623,-31.7733,-33.2161,-30.5982,-28.9149,-30.9591
14.3935,7.11379,-1.37066,-6.08671,-14.1259,-11.2388,-13.9152,-20.3883,-21.2934,-26.6508,-24.2194,-26.1661,-24.6659,-23.0461,-27.8359,-27.2938,-28.1058,-27.8047,-29.1501,-30.0041,-28.3107,-27.8726,-29.8485,-29.366,-30.2507,-27.412,-27.7551,-27.4656,-24.9773,-21.6937,-20.9586,-26.5944,-28.5756,-30.406,-30.0712,-30.0001,-30.3192,-27.934,-25.1942,-27.7919
14.2393,8.83228,-4.13405,-5.51693,-13.8914,-10.9706,-12.2482,-19.3137,-19.4974,-20.6956,-18.1883,-22.0801,-23.53,-22.1671,-24.552,-24.8608,-27.9892,-26.2904,-28.4515,-27.508,-29.4894,-27.6333,-30.5195,-29.8369,-28.8169,-28.8354,-27.8473,-29.4717,-27.5585,-22.861,-22.1419,-28.3781,-31.4444,-33.0099,-31.7228,-31.014,-31.6485,-29.235,-25.9946,-30.1326
6.83469,3.38119,-3.95193,-9.47023,-15.1312,-15.3237,-16.1239,-20.0996,-20.6844,-20.1955,-19.7279,-23.8131,-24.9,-24.4863,-26.7223,-26.7431,-28.8414,-28.5735,-31.3918,-30.3172,-31.8209,-30.6633,-33.1156,-32.7514,-31.8523,-32.8748,-32.8803,-35.3844,-33.1097,-27.6972,-27.3507,-35.0523,-39.143,-39.6115,-37.0136,-36.0928,-36.9487,-34.7659,-31.72,-36.1738
11.2863,8.03793,-3.24383,-11.3772,-12.1527,-11.3012,-15.1389,-18.3131,-19.1932,-15.7167,-19.2722,-23.4537,-21.9814,-23.0169,-26.1746,-25.0006,-24.2447,-26.1956,-29.1883,-28.5203,-27.9821,-29.1411,-30.2737,-29.7472,-26.9558,-27.7743,-30.2696,-32.0126,-28.4285,-21.6843,-22.1562,-28.6189,-32.5373,-32.5446,-33.4995,-31.127,-29.9715,-30.4315,-27.5569,-30.2973
15.7614,8.77106,-6.02198,-7.06248,-13.5202,-12.59,-14.3224,-16.9786,-18.3798,-18.3179,-21.5354,-23.5258,-22.0236,-23.5316,-26.3804,-24.8682,-23.8414,-27.3081,-27.8037,-27.3825,-29.1105,-30.2591,-29.483,-27.6621,-25.1139,-25.6908,-27.2964,-28.9134,-25.3604,-21.0333,-20.7061,-25.7571,-30.3207,-29.897,-30.6564,-29.3205,-28.6547,-27.7918,-24.41,-27.6195
13.6792,7.82787,-0.688725,-2.4702,-9.10787,-8.74855,-12.1979,-14.1359,-13.9353,-14.9967,-17.9639,-19.9075,-18.2718,-22.6359,-23.7441,-23.5614,-24.7426,-24.4553,-25.2979,-26.24,-27.7043,-28.0526,-28.9333,-28.0792,-25.7018,-26.5285,-27.7761,-29.6546,-27.619,-23.3384,-22.7966,-27.1688,-30.2627,-30.511,-31.6396,-30.5611,-30.2638,-28.5341,-24.9765,-28.5371
6.00266,3.57249,-1.43558,-5.31478,-8.66355,-10.5751,-13.6869,-14.7244,-16.2753,-16.7936,-18.7556,-21.0015,-20.1805,-24.1903,-25.9066,-24.9663,-26.4745,-26.233,-27.1231,-28.013,-28.7802,-29.3303,-31.2719,-31.3816,-29.4962,-30.5079,-32.8285,-32.9718,-33.4103,-29.3597,-29.7007,-31.4865,-34.2234,-35.6248,-36.2663,-35.5763,-35.228,-34.287,-31.1442,-33.9719
9.97473,6.69004,-1.86301,-5.73724,-5.86382,-10.9489,-12.3611,-11.3677,-15.5522,-16.5848,-17.4502,-20.0568,-18.7005,-21.7961,-25.3054,-22.94,-23.3751,-26.1464,-25.4741,-24.9318,-26.0618,-27.0623,-29.1847,-29.29,-28.8831,-28.5089,-30.345,-29.1854,-28.2202,-23.7241,-24.5335,-27.4397,-31.6673,-32.711,-32.639,-31.2727,-29.7401,-29.7567,-27.9007,-30.3027
9.34725,4.05166,-4.46548,-5.03221,-9.46519,-14.0864,-15.1635,-15.4447,-16.8337,-19.3998,-21.2445,-21.981,-21.2413,-24.1847,-25.9729,-25.9257,-26.1622,-27.0115,-26.5909,-28.3112,-27.5383,-29.1236,-28.0062,-27.5839,-29.0233,-28.601,-28.7386,-27.7646,-24.0357,-19.4632,-21.2354,-25.8915,-29.7144,-30.0199,-30.4114,-29.1708,-28.0527,-27.1681,-25.5049,-28.7102
2.92445,-6.31617,-10.814,-9.99807,-14.8795,-15.8513,-14.9782,-18.5833,-18.0034,-23.3883,-26.8234,-23.2369,-23.3234,-27.8224,-26.809,-26.9349,-29.9137,-30.6498,-29.8812,-34.0082,-30.3115,-32.902,-29.6391,-31.0428,-30.4313,-30.4129,-31.4923,-31.0346,-26.5971,-21.1939,-22.0361,-27.3702,-29.3092,-31.936,-31.187,-31.2285,-30.904,-29.4954,-26.8152,-30.6804
-4.86013,-6.67518,-11.5073,-16.7028,-17.1314,-18.8181,-18.1898,-21.6725,-23.4018,-27.4272,-29.866,-28.5732,-29.7906,-31.6869,-30.256,-31.3449,-35.5812,-39.2015,-37.5906,-38.2047,-35.0936,-37.8129,-36.681,-38.215,-36.9678,-35.6713,-37.7274,-36.6305,-33.2286,-28.5043,-27.8279,-32.3409,-33.9596,-37.7887,-37.2107,-37.8752,-37.4579,-36.3253,-33.1007,-37.2662
5.53766,2.18341,-3.24615,-12.3398,-14.4067,-16.4281,-20.9818,-25.3769,-21.0095,-22.5955,-25.1261,-27.7788,-27.9058,-26.3661,-26.0069,-26.4773,-28.5558,-29.4656,-32.081,-33.8123,-29.1375,-32.8586,-33.5868,-32.1832,-31.1988,-29.8772,-31.3159,-28.2671,-26.6469,-24.6381,-21.9692,-25.8128,-30.7194,-32.4074,-32.7534,-32.8898,-32.1233,-29.9402,-28.1284,-32.0645
11.4994,4.80583,-3.53955,-9.04854,-12.6478,-10.671,-14.9673,-20.8626,-18.9301,-19.2409,-24.87,-28.8248,-26.5955,-24.0188,-25.4247,-27.8912,-28.7663,-27.9555,-29.209,-30.1264,-27.739,-30.3937,-30.7653,-29.1975,-27.5334,-27.8486,-27.6521,-26.8277,-25.0407,-20.509,-19.4761,-24.1284,-27.8535,-29.4626,-30.7499,-30.5438,-29.3731,-27.3262,-24.4281,-28.3915
10.3957,6.76751,-2.46339,-9.4459,-16.1847,-14.3996,-15.7974,-18.6734,-21.222,-17.5602,-25.0768,-31.1705,-29.579,-25.1296,-29.208,-31.7893,-31.1303,-30.0663,-29.0787,-28.8667,-30.4552,-31.5716,-31.3926,-28.1604,-28.2681,-30.2596,-28.2314,-29.4291,-25.9284,-21.1069,-22.1133,-25.7253,-29.6461,-30.474,-32.7807,-31.7027,-31.0581,-29.3231,-26.2148,-28.9742
0.291269,-0.58598,-6.5428,-15.0931,-25.6173,-25.2856,-22.6918,-24.4284,-29.7772,-25.9142,-30.9596,-36.4373,-37.1856,-31.4482,-36.1154,-36.9657,-35.058,-33.544,-35.9318,-34.6465,-36.7713,-38.3358,-37.5543,-33.4142,-33.5454,-35.6567,-34.3467,-35.783,-32.0711,-27.6397,-28.492,-33.3364,-36.9255,-37.1304,-38.7913,-37.7943,-37.272,-35.2366,-33.6128,-35.4231
4.78554,-1.15004,-3.80563,-10.4013,-19.9162,-17.861,-20.154,-23.8974,-28.2653,-26.6679,-28.1008,-30.3524,-30.9598,-27.2628,-29.9763,-32.2847,-28.6136,-26.5963,-31.2504,-33.0497,-32.8195,-31.8466,-31.6239,-31.2,-30.6968,-31.1032,-29.1792,-32.5216,-29.7098,-24.188,-23.725,-30.4125,-33.2167,-34.4973,-33.5286,-32.4208,-32.1653,-30.4221,-29.6161,-32.6386
11.036,5.68454,-2.19059,-4.38895,-13.339,-13.2416,-15.7024,-16.5532,-20.0385,-21.6871,-25.0612,-26.852,-26.2872,-25.5482,-26.9847,-28.9453,-25.1804,-26.2172,-28.4916,-29.0653,-29.8597,-28.6867,-27.7074,-27.1344,-28.1439,-27.1464,-25.8687,-28.7999,-26.1322,-20.6955,-20.6491,-25.5005,-29.3705,-29.8272,-30.7455,-29.9368,-29.1875,-26.7022,-25.1198,-29.2364
10.2448,4.53067,-7.45677,-5.43472,-13.2589,-14.0974,-17.0051,-18.8464,-16.7413,-20.053,-24.4599,-27.7844,-27.571,-27.4334,-28.2211,-28.5976,-28.4403,-28.8645,-29.504,-28.5054,-30.5565,-28.5904,-28.5528,-28.4382,-29.0566,-26.9116,-27.8354,-28.5029,-26.5923,-20.4089,-21.8305,-26.6815,-29.2436,-29.7096,-30.9525,-30.4372,-29.7586,-27.0644,-24.6021,-29.0678
1.39435,-3.23091,-13.5352,-14.8044,-23.4649,-24.6495,-23.5743,-27.274,-23.2463,-24.6923,-27.8993,-32.8483,-34.1072,-35.9589,-34.545,-34.289,-38.8388,-34.8659,-36.2626,-34.6548,-36.2605,-34.1467,-34.6032,-35.4578,-36.0318,-33.8697,-34.9895,-33.803,-32.2348,-26.0422,-29.4615,-33.9208,-36.7542,-36.6384,-37.8137,-36.7029,-35.7772,-33.4401,-30.8412,-35.0547
6.698,0.831355,-9.14121,-12.5015,-22.5832,-17.7056,-17.5845,-18.7812,-19.6014,-21.6823,-23.618,-29.3841,-31.8562,-32.6616,-28.1678,-29.7294,-31.2646,-30.2154,-33.2948,-33.0143,-31.3652,-31.7415,-31.3954,-29.1896,-32.2569,-30.6443,-29.4396,-30.9019,-26.9972,-23.9033,-24.803,-27.9294,-32.6926,-33.0334,-33.5916,-32.8036,-31.9916,-30.7879,-28.3426,-31.3808
9.04405,1.07797,-7.17198,-8.01,-20.3365,-16.2027,-16.8073,-16.2114,-17.4336,-17.5378,-22.0319,-25.0259,-25.5999,-28.5075,-25.8728,-26.0659,-27.5371,-29.8219,-29.4272,-27.5498,-28.4219,-28.2302,-27.375,-27.6727,-27.6075,-27.3085,-26.3946,-29.1858,-26.0738,-19.9562,-20.3343,-25.6427,-29.1329,-29.5975,-29.5709,-29.4453,-29.336,-27.7344,-25.4827,-28.7874
6.60227,-0.661194,-7.20436,-8.58812,-16.8773,-14.5404,-16.1428,-16.3115,-16.5423,-16.6311,-21.3697,-23.0553,-23.3152,-24.4534,-24.3999,-27.442,-26.8183,-29.9562,-30.0898,-28.2867,-29.4067,-28.5109,-28.5638,-28.5967,-28.5506,-27.5374,-27.7277,-31.0283,-28.1164,-20.5069,-19.2422,-27.5766,-31.3384,-30.468,-30.6301,-31.225,-30.1773,-28.2208,-25.7625,-29.3112
1.69116,-1.57736,-5.99971,-11.472,-16.7724,-16.8868,-18.3193,-20.2124,-19.6959,-23.0484,-24.6078,-26.0355,-26.0042,-25.8386,-27.9317,-30.8118,-29.5445,-31.7637,-32.8053,-33.7767,-32.9272,-32.3769,-35.7685,-33.8001,-34.2547,-32.488,-33.6344,-36.8123,-34.1034,-27.5925,-25.3825,-32.2265,-37.4439,-37.3241,-37.5792,-38.1261,-36.6388,-34.3653,-31.6692,-35.3672
9.71298,6.40317,-1.3963,-7.39793,-15.3273,-17.9667,-18.0666,-16.9519,-17.2144,-21.3901,-24.8104,-30.5522,-24.8338,-22.9977,-26.3388,-26.8053,-24.7294,-27.0124,-28.4107,-30.9572,-31.5041,-28.6778,-31.9738,-32.4047,-29.7409,-30.4668,-31.8467,-30.0967,-27.837,-22.2028,-24.3804,-28.3942,-30.9872,-34.5119,-32.0314,-31.8928,-31.106,-29.3649,-26.7749,-31.9701
13.0071,8.4759,-3.54588,-7.0333,-14.0256,-17.3975,-16.577,-11.9896,-16.8684,-18.2858,-22.1083,-25.557,-24.7602,-23.4078,-25.9136,-26.0895,-25.0363,-25.0107,-26.3862,-26.7262,-28.6837,-29.4794,-30.545,-30.223,-27.8936,-27.2808,-28.8267,-26.594,-24.2848,-19.5936,-21.4473,-27.509,-28.8301,-29.618,-29.5806,-29.2315,-29.1415,-26.8065,-24.2599,-28.61
11.3337,7.48997,-2.86455,-7.35392,-9.10645,-14.1242,-13.4965,-12.0523,-20.0121,-21.486,-18.2456,-20.0006,-22.6679,-23.4034,-24.3039,-24.175,-25.1737,-25.8496,-24.8475,-25.4435,-27.8081,-26.377,-28.5711,-28.9728,-28.895,-27.6706,-28.1798,-28.5697,-25.4153,-21.6647,-20.8227,-27.5279,-30.0184,-29.1894,-31.1547,-30.4386,-30.2169,-27.9369,-25.855,-29.3781
4.56428,2.05207,-4.14149,-8.46148,-9.94103,-13.9236,-14.6443,-15.623,-20.1588,-22.0484,-20.2383,-21.2696,-24.6278,-25.2948,-25.8684,-26.8917,-27.382,-27.9709,-27.7077,-28.719,-29.8665,-29.3255,-30.8166,-30.9105,-33.225,-33.0935,-31.9551,-33.4937,-32.628,-29.2318,-25.8483,-31.4349,-34.4836,-34.8267,-36.822,-36.3689,-34.849,-33.8715,-32.552,-34.6827
9.21985,7.12884,-4.11786,-5.78307,-8.00224,-11.9649,-12.661,-15.5703,-15.7656,-16.8228,-17.3479,-18.1817,-24.4224,-22.0484,-25.2239,-25.2712,-25.1581,-24.4243,-27.1683,-27.8669,-26.546,-30.1085,-29.4899,-28.5075,-29.4419,-30.0344,-29.7038,-29.6552,-27.4636,-24.4031,-22.1531,-27.3419,-31.0394,-31.033,-31.1603,-31.045,-29.9461,-30.7482,-28.5149,-29.8482
11.0207,6.88254,-6.69019,-7.28747,-11.4556,-14.4801,-16.098,-15.5768,-16.1209,-16.9642,-18.7242,-21.0763,-25.6902,-23.9655,-24.5147,-25.1966,-27.0572,-26.1619,-28.0065,-27.3482,-28.5123,-29.7745,-30.5643,-29.6062,-30.1821,-28.7696,-27.8895,-27.0368,-24.9173,-21.4947,-20.5219,-26.0837,-29.7533,-28.9735,-29.6797,-29.5073,-28.9348,-28.4755,-25.3674,-27.9732
5.22357,-3.58134,-11.5665,-11.3185,-13.412,-15.9402,-19.3615,-16.8878,-15.7135,-17.5526,-22.3674,-27.056,-25.8071,-28.1838,-26.3691,-28.4023,-30.7212,-31.9174,-30.9307,-30.2003,-29.1973,-29.8764,-32.3885,-33.2326,-32.4708,-31.2656,-29.4034,-28.3595,-26.3776,-23.0227,-22.1025,-27.1814,-31.377,-30.8522,-31.7944,-31.9234,-30.2633,-29.3421,-27.3046,-30.1829
-2.87126,-10.0171,-17.7965,-20.1768,-19.3412,-21.2599,-24.7399,-23.4136,-21.285,-23.7677,-28.526,-33.5039,-33.2901,-35.3972,-37.7551,-39.7396,-36.0144,-37.7891,-39.4429,-36.2607,-34.242,-35.6875,-38.9618,-41.1225,-38.4139,-37.8766,-35.598,-34.6271,-34.3059,-29.4684,-28.1049,-32.2443,-37.9749,-38.4434,-36.6603,-38.5427,-36.0841,-35.3055,-34.2196,-36.4464
5.88537,-1.79549,-9.12396,-15.2412,-15.0802,-14.1268,-18.4206,-18.5006,-23.1695,-21.7112,-27.241,-27.5211,-29.28,-29.1967,-34.537,-31.9751,-30.1196,-31.9011,-33.9707,-28.9086,-30.8086,-30.7754,-31.6804,-33.8024,-32.8188,-30.9909,-29.2056,-27.8686,-29.1452,-23.1254,-22.0457,-28.0755,-32.3034,-32.1339,-31.6321,-32.5233,-31.3928,-30.8125,-28.7724,-31.0551
11.3748,6.38592,-2.11284,-13.018,-17.7944,-16.6769,-17.3608,-9.23895,-15.8471,-18.7107,-21.5515,-26.886,-29.2614,-27.9828,-31.5134,-28.0663,-28.2192,-29.6741,-30.4938,-27.6539,-29.4367,-27.4094,-27.6098,-30.3952,-29.7708,-29.4206,-27.1075,-25.7699,-25.2004,-20.5483,-20.2613,-24.9963,-29.0347,-28.2716,-29.0915,-29.955,-29.738,-28.5102,-25.7065,-28.1545
10.5334,4.82911,-0.952514,-9.40635,-17.2794,-21.4491,-20.5773,-8.81956,-15.0295,-20.1963,-23.4946,-29.6527,-28.3183,-28.1152,-33.0921,-27.8971,-30.6548,-30.3319,-30.9365,-31.3884,-32.0805,-27.6737,-28.3382,-30.1692,-29.4037,-29.9294,-27.9239,-28.7006,-26.3725,-21.0552,-22.4361,-25.9332,-29.4349,-29.4401,-29.3488,-30.2809,-31.7091,-28.9253,-26.6953,-29.4682
2.49779,-1.49154,-5.77564,-12.2553,-16.9523,-19.2528,-24.5785,-18.2628,-22.3766,-26.5817,-30.5502,-33.6495,-29.2651,-31.0453,-36.6089,-34.6701,-35.5842,-33.9414,-34.8971,-36.9851,-38.6684,-33.6314,-35.0317,-35.0909,-35.1258,-35.643,-33.8001,-34.5715,-31.807,-27.5882,-29.0454,-33.4184,-35.4827,-37.0076,-36.4709,-35.4661,-37.8307,-34.0492,-32.6166,-36.692
4.51936,-2.04918,-5.96027,-12.417,-12.1331,-11.7524,-16.8531,-17.4099,-19.6206,-22.8264,-25.7563,-28.4223,-22.7353,-25.6826,-28.763,-30.2438,-27.3759,-28.6323,-31.3256,-30.9493,-31.043,-30.6319,-30.7289,-32.5732,-30.1907,-30.3767,-30.4403,-30.5473,-26.4994,-22.3762,-23.0793,-29.4067,-33.286,-33.4118,-32.5996,-30.8665,-31.4079,-29.1342,-27.2206,-32.0957
6.11877,-0.552932,-6.26308,-11.5566,-13.8605,-12.2411,-13.5962,-16.3455,-16.4471,-19.5551,-21.8112,-25.0626,-24.2787,-24.4121,-23.7961,-27.932,-26.5653,-27.3068,-30.753,-28.5384,-28.2881,-30.4523,-29.734,-30.8814,-27.5444,-28.6707,-28.3068,-26.9286,-24.2652,-20.3819,-21.0436,-26.1035,-30.1942,-29.5051,-29.3729,-29.1793,-28.5619,-26.9112,-24.8831,-28.5475
5.20952,0.252506,-9.82824,-9.44292,-16.3602,-14.7634,-16.4554,-17.4293,-16.1579,-18.3973,-23.6964,-24.3644,-30.157,-26.0042,-23.7148,-28.1185,-29.5027,-28.9606,-31.6636,-31.056,-30.7555,-31.6516,-31.8135,-32.9278,-30.6618,-29.7739,-28.8935,-28.1331,-26.3676,-24.2978,-21.9133,-26.4172,-31.191,-30.5473,-30.8534,-30.3099,-29.6711,-28.4503,-27.1716,-30.3546
0.700614,-4.28373,-11.504,-13.9753,-19.8314,-19.3974,-25.0398,-22.5447,-22.4388,-22.6424,-27.9572,-30.1965,-35.764,-32.4373,-30.7919,-32.8875,-36.387,-34.9046,-35.3609,-36.1135,-35.7066,-35.9844,-37.112,-37.778,-36.4023,-35.1837,-34.2115,-33.803,-32.4653,-29.495,-27.4164,-32.2363,-36.7936,-37.753,-38.1062,-36.4978,-35.7981,-33.7263,-33.724,-37.4701
8.25852,5.00298,-9.97116,-14.0604,-15.5822,-13.056,-20.122,-14.9448,-20.0036,-21.0295,-23.5237,-26.8099,-32.0146,-26.6025,-28.0438,-28.3718,-31.4724,-30.3713,-32.4581,-30.3879,-28.9252,-33.1677,-35.3633,-32.3732,-30.0428,-31.1025,-30.927,-27.7518,-27.7359,-22.5332,-22.798,-29.9294,-31.8446,-32.0725,-32.4917,-33.6922,-32.1491,-29.4151,-28.5201,-32.3128
13.2888,9.36534,-2.71971,-6.38368,-11.8903,-10.0509,-15.8625,-13.3802,-17.2946,-19.5931,-24.0222,-23.7482,-27.4108,-23.9433,-25.8266,-26.7019,-27.22,-28.216,-28.8961,-27.6248,-26.4636,-30.9469,-30.8955,-29.784,-27.1623,-27.7698,-27.4626,-26.5875,-27.3428,-22.2989,-21.4555,-26.3632,-29.4011,-29.5994,-29.2483,-29.9971,-28.7688,-27.2913,-25.7622,-28.7616
12.451,8.28506,-1.74369,-4.54702,-15.6715,-13.5057,-16.9753,-14.3794,-16.8941,-21.1258,-28.9538,-26.6236,-27.5186,-26.4899,-27.5586,-28.5582,-27.5971,-26.7194,-29.4465,-29.6738,-29.1854,-31.8704,-30.525,-31.5485,-30.5367,-28.8266,-27.9115,-28.681,-27.3836,-24.2643,-21.9628,-26.8571,-30.539,-31.2529,-31.3479,-30.1655,-28.6855,-28.0368,-25.541,-28.7872
4.61321,1.68945,-6.17657,-11.4211,-20.0764,-20.3735,-23.2328,-19.8283,-21.6465,-27.1599,-33.6084,-33.7693,-32.7254,-31.65,-32.5316,-35.0817,-33.6996,-31.4505,-34.9895,-37.9345,-37.1906,-36.9112,-36.3954,-38.222,-37.6323,-35.491,-33.0797,-35.2058,-32.1862,-29.2266,-28.4216,-33.2694,-37.1008,-38.019,-37.8202,-35.8981,-33.9753,-33.3558,-31.1694,-34.048
5.50827,-3.53124,-11.2836,-10.6009,-13.4718,-15.4037,-19.9566,-20.7644,-20.2693,-22.6191,-27.4917,-27.8668,-30.0897,-29.1993,-32.3211,-31.3434,-28.8344,-32.0713,-34.8949,-30.8873,-29.8989,-33.5335,-32.0973,-32.0194,-31.0326,-29.8698,-29.1897,-31.5406,-27.3906,-23.3458,-24.9129,-28.1849,-31.7336,-34.6336,-32.0102,-32.2812,-31.8224,-29.4947,-29.0599,-30.8595
12.2867,2.84547,-7.38131,-9.22924,-12.6595,-15.6272,-16.2407,-16.455,-18.1412,-20.6607,-25.6138,-25.853,-24.814,-25.9504,-25.6356,-28.0312,-25.016,-28.7002,-32.4916,-28.3468,-27.7942,-32.4912,-30.1272,-29.1347,-28.3591,-28.3469,-27.306,-27.5608,-25.1394,-21.0547,-20.6509,-25.8079,-29.5877,-30.9853,-30.1474,-29.992,-29.324,-27.5987,-25.9705,-28.887
11.6646,4.17046,-3.82026,-10.3535,-11.0006,-11.8804,-12.4662,-15.2739,-18.6315,-20.9243,-21.9309,-22.566,-21.8964,-22.1327,-23.3429,-24.4727,-26.4568,-29.2048,-29.2943,-27.7339,-29.0197,-31.7753,-28.9964,-29.0829,-29.3075,-30.9406,-30.0365,-28.293,-26.5586,-23.5041,-21.9058,-27.9972,-31.2679,-31.6516,-31.852,-31.2119,-29.4425,-28.6831,-27.1357,-30.3557
4.24274,0.0929102,-6.60475,-10.7453,-12.3644,-13.9138,-14.4825,-16.8394,-19.9525,-23.3553,-23.5693,-23.3831,-23.8959,-24.402,-26.3443,-26.2271,-28.3335,-30.867,-31.0439,-31.5,-33.0831,-33.0065,-30.8202,-32.484,-34.3248,-35.1663,-35.1787,-34.1109,-31.7854,-30.0398,-29.1204,-34.0124,-37.551,-36.9494,-37.0927,-36.6943,-34.3365,-33.606,-33.1626,-36.2225
11.9319,6.88403,-7.67938,-6.13225,-9.24159,-12.0761,-15.0366,-12.4278,-15.2667,-20.2786,-21.8792,-20.2221,-21.529,-25.3057,-25.1834,-23.9988,-23.7606,-26.1654,-27.2652,-29.4806,-31.7553,-29.1916,-27.7635,-30.4661,-32.6806,-28.7365,-28.025,-30.2927,-28.7398,-25.5037,-23.19,-28.0998,-31.6846,-31.6311,-32.8282,-32.3672,-31.7649,-29.8488,-27.6753,-31.2291
11.9629,7.95376,-7.29223,-9.42434,-12.5004,-12.4025,-16.3924,-14.3442,-14.8724,-19.9908,-22.7127,-22.5964,-22.3382,-26.5276,-23.4514,-24.5612,-25.2327,-26.3805,-28.5186,-28.012,-29.1826,-28.8721,-27.7482,-29.3712,-29.6497,-27.7754,-26.2202,-26.0629,-26.7171,-22.9516,-21.5668,-25.2178,-28.5399,-29.5436,-29.5507,-28.9143,-29.3733,-27.6167,-24.5905,-28.7289
5.01951,2.19386,-7.50038,-17.1325,-15.158,-14.912,-15.0567,-18.2982,-19.3724,-24.7114,-20.9965,-24.5216,-24.5729,-25.2319,-23.4264,-26.6962,-26.3904,-28.9815,-31.1147,-29.2761,-30.1416,-31.4974,-30.9137,-31.2697,-28.1771,-28.3219,-27.7232,-26.4976,-26.9117,-23.4761,-22.9647,-26.8104,-30.2774,-30.5238,-29.9917,-30.6552,-30.2451,-29.427,-25.6679,-29.4762
-2.72636,-5.58329,-12.7095,-17.8641,-16.091,-16.622,-17.0093,-19.6306,-22.029,-25.0339,-24.2194,-26.2152,-28.5877,-27.0775,-28.1526,-28.8978,-30.7104,-33.3184,-33.9529,-33.7564,-34.3757,-37.0047,-36.0498,-35.8271,-33.6648,-33.7758,-33.8761,-32.5377,-31.2748,-29.2792,-28.5701,-34.225,-37.2551,-36.2674,-36.3552,-38.2023,-36.7336,-34.7406,-32.825,-35.4959
6.51732,-2.13911,-11.5674,-14.7017,-11.4561,-13.8955,-14.0832,-14.3966,-18.6775,-18.5151,-22.3527,-23.4264,-25.9037,-24.3047,-26.0898,-24.9967,-26.9642,-27.3751,-27.3882,-29.2778,-29.8766,-31.9256,-31.0598,-31.0352,-31.5409,-30.7612,-30.6685,-29.8413,-26.1151,-23.6564,-24.7079,-30.5229,-32.9513,-31.9053,-32.8649,-31.9437,-32.3372,-29.7207,-29.2981,-31.7587
10.4093,3.03095,-6.895,-15.3895,-12.5697,-14.2979,-16.7525,-15.1467,-16.349,-17.2093,-21.2098,-23.9933,-25.5296,-24.7054,-26.267,-26.3612,-23.9386,-24.7533,-26.6136,-26.2419,-27.3179,-28.5733,-27.862,-30.351,-30.0198,-28.5385,-29.0492,-28.0731,-25.7092,-20.9643,-20.8915,-26.3841,-28.7208,-28.5398,-29.6921,-28.9021,-28.8912,-28.2056,-26.2741,-28.6459
6.32198,1.42265,-2.47798,-13.1008,-15.844,-12.8824,-19.9139,-15.0634,-15.7862,-17.9659,-19.1736,-24.0453,-28.3128,-27.5138,-28.4531,-27.7625,-26.4268,-26.4783,-28.3709,-26.3028,-28.0917,-29.9367,-30.062,-32.5158,-30.6088,-29.7761,-30.2311,-29.1833,-27.6567,-22.8854,-21.9937,-27.4025,-29.1423,-29.2419,-31.0917,-30.9157,-29.3787,-28.5485,-26.4431,-29.5144
-3.10718,-5.06236,-7.01653,-15.8303,-19.9297,-17.424,-23.0054,-20.3138,-20.1469,-22.1462,-22.2719,-26.9106,-29.2471,-30.614,-32.8705,-30.5321,-30.8899,-31.4298,-33.1896,-32.0763,-34.2026,-35.9677,-37.8637,-36.8365,-34.9268,-35.62,-34.7263,-33.4035,-31.9018,-28.2543,-27.1215,-32.7757,-35.1523,-35.6661,-38.1974,-37.4242,-35.926,-34.5931,-32.485,-35.4777
1.82388,-4.39752,-5.57572,-11.9489,-15.1515,-13.2217,-18.0602,-18.2061,-20.4984,-22.1391,-24.5042,-24.2439,-24.9042,-26.1964,-26.7762,-26.0129,-28.8268,-28.6792,-29.2068,-32.4649,-31.0724,-30.4873,-30.853,-31.3826,-28.8469,-31.2782,-31.2916,-28.5723,-25.3295,-21.1808,-20.0496,-24.5178,-28.3597,-32.0212,-33.316,-32.5365,-30.436,-28.9998,-27.8046,-32.1087
1.47595,-1.1388,-5.62655,-10.318,-14.6931,-13.9881,-18.7971,-14.7752,-17.9625,-20.3102,-22.3917,-21.4257,-23.1149,-25.1102,-26.2672,-26.9587,-26.5486,-27.1129,-27.34,-29.1988,-27.2712,-27.4047,-27.7336,-29.2004,-26.7523,-28.6898,-28.492,-25.9473,-23.9622,-18.7615,-16.3902,-20.3639,-24.9054,-27.1517,-27.6597,-28.2874,-28.131,-26.6618,-25.5349,-28.6676
1.38294,-2.6249,-13.2715,-15.816,-18.7774,-14.5696,-21.3003,-14.7137,-16.7834,-21.2236,-20.1206,-17.0987,-24.4469,-27.5008,-29.1452,-28.6498,-26.928,-29.1467,-30.5359,-28.6786,-26.6555,-28.8095,-32.0633,-30.4742,-27.8511,-28.958,-29.5093,-27.1285,-25.1234,-19.5928,-17.3392,-21.0407,-26.1662,-26.5039,-25.6678,-28.5964,-30.0958,-28.5543,-27.2201,-29.8851
-4.05039,-3.33736,-2.63041,-7.06331,-15.2502,-14.3741,-16.4808,-18.0773,-17.7593,-21.2098,-22.0814,-21.2662,-27.0938,-29.1242,-34.8956,-32.3707,-30.6372,-32.5755,-32.2264,-31.8088,-32.73,-33.7648,-35.8462,-36.7356,-34.3167,-34.6064,-34.2427,-33.2863,-30.526,-26.2235,-23.559,-27.7447,-31.564,-31.1722,-30.2441,-34.8868,-35.7375,-34.9629,-33.9681,-35.9218
8.99408,12.4588,12.7729,3.1495,-1.86837,-3.79443,-2.87113,-8.30684,-7.69734,-10.2078,-16.2408,-18.3052,-15.1359,-14.709,-15.5627,-20.5543,-15.776,-13.5681,-11.4765,-16.775,-18.3459,-19.1002,-23.0214,-23.8465,-27.2526,-23.0562,-21.8065,-21.257,-14.7121,-11.3993,-6.37097,-15.3566,-22.271,-24.4405,-25.8591,-27.195,-27.7814,-29.0584,-27.0167,-29.1297
22.1673,20.8711,14.4213,6.30134,4.08406,-0.730455,2.18881,-2.6095,-5.69148,-7.66459,-8.85491,-9.71868,-9.92462,-9.15369,-8.34823,-10.3925,-6.25427,-6.84987,-6.70139,-11.9796,-11.9729,-14.0396,-16.801,-18.3272,-19.5362,-19.1081,-15.5469,-12.7143,-8.20807,-5.85227,-2.02256,-10.759,-17.3122,-20.4239,-21.7395,-24.2687,-24.9646,-24.7152,-23.3106,-25.9651
24.505,20.6675,12.5276,8.55106,6.26602,3.91578,2.19862,-0.338868,-2.97672,-4.33176,-4.51233,-3.01768,-5.15965,-9.12572,-6.659,-7.90591,-5.06839,-6.55152,-8.03366,-12.162,-11.9136,-14.9094,-15.2126,-17.6843,-18.1108,-19.913,-14.964,-11.2548,-8.64861,-5.38226,-4.30744,-11.6958,-17.1013,-20.2843,-22.1333,-24.2481,-24.8928,-23.2848,-22.8395,-25.9845
17.8911,14.2121,9.64405,6.62805,4.93038,2.63229,0.104432,-2.84404,-3.74021,-5.11392,-5.90245,-5.02876,-7.37623,-11.1772,-10.3417,-11.4895,-9.72766,-11.8506,-12.742,-16.3002,-15.9287,-18.0155,-18.6336,-20.9072,-21.6817,-23.0302,-20.3766,-18.2751,-16.328,-11.5131,-11.5344,-17.5399,-22.5588,-23.9508,-25.5981,-27.1098,-27.8251,-26.5645,-27.0295,-29.1291
20.8561,18.0841,7.65124,5.07844,6.01326,2.88231,1.31785,-4.20411,-3.3943,-4.49652,-5.85642,-7.23843,-10.0791,-7.41791,-10.2173,-9.1598,-5.21313,-7.53016,-15.0842,-17.1889,-14.5784,-15.0408,-16.0433,-19.5512,-18.5194,-20.3113,-20.4962,-18.3139,-16.9926,-11.2295,-11.5927,-18.4591,-21.2624,-22.7473,-24.6689,-26.2531,-25.7503,-25.2045,-24.0566,-25.7634
22.788,16.4614,5.10483,1.07493,1.84701,-2.07948,-2.11176,-5.93145,-7.66285,-9.58704,-10.6447,-11.1325,-12.6378,-8.62123,-9.15839,-11.6887,-7.62614,-7.386,-13.7572,-17.6841,-16.497,-17.4416,-18.0292,-21.438,-20.2149,-20.2961,-18.9601,-17.5494,-16.2229,-10.0444,-10.6232,-16.5167,-20.2734,-22.8246,-25.5887,-27.067,-25.9808,-24.9172,-23.3837,-26.6642
20.8202,13.6658,8.32289,3.35052,-0.270277,-3.60412,-1.82511,-2.38558,-5.34206,-7.74568,-7.64593,-8.42467,-10.1162,-10.323,-11.4765,-11.1693,-12.7341,-12.7046,-14.9207,-17.7905,-16.5436,-18.8821,-19.2593,-19.8006,-20.9289,-20.1363,-19.6398,-19.4948,-18.9216,-13.414,-14.2613,-19.178,-24.3407,-25.9146,-26.395,-26.7884,-27.0231,-25.7534,-23.3832,-27.7266
16.2753,12.7073,7.96071,2.71774,-0.307643,-3.37091,-3.03174,-3.79287,-6.0726,-7.85281,-8.32764,-9.41012,-11.2833,-12.537,-14.6256,-13.7414,-14.8453,-15.3344,-16.9169,-18.8309,-18.645,-20.8583,-21.6324,-21.6246,-22.1814,-22.346,-23.3767,-24.3819,-23.8475,-21.2895,-22.5025,-25.7795,-28.321,-29.5098,-29.2593,-29.0397,-29.9213,-29.6079,-27.9969,-30.6313
24.7296,20.5165,8.85979,4.48563,1.14108,-0.722002,-2.45341,-3.18428,-6.39078,-6.19562,-8.02299,-9.08932,-11.4781,-11.873,-12.7063,-14.1608,-12.03,-11.3546,-13.9,-17.3416,-18.379,-19.4423,-20.4289,-20.5775,-20.076,-21.1765,-22.4191,-25.0803,-21.4952,-20.7944,-19.7017,-22.7213,-25.3162,-27.1806,-27.5749,-27.5235,-28.2129,-27.1038,-26.5448,-27.669
29.1301,21.2047,4.08048,-0.0560344,-2.98298,-5.37334,-6.32391,-7.52245,-11.4932,-11.121,-13.3039,-14.0543,-16.6002,-15.4978,-15.7711,-16.5094,-14.5237,-14.3511,-16.4369,-20.8197,-21.4318,-22.06,-22.7701,-24.4052,-23.771,-22.8928,-24.4312,-23.9257,-20.2921,-19.1182,-17.9029,-21.8276,-25.9876,-27.3622,-28.6226,-27.1886,-28.22,-26.7038,-25.1047,-28.5829
26.0447,18.1471,2.31312,0.481485,-0.189361,-3.27281,-6.67087,-7.95519,-9.26012,-10.8291,-13.1174,-14.3543,-14.6896,-15.2642,-17.4695,-16.5217,-15.7684,-18.022,-18.6978,-20.8659,-21.9135,-21.8677,-22.004,-24.3181,-25.5414,-23.9457,-24.5736,-24.087,-21.8193,-21.3937,-20.5925,-24.1097,-27.3901,-28.8347,-29.9523,-27.9856,-28.9124,-28.7199,-26.2039,-29.6455
16.0444,11.1307,2.39074,0.163109,-0.993546,-4.01271,-7.29695,-8.55796,-9.45181,-11.4255,-13.1952,-14.6268,-15.1163,-16.2366,-18.6109,-17.5581,-17.9738,-21.3777,-21.8255,-22.0396,-22.9738,-23.4878,-23.9364,-25.1985,-26.3656,-26.7048,-27.1311,-28.2336,-26.1651,-26.7604,-25.6124,-29.2695,-30.681,-31.5982,-32.2384,-32.0973,-32.977,-33.9854,-31.8688,-33.2741
23.1513,15.0518,1.8858,3.23163,1.11012,-2.92243,-6.566,-7.7709,-7.70981,-10.4987,-12.1468,-13.3737,-13.7114,-15.0705,-18.1434,-15.3505,-17.2313,-21.4542,-20.2603,-19.9896,-21.6503,-22.1944,-23.5215,-23.0495,-23.4676,-25.9861,-25.5773,-25.8948,-22.8787,-21.5075,-19.6923,-26.6709,-28.44,-28.1305,-28.304,-29.4489,-30.9111,-29.4694,-27.1363,-30.2454
25.4804,15.7535,-1.45888,-0.247465,-3.54051,-8.10005,-11.54,-13.4888,-12.6384,-15.8144,-17.4687,-18.9219,-18.8609,-18.8219,-21.7269,-19.5281,-19.9534,-21.9155,-22.6303,-24.0361,-25.239,-24.4757,-24.9934,-24.7243,-25.1922,-26.723,-25.5295,-24.9404,-23.0322,-19.2946,-17.841,-24.4199,-27.9863,-27.6018,-28.9082,-29.0038,-29.4353,-27.0753,-24.9485,-29.3872
22.1631,14.34,0.968263,-3.19566,-7.90335,-9.56372,-11.4838,-15.051,-16.8613,-18.9894,-20.2109,-22.1454,-21.2409,-21.2095,-22.5281,-21.4676,-21.8232,-22.2312,-24.3382,-26.205,-27.1088,-28.3077,-29.0379,-27.5711,-26.7491,-27.8713,-26.5116,-24.5455,-24.488,-20.3655,-21.0734,-26.2857,-29.5964,-29.8689,-32.1067,-31.0262,-30.3648,-27.7447,-26.0103,-30.0758
12.5828,8.06426,-0.475581,-5.80653,-9.19481,-11.8438,-13.758,-15.774,-17.3149,-18.4123,-19.9055,-22.6891,-21.7787,-22.8846,-24.6409,-23.6178,-23.9443,-25.9566,-28.275,-28.4935,-29.0917,-30.6759,-32.26,-32.8968,-32.0795,-31.4109,-29.9886,-28.7677,-28.945,-25.5907,-28.3423,-33.8106,-35.4786,-35.5219,-37.7484,-35.9215,-35.2419,-33.6247,-31.6415,-34.4599
3.97395,3.11766,-1.68976,-6.79657,-11.935,-13.3001,-13.3523,-16.2503,-16.4047,-14.8028,-17.065,-21.7342,-19.7009,-21.8442,-22.3872,-24.0682,-21.4127,-24.7377,-28.5956,-28.381,-26.6837,-26.6348,-27.5775,-29.9777,-30.9308,-28.1357,-26.0423,-26.8125,-25.6496,-21.4767,-22.5459,-28.3094,-31.1011,-31.3897,-32.106,-30.3608,-30.5058,-30.0927,-27.6571,-31.6432
9.22795,6.32617,-3.70067,-9.26428,-15.7133,-15.8766,-15.5937,-19.1801,-19.02,-18.4736,-21.0414,-24.6833,-23.0841,-23.8001,-25.1831,-25.845,-22.7825,-25.0422,-27.0972,-27.8548,-26.9576,-26.8428,-28.1731,-29.3367,-30.0432,-28.7451,-26.3875,-25.8689,-24.0333,-19.9169,-19.4419,-25.972,-28.0723,-29.1318,-28.7541,-28.4729,-28.5518,-27.6912,-24.2603,-27.8905
11.8881,7.32009,-4.03283,-8.52616,-15.1449,-16.0123,-15.9939,-17.7372,-21.5053,-23.391,-22.023,-23.66,-25.6702,-24.0784,-23.6796,-25.0494,-26.791,-26.8908,-27.3832,-29.4266,-29.1439,-29.0901,-31.0148,-29.8672,-30.2501,-32.3765,-27.9583,-28.1924,-26.3484,-22.3502,-21.1397,-29.2379,-30.1291,-30.7335,-30.8673,-30.2151,-30.1455,-29.3388,-25.8837,-28.4837
5.19076,1.14805,-6.49703,-10.4999,-14.9297,-17.238,-18.6391,-18.9372,-21.2721,-24.7502,-23.4044,-23.9357,-26.8981,-25.1266,-25.8301,-28.2674,-29.8638,-30.6209,-30.8318,-32.9967,-32.9455,-33.7328,-34.7947,-33.9262,-34.0503,-35.7875,-33.9219,-34.7307,-32.6337,-29.807,-27.9328,-34.8222,-35.9512,-35.6558,-37.2132,-35.8688,-35.0654,-35.4309,-32.7667,-34.8113
4.59946,-5.12604,-7.04157,-7.83264,-13.0114,-13.516,-19.3315,-17.5894,-15.265,-20.3511,-20.232,-19.5999,-22.551,-21.5376,-26.1154,-30.1449,-25.8111,-26.719,-27.841,-28.787,-30.5819,-29.6923,-29.4359,-28.5576,-29.7366,-29.7105,-29.6712,-30.3598,-26.5853,-24.9347,-24.2611,-29.1414,-31.5019,-31.2579,-32.8005,-31.0902,-31.2623,-29.8762,-28.619,-32.3789
11.142,-0.669667,-1.57263,-8.92707,-16.352,-13.6358,-16.1332,-19.7497,-18.1024,-22.9496,-23.8774,-22.9751,-23.3393,-22.1527,-23.9127,-26.9245,-26.3485,-25.9247,-26.3386,-26.7528,-28.6529,-26.9663,-28.467,-26.9021,-27.5486,-27.6058,-26.281,-26.4553,-25.0479,-20.38,-20.7836,-27.2321,-28.6454,-29.4326,-30.3536,-29.2318,-28.6163,-27.5748,-26.0233,-28.7132
11.9907,2.19867,2.0504,-7.2144,-13.2288,-12.1205,-12.7214,-19.0337,-19.4563,-21.9203,-28.8634,-26.6204,-22.6512,-22.763,-24.6673,-24.2178,-28.2185,-29.3046,-28.333,-30.0601,-31.1169,-29.6856,-29.7562,-30.8111,-28.4844,-29.0648,-28.7901,-26.404,-25.3946,-21.2703,-21.8412,-27.5902,-29.556,-30.0616,-31.2248,-30.3814,-30.3917,-28.9182,-27.2373,-28.9242
5.24353,-0.735533,-2.96399,-9.39663,-14.5587,-15.4651,-16.9637,-22.8332,-22.2814,-24.646,-30.5825,-30.5706,-26.0701,-26.4014,-28.9905,-28.1738,-30.7177,-33.5478,-33.2701,-35.239,-38.6593,-36.4086,-34.3492,-36.1129,-34.5048,-36.8032,-36.322,-31.7262,-31.8394,-28.8682,-28.5681,-32.4317,-36.3233,-36.7967,-38.1553,-36.1596,-36.6304,-35.0677,-32.8863,-34.7744
4.97131,-1.69796,-1.46716,-10.8196,-15.6355,-13.4468,-19.2034,-20.868,-22.6,-23.1001,-24.4104,-26.0835,-25.953,-26.3043,-26.1044,-27.6729,-27.2851,-28.3199,-30.7442,-34.383,-31.5375,-32.797,-32.4063,-31.902,-28.988,-31.1928,-32.688,-32.7398,-28.2864,-22.3952,-22.8666,-28.3982,-31.9017,-32.573,-32.8511,-32.7395,-31.7115,-30.1634,-27.2789,-31.4682
9.41635,-2.53372,0.784122,-7.47431,-13.3681,-14.3036,-16.5868,-17.9348,-17.437,-20.3477,-21.6415,-23.027,-24.4268,-24.6231,-24.7529,-25.4365,-24.8376,-25.3481,-27.968,-30.2218,-28.8362,-28.9704,-28.5007,-30.3899,-27.1438,-28.483,-27.5813,-27.6258,-25.1791,-20.4379,-19.547,-25.6297,-28.8167,-29.2636,-29.6227,-29.6798,-28.371,-27.2019,-24.3343,-28.4851
11.3187,3.52585,0.489271,-4.24004,-6.29191,-10.1047,-9.5422,-11.5208,-12.187,-15.8429,-16.6885,-16.374,-19.0139,-20.1147,-21.0438,-21.613,-21.264,-21.6505,-23.9316,-25.2398,-24.8349,-27.1472,-26.806,-28.2908,-27.5089,-27.6047,-24.5574,-26.1013,-25.2311,-22.1995,-19.8963,-26.4915,-27.8274,-28.3937,-30.1878,-29.9528,-29.106,-28.3774,-25.0656,-29.2765
6.39087,2.69834,-1.28166,-4.87584,-6.76085,-10.4196,-10.8334,-12.2363,-12.8572,-15.7087,-16.4403,-17.1158,-19.5677,-20.6984,-21.7517,-22.0696,-22.3347,-23.4589,-24.699,-25.2831,-26.0506,-28.3574,-28.2828,-29.3959,-29.9642,-30.0267,-27.8414,-30.6817,-29.6133,-27.3371,-25.5185,-30.667,-31.1358,-32.0725,-34.6388,-34.2234,-33.9062,-34.2728,-30.9284,-34.3604
12.0804,8.01846,1.51413,-3.51099,-5.07143,-9.06629,-10.2899,-11.2358,-11.2165,-12.9074,-13.9981,-16.1181,-18.6483,-18.7824,-20.4972,-19.951,-20.5368,-24.5267,-22.9253,-22.5245,-24.7796,-25.4039,-25.714,-27.3928,-28.3794,-28.3148,-28.2686,-29.2438,-27.1446,-23.2273,-24.2782,-27.4282,-30.1785,-30.2622,-30.4054,-30.8294,-29.9909,-30.5668,-28.4648,-31.3658
15.2384,8.20734,-1.19654,-8.87005,-9.72453,-10.1301,-12.3237,-13.6766,-14.0245,-16.3077,-18.406,-21.1168,-22.7292,-22.8174,-23.7767,-23.0774,-23.4916,-26.0013,-25.4433,-26.7568,-27.5236,-26.8507,-28.4962,-29.4558,-30.0854,-29.7392,-27.863,-28.174,-25.1472,-19.9829,-19.9308,-25.6774,-28.8973,-29.0937,-28.996,-29.3807,-28.7628,-28.2538,-25.2882,-28.4967
11.9486,7.23176,-1.50048,-14.7703,-14.603,-10.1179,-14.0994,-16.4575,-17.6637,-16.0805,-21.8834,-22.9981,-23.5774,-24.8364,-24.7096,-24.6701,-25.1819,-26.684,-24.6524,-27.2136,-28.4178,-28.0927,-27.8831,-28.2852,-30.0309,-31.681,-30.335,-29.5636,-25.607,-21.5025,-21.8715,-26.7661,-31.5758,-31.6756,-30.6447,-31.3137,-30.5668,-28.3273,-26.5654,-30.0723
4.15065,2.17047,-4.33641,-14.0903,-14.7013,-14.1294,-17.6083,-19.7961,-21.569,-20.6795,-24.785,-25.3687,-26.1733,-26.678,-26.9183,-27.2652,-27.8378,-29.5777,-27.7961,-29.7247,-31.6054,-31.2283,-30.9928,-31.9536,-34.0206,-34.7199,-35.8156,-34.763,-31.9133,-27.939,-28.4177,-31.6664,-37.1224,-38.6442,-36.6245,-36.8287,-36.0534,-33.4231,-33.1908,-37.1747
6.71874,3.21505,-3.91292,-8.34327,-11.3171,-11.0276,-17.1542,-17.8718,-18.4209,-21.3914,-24.7227,-23.0032,-25.7444,-23.2477,-24.1641,-27.9793,-25.6427,-27.6409,-28.2118,-29.9142,-31.2317,-26.7279,-28.1363,-30.2413,-29.5016,-30.1174,-30.6349,-30.021,-27.8377,-21.0744,-22.5065,-29.4418,-30.1325,-32.1487,-31.4591,-32.432,-31.5077,-31.0031,-27.8264,-31.8043
7.8592,1.73486,-2.07117,-7.84433,-11.482,-9.06373,-13.1531,-18.6881,-16.7328,-17.5759,-23.489,-23.0412,-24.7165,-23.7467,-24.362,-28.9753,-25.36,-26.1068,-27.021,-30.1532,-31.0536,-27.9567,-27.7037,-28.0319,-28.3002,-28.0693,-28.3612,-28.1668,-24.8031,-20.3247,-20.7749,-26.8197,-28.7187,-30.0246,-29.7056,-29.5405,-28.8305,-28.5787,-24.5066,-27.8658
7.31322,4.24975,-2.21443,-7.43143,-10.8634,-13.2278,-16.0602,-15.3757,-16.4531,-18.0275,-20.5842,-25.6217,-24.0115,-26.2373,-26.0956,-30.9965,-27.4526,-27.3575,-28.539,-32.9918,-31.1711,-31.5697,-30.063,-29.5018,-29.6217,-29.5502,-29.8444,-30.1505,-26.4362,-21.8952,-22.8108,-28.0115,-31.634,-31.5323,-30.8526,-30.5455,-30.4065,-29.7465,-26.342,-29.2164
0.772858,-0.973077,-8.8834,-11.8146,-15.1173,-22.1379,-21.6742,-19.1989,-22.1427,-25.721,-24.43,-30.3263,-27.6429,-30.755,-31.5036,-34.2429,-36.0879,-35.2014,-37.1157,-38.9832,-34.8838,-36.2302,-35.539,-35.2839,-34.6358,-36.6657,-36.0808,-36.4151,-33.5666,-27.4603,-29.211,-34.5267,-37.9824,-37.4379,-37.4598,-36.626,-36.4698,-36.722,-32.9111,-36.1279
3.76394,1.16473,-2.09871,-4.90813,-15.2722,-15.6472,-14.813,-14.7632,-26.4181,-28.6612,-24.7107,-28.5009,-28.2309,-26.9775,-27.475,-29.2066,-31.8503,-31.3899,-31.3063,-32.338,-29.6601,-30.6213,-32.1912,-31.4601,-32.0241,-31.1559,-30.7053,-31.3612,-29.1064,-25.1317,-23.2524,-29.2801,-31.5899,-32.5119,-33.5586,-31.9856,-31.2092,-30.7318,-27.8856,-32.218
8.08161,2.63657,-0.288817,-4.83322,-17.4101,-9.13212,-12.9593,-13.0165,-20.0631,-20.6815,-21.8611,-24.0432,-26.4426,-24.14,-24.4133,-25.7886,-28.2464,-28.2495,-27.3573,-30.6484,-28.5684,-28.6153,-30.6335,-30.2648,-29.3799,-27.9684,-27.0258,-26.365,-24.8965,-21.3692,-20.4157,-28.3356,-29.3897,-29.8882,-30.3257,-29.8,-28.2827,-27.7166,-25.4277,-29.2893
4.85479,-1.2544,-2.58141,-10.5461,-22.7303,-10.6665,-16.3048,-14.9207,-19.1204,-16.7062,-21.5189,-23.1091,-28.2155,-29.6239,-26.5902,-27.4527,-31.0366,-28.8558,-27.1895,-31.2703,-33.194,-30.6078,-31.4766,-31.428,-30.7928,-29.8412,-29.1614,-28.1899,-26.5336,-22.442,-20.6808,-28.9558,-29.8716,-30.5818,-31.938,-31.1718,-29.5529,-29.027,-25.7179,-30.3163
-4.37497,-8.54505,-10.5036,-16.8443,-26.1039,-20.3107,-24.0832,-22.8962,-23.6966,-21.7792,-26.1564,-27.1664,-30.7867,-33.6418,-34.3587,-33.8417,-36.8099,-35.2225,-32.0243,-34.8483,-36.3928,-36.0309,-36.8393,-37.7979,-36.5454,-36.2084,-36.4539,-36.2429,-33.2924,-28.869,-26.8069,-33.4801,-34.8787,-36.3415,-37.3065,-36.6275,-36.7716,-35.2536,-31.4158,-36.1428
5.30466,-0.000319186,-11.0377,-12.9086,-18.4687,-11.6236,-15.675,-17.2894,-18.6659,-23.2693,-25.2447,-23.3534,-26.6544,-26.6902,-29.7228,-28.1154,-31.3059,-29.6056,-30.1147,-28.7102,-29.6321,-31.4741,-34.3766,-33.7303,-31.4883,-31.72,-32.9919,-32.2305,-28.0314,-21.9883,-24.8043,-27.7443,-29.2445,-31.7539,-31.2315,-31.0244,-32.3913,-30.4624,-28.6451,-31.0433
9.11641,1.6987,-5.52394,-8.78571,-14.8614,-10.4702,-15.1193,-15.8874,-17.1213,-16.2959,-20.588,-23.7282,-27.2932,-27.2819,-27.1011,-27.5898,-27.8046,-25.5576,-27.1999,-27.5313,-28.7028,-29.8899,-30.1713,-29.5862,-28.2029,-28.1577,-29.2044,-28.0399,-25.6836,-20.8295,-21.2372,-24.8884,-28.3105,-29.6761,-30.2974,-29.5561,-29.1688,-27.1411,-25.1492,-28.5799
7.76273,1.06505,-5.72101,-9.63993,-13.3527,-16.0539,-18.523,-17.9377,-21.6927,-18.2048,-22.4697,-26.5236,-27.4847,-31.5958,-28.5629,-30.0604,-27.8143,-26.6184,-29.9255,-31.8773,-30.4478,-29.8407,-29.3043,-29.767,-27.7351,-28.7097,-30.8321,-30.4787,-26.6652,-23.4469,-22.0839,-26.795,-30.9923,-32.276,-32.8015,-31.7914,-30.3711,-29.0488,-26.8916,-30.5933
1.05247,-4.01268,-11.1369,-14.7721,-17.7613,-22.8879,-26.4299,-25.7471,-30.2098,-30.1591,-31.6292,-33.6579,-32.8921,-36.5096,-34.4792,-35.2727,-33.8426,-36.5899,-39.1278,-38.9049,-36.5738,-34.9215,-35.5179,-36.4743,-33.4058,-34.3179,-36.9277,-35.815,-34.3955,-28.4428,-28.0032,-34.664,-37.717,-38.7275,-38.4095,-37.2796,-36.779,-35.1016,-32.457,-36.284
10.967,4.82612,-5.74617,-8.47773,-19.7114,-21.5678,-18.5336,-20.6593,-21.327,-26.4696,-25.7503,-28.1603,-26.64,-30.2396,-29.3064,-26.9967,-29.2272,-34.151,-35.8865,-35.5271,-33.9877,-30.7357,-31.8217,-34.1707,-31.8403,-30.164,-30.8866,-28.6532,-28.6367,-21.2071,-21.8935,-29.885,-32.4701,-33.8378,-32.3598,-32.9433,-32.3624,-29.7623,-27.535,-30.3431
14.5283,5.76086,-5.0217,-6.57913,-14.627,-15.1574,-14.1557,-18.9486,-19.6343,-22.5645,-22.7694,-23.5234,-23.666,-26.581,-27.1313,-25.5989,-26.7357,-29.5083,-29.3267,-29.7297,-30.6635,-28.0034,-27.7843,-29.8711,-27.4644,-28.0036,-28.1892,-28.4733,-24.422,-19.0661,-20.167,-25.4872,-29.6744,-30.372,-30.1175,-29.4399,-29.3662,-27.2774,-25.2273,-28.4186
12.3769,4.29216,-5.35404,-7.98721,-14.4222,-15.7784,-14.0744,-22.1609,-19.7435,-20.9089,-23.7548,-23.7922,-25.1521,-26.6892,-27.6787,-26.2201,-26.2422,-26.1451,-26.8764,-28.2687,-30.8125,-30.5012,-28.8528,-29.4569,-28.0195,-29.9166,-29.8568,-31.0196,-26.7496,-21.9046,-22.0316,-26.2543,-30.7518,-31.4834,-31.6106,-30.7842,-30.4027,-28.8749,-26.4584,-30.6552
4.01162,-0.134811,-6.25548,-11.2202,-15.943,-18.56,-18.1806,-22.0514,-21.2375,-23.782,-26.0148,-27.1254,-29.7329,-29.7465,-29.089,-28.8226,-29.8546,-29.5697,-31.8385,-31.9893,-36.3941,-34.8499,-33.5239,-33.3764,-33.322,-36.0188,-34.1153,-36.3355,-33.4221,-29.4545,-28.7662,-32.6593,-36.3097,-37.7582,-37.7403,-37.4552,-36.0254,-35.6297,-34.0714,-36.0601
6.2704,3.85766,-1.58925,-8.5655,-11.4998,-13.1202,-17.6426,-17.8341,-18.1258,-24.5663,-22.6805,-22.2237,-27.4479,-26.9247,-25.9758,-28.1308,-27.8948,-30.6106,-29.487,-30.4376,-31.2087,-30.8212,-30.218,-31.8285,-30.9084,-31.5222,-27.5267,-29.1813,-26.9255,-22.9178,-24.318,-27.7209,-30.6547,-31.8822,-32.2644,-31.8369,-31.9645,-31.0221,-27.8364,-29.2872
11.7636,5.64439,-1.46521,-6.36475,-12.2789,-9.00032,-12.6166,-19.1408,-17.384,-20.4768,-21.8098,-23.763,-26.1733,-27.2282,-25.7299,-25.1403,-27.2027,-27.8909,-26.3893,-27.6332,-28.0709,-28.3719,-28.1789,-30.9129,-29.063,-30.359,-25.8412,-26.092,-24.1765,-20.2416,-19.0046,-25.1554,-28.7372,-28.2905,-29.2332,-29.183,-29.0503,-28.0289,-24.4007,-26.698
12.3546,6.38123,0.430917,-6.14507,-11.8416,-7.79433,-10.4022,-17.1766,-14.3805,-15.8231,-15.2629,-18.4558,-20.2794,-22.4089,-23.5743,-22.709,-24.3994,-24.3771,-24.8774,-25.4278,-25.9379,-27.19,-30.0318,-30.6251,-28.6058,-29.7058,-26.6016,-26.8349,-25.034,-22.1327,-18.9161,-25.7734,-30.4025,-29.6914,-29.6329,-30.3774,-29.4305,-28.2437,-24.9208,-28.8843
6.31821,2.51236,-2.1472,-8.08857,-11.8787,-11.7695,-13.8957,-17.0875,-16.1153,-16.6434,-16.8387,-19.4272,-21.2169,-22.8874,-23.7238,-25.0252,-25.9811,-26.4164,-27.3785,-27.5107,-27.9158,-29.3716,-31.8754,-31.8754,-30.7026,-31.7452,-32.193,-32.5221,-30.2595,-28.6106,-26.4959,-30.6726,-33.4995,-35.3062,-34.4623,-35.9595,-34.4217,-33.129,-30.7116,-35.8636
9.89465,5.97736,-0.956654,-7.08338,-11.1791,-10.1972,-13.249,-15.1082,-15.6889,-14.5373,-17.1114,-19.1665,-18.9616,-20.4887,-20.1428,-24.5577,-24.5875,-25.3668,-26.0309,-26.0457,-26.1547,-27.2882,-26.6302,-28.3237,-25.7376,-26.3954,-27.6013,-28.5715,-26.0556,-22.2146,-21.274,-26.7285,-29.3553,-31.0814,-31.4949,-32.0544,-30.0443,-28.9162,-26.9813,-30.5788
11.3988,5.88985,-1.32048,-10.8092,-15.577,-12.7257,-15.9293,-18.3387,-16.278,-16.7916,-21.6291,-22.223,-21.9729,-21.7865,-23.2106,-25.247,-26.798,-27.1208,-25.7923,-25.8987,-24.9652,-25.9279,-25.9409,-27.4553,-25.4689,-24.4437,-24.5063,-26.7637,-23.469,-19.3214,-18.3716,-24.001,-28.3183,-30.0574,-30.288,-29.8643,-28.6358,-27.174,-23.8181,-28.4237
3.18,-1.76311,-5.21395,-9.27898,-15.6458,-16.5011,-19.3262,-19.5293,-19.0407,-18.1486,-27.2098,-26.6717,-24.8363,-24.1792,-27.4542,-26.6166,-30.4069,-30.5108,-27.5793,-28.1683,-26.7329,-27.2936,-28.0752,-28.1868,-29.0402,-25.961,-25.8393,-26.0381,-26.5779,-20.0785,-19.5745,-26.5305,-30.367,-33.1436,-33.5624,-31.2811,-30.2475,-29.6865,-26.4124,-30.432
-6.63825,-7.14585,-11.8056,-13.8278,-18.9065,-22.5499,-25.1452,-23.1299,-25.1308,-25.6418,-30.3363,-32.1085,-30.1616,-29.091,-30.7805,-29.8339,-33.2668,-36.1538,-34.6146,-34.7492,-33.2071,-33.9018,-33.942,-33.711,-34.8336,-32.7247,-32.72,-30.9146,-32.3392,-25.7242,-24.5281,-32.6446,-36.3215,-37.4736,-39.2082,-38.928,-37.1563,-35.1794,-32.8955,-35.7977
6.74321,4.99087,-2.49283,-14.6821,-15.919,-21.1683,-23.6546,-18.5156,-19.351,-22.6531,-27.4401,-27.8262,-27.3821,-24.5954,-27.1903,-27.8167,-24.2439,-28.0689,-30.9985,-29.3891,-30.6369,-33.3847,-30.9133,-30.4503,-27.1157,-28.6499,-31.2051,-29.4506,-25.5227,-21.1495,-21.2097,-28.1699,-31.7702,-32.5539,-33.745,-33.676,-32.8118,-30.3557,-27.4341,-30.384
9.87664,4.8556,-0.652725,-11.3135,-15.1725,-16.3279,-18.4401,-17.2684,-16.2521,-17.6174,-24.8417,-24.9036,-25.1751,-24.7794,-26.5749,-25.6129,-23.9547,-27.0211,-28.5675,-27.0185,-27.9019,-29.5146,-27.8486,-29.8098,-25.4782,-27.6428,-28.5639,-26.1877,-23.2953,-18.5532,-18.4701,-26.3767,-30.1578,-31.2749,-31.2921,-30.168,-29.2574,-27.566,-24.9863,-27.8012
6.17959,0.672067,-2.00792,-8.51993,-16.4672,-15.9456,-14.7791,-17.4142,-16.2746,-18.2694,-23.4501,-25.0122,-27.4563,-25.4373,-25.9722,-26.2389,-26.884,-30.1326,-29.5223,-28.1602,-29.7221,-30.4992,-30.2175,-31.0939,-27.2438,-29.5378,-28.936,-28.2397,-25.3059,-19.9024,-20.7802,-28.173,-31.6383,-33.1972,-31.6485,-30.3682,-29.196,-29.0073,-26.6623,-29.6784
-1.20697,-4.18122,-6.34347,-11.383,-17.8465,-16.584,-16.9245,-20.3667,-21.201,-25.2539,-27.4941,-29.5919,-31.1779,-28.4376,-29.7602,-32.4113,-31.4163,-35.0638,-35.0242,-33.0815,-34.7572,-36.552,-36.3386,-35.8434,-32.0531,-34.7287,-34.8548,-35.7629,-31.8141,-26.4662,-28.2463,-34.5943,-37.0541,-39.1143,-37.6035,-35.1292,-34.742,-36.4493,-33.1202,-36.0133
0.86454,-4.49332,-5.40027,-8.47447,-15.0185,-9.04162,-13.4583,-19.5568,-18.6945,-18.7142,-25.4242,-31.3789,-26.4429,-25.1742,-28.769,-29.5271,-31.8689,-28.4626,-30.4595,-28.7106,-31.3182,-30.8549,-30.905,-31.4493,-29.752,-29.0944,-29.1396,-29.078,-26.4271,-24.7693,-23.0067,-28.4025,-30.6938,-31.9327,-33.2829,-31.2508,-31.8795,-29.9835,-27.9996,-31.608
2.61263,-2.15183,-2.38283,-4.34614,-13.4674,-9.40029,-14.2734,-18.1509,-17.2637,-17.4426,-23.1472,-27.1309,-27.5434,-27.5133,-26.0454,-25.8819,-27.3054,-27.0343,-28.6769,-26.8228,-29.0547,-28.5509,-29.2257,-28.7716,-26.3277,-25.9264,-25.9765,-25.8322,-25.4509,-20.4264,-20.1337,-25.7826,-29.0124,-29.6122,-31.0403,-29.0121,-29.3577,-27.3564,-25.7764,-29.7894
0.526285,-0.971909,-0.520907,-6.64491,-16.6701,-16.0712,-16.6994,-17.3056,-21.0463,-21.5865,-23.6404,-24.9343,-29.5169,-29.9127,-27.3459,-27.1677,-27.2087,-29.9353,-29.7968,-27.2795,-30.2418,-29.8512,-29.9638,-30.7108,-27.9991,-27.7732,-27.2475,-26.742,-26.8431,-20.9344,-22.1235,-26.1578,-30.3363,-31.0885,-30.7407,-31.6859,-31.6305,-29.2823,-26.3906,-31.0453
-3.21325,-5.11818,-8.16004,-18.5894,-28.5019,-24.5763,-21.8977,-23.2501,-27.9653,-29.0045,-30.6272,-30.7905,-35.6825,-35.0696,-33.9494,-35.3471,-35.0377,-37.0338,-34.8235,-34.2177,-35.7238,-35.4515,-35.8447,-37.5009,-37.3453,-36.5679,-35.414,-33.8134,-32.67,-27.6295,-28.4945,-31.6108,-35.815,-38.1929,-35.8538,-38.7798,-38.0164,-35.3018,-32.3442,-36.561
7.59627,3.26711,-11.5457,-16.1106,-14.6293,-14.8392,-20.0361,-22.34,-20.3911,-23.0117,-32.6263,-29.4787,-31.2395,-29.0592,-28.2466,-31.5959,-28.8504,-32.3132,-29.9676,-31.027,-29.6905,-32.0441,-33.5277,-32.1604,-33.9402,-31.67,-30.55,-29.1267,-29.4991,-22.2575,-22.687,-28.793,-31.5968,-33.4776,-32.813,-33.0118,-33.0362,-31.1578,-27.3125,-29.6422
13.3997,6.77694,-5.04552,-10.9056,-9.6825,-11.2845,-12.8423,-16.4057,-16.4408,-19.5733,-30.2266,-23.5662,-25.1671,-25.1854,-24.7739,-27.3115,-23.1015,-25.9763,-26.8141,-26.985,-27.5144,-29.9464,-30.8349,-29.0909,-29.5854,-28.3102,-28.5963,-27.1498,-26.0612,-19.4233,-20.8323,-26.5723,-29.0517,-30.3463,-30.6866,-30.1775,-30.1522,-27.9296,-24.1232,-27.3861
14.3452,7.19334,-4.49028,-6.48897,-5.87789,-10.0226,-11.2856,-12.4255,-15.6697,-19.7061,-21.8142,-19.2894,-19.8541,-21.345,-23.6599,-25.2868,-22.6313,-25.6304,-26.6077,-26.1821,-27.4107,-26.5827,-27.7692,-28.7403,-29.9484,-28.124,-29.9199,-27.6096,-25.9869,-21.6096,-22.523,-26.4499,-29.4003,-30.2943,-31.1971,-30.3344,-31.7324,-28.4765,-25.4767,-28.6551
8.03063,3.38023,-3.70203,-7.51009,-8.36986,-12.9043,-15.6846,-15.9545,-18.0772,-20.0765,-21.4282,-21.0183,-21.8824,-23,-25.5692,-27.6141,-25.8692,-28.1396,-29.5035,-29.586,-29.7551,-29.5854,-30.6255,-32.705,-34.5849,-33.4501,-34.696,-32.4337,-31.6309,-29.3983,-28.6219,-31.2762,-33.8279,-34.6264,-35.9211,-36.0993,-35.7525,-33.324,-31.9062,-34.668
14.3346,8.41583,0.946276,-6.63038,-8.73751,-10.252,-13.2929,-17.1966,-15.6344,-16.2517,-19.2401,-21.1021,-23.2474,-21.4994,-22.6542,-24.9591,-24.0058,-25.0035,-27.6756,-28.2886,-26.8628,-31.1766,-29.9363,-30.1803,-30.4211,-30.2306,-30.4004,-31.2975,-27.3682,-22.9326,-23.2369,-29.965,-30.5378,-30.5353,-30.9329,-32.3929,-30.0485,-29.2777,-27.6911,-31.0798
18.3511,9.34367,-1.09701,-8.52614,-9.99934,-10.8934,-13.3592,-18.518,-17.256,-16.2224,-19.4132,-24.176,-26.8911,-24.9998,-24.9292,-26.1977,-24.2866,-26.7104,-27.2509,-26.3633,-26.4085,-29.3994,-30.0949,-27.671,-29.597,-29.4029,-28.8352,-28.6845,-24.9251,-20.184,-20.1697,-26.7012,-28.639,-28.3851,-29.3042,-30.2318,-28.9098,-27.837,-24.9433,-28.0567
14.9794,7.98146,-3.4276,-7.13558,-9.67724,-10.2281,-13.2904,-13.3511,-14.3893,-15.1118,-16.4269,-22.6832,-23.2154,-23.6929,-24.3449,-25.0778,-26.2693,-25.1274,-26.8155,-26.9204,-27.1989,-28.2286,-30.0325,-28.9238,-30.2668,-29.5272,-29.6479,-29.8202,-26.7512,-21.007,-21.4629,-28.1413,-30.6759,-31.392,-30.8813,-31.8216,-31.0141,-29.3302,-25.3743,-29.144
4.60972,1.92443,-5.7225,-9.776,-11.558,-13.5418,-14.8862,-15.0028,-16.5842,-18.4759,-19.8291,-24.0063,-23.7991,-24.8465,-25.8458,-26.859,-29.5577,-27.6389,-28.9018,-30.5695,-30.5539,-31.1896,-33.757,-33.5777,-33.2453,-34.1769,-34.9417,-33.6049,-33.1899,-28.2502,-27.9799,-34.9684,-38.6364,-37.4637,-36.8389,-38.5306,-37.5775,-35.8188,-31.8841,-35.8476
8.31179,4.80392,-7.44247,-10.6777,-13.4628,-12.845,-10.5054,-15.1338,-16.881,-18.2612,-20.5607,-23.5799,-22.1617,-24.43,-23.0796,-24.848,-27.0174,-26.5308,-26.2833,-27.4655,-29.0977,-30.3582,-32.3554,-30.1503,-27.3009,-30.5461,-30.4125,-28.8648,-27.589,-25.0192,-20.9914,-28.3902,-32.1142,-32.0762,-33.3717,-33.7494,-30.18,-29.4503,-26.7553,-31.4624
10.7838,5.0284,-7.96694,-11.0262,-12.8675,-11.3907,-12.1692,-18.9122,-17.1545,-18.1927,-17.7208,-25.0022,-24.2933,-25.8027,-25.3329,-26.5775,-26.5433,-25.5669,-28.3027,-28.9873,-27.5193,-29.2666,-30.4027,-29.9587,-26.7546,-28.062,-28.6142,-27.1967,-25.1597,-23.2614,-19.6748,-25.9666,-28.5322,-29.124,-30.5656,-30.7258,-28.4207,-26.5479,-23.9012,-28.4622
9.06374,2.90778,-6.92462,-9.41954,-12.4807,-14.565,-14.8014,-20.3712,-20.8698,-22.0283,-19.9336,-24.2056,-25.5021,-27.5261,-27.8295,-28.0382,-25.5742,-27.5008,-29.4887,-29.9004,-28.4479,-28.4453,-29.1884,-31.3094,-29.6828,-28.2407,-32.1242,-29.4393,-26.3766,-23.6278,-22.5931,-28.1661,-29.8983,-31.7152,-31.2389,-31.2998,-30.52,-28.5815,-25.1229,-29.2365
1.42166,-2.2897,-8.63983,-11.7038,-14.1926,-17.2782,-19.7351,-18.9993,-22.3327,-27.393,-27.484,-27.4339,-28.5876,-32.0966,-31.9639,-30.6297,-28.6549,-32.7332,-33.7839,-34.6266,-34.446,-33.1136,-34.3754,-36.8865,-35.5581,-32.9079,-37.2085,-36.2432,-32.968,-28.2293,-27.8787,-35.2129,-35.936,-38.6448,-36.7536,-36.8216,-35.5906,-35.1454,-31.7396,-35.2401
7.49348,0.681221,-9.57289,-12.2684,-11.8033,-12.4669,-13.7679,-11.4804,-17.8347,-23.4535,-26.886,-27.0087,-27.1456,-31.5719,-27.9789,-27.0733,-26.0757,-29.0475,-30.6947,-34.1597,-31.6354,-31.3105,-32.979,-32.2094,-32.5769,-30.1412,-30.2497,-30.4962,-29.5734,-26.8891,-25.3312,-29.1676,-31.1524,-34.0546,-34.2912,-33.0064,-30.4534,-31.2722,-27.9764,-30.6971
8.69511,1.10319,-9.18968,-8.05532,-11.5258,-14.5238,-13.5683,-12.9008,-16.0479,-20.8706,-24.4449,-26.2605,-24.8997,-28.4853,-26.6356,-26.4159,-24.5875,-25.9897,-26.5894,-29.539,-27.8388,-29.179,-28.8044,-28.9149,-27.5948,-27.3086,-27.3026,-28.0314,-26.8443,-22.5923,-21.1415,-26.4009,-28.5294,-30.2963,-30.5479,-30.0434,-28.4464,-27.9447,-25.1308,-28.1003
8.21519,-1.4354,-6.61952,-5.77306,-12.9462,-20.8395,-18.5637,-19.0981,-18.1703,-24.243,-28.7947,-26.9902,-23.7167,-25.74,-27.7943,-27.5417,-25.8018,-25.2359,-26.7066,-30.4304,-28.1599,-29.3229,-28.2647,-29.2613,-28.2967,-29.1116,-28.9051,-30.3662,-29.0732,-23.0042,-20.2287,-28.7638,-29.1201,-31.2196,-31.6601,-30.8493,-30.111,-29.654,-28.1442,-29.5092
1.71218,-5.47207,-9.50998,-11.0028,-17.5697,-22.9592,-23.1304,-27.5329,-26.5871,-30.4176,-35.8169,-32.6811,-28.0632,-30.1567,-32.5898,-33.8049,-33.6526,-31.4488,-33.9172,-35.9558,-34.3552,-35.5665,-33.7651,-36.2551,-36.2747,-34.9962,-36.5084,-35.536,-33.3508,-28.409,-26.111,-34.2362,-36.2746,-38.6464,-38.3577,-36.8803,-36.7865,-37.2346,-36.4284,-36.5922
7.64452,2.67659,-4.94027,-9.97024,-15.5123,-15.0603,-19.6623,-19.5989,-26.0434,-26.6654,-30.5266,-29.7844,-28.6117,-28.6268,-28.0573,-31.3148,-30.3732,-29.1235,-28.2629,-29.5209,-29.9469,-32.7545,-32.27,-33.9691,-31.3716,-30.7041,-30.1473,-28.9192,-27.4663,-21.3772,-24.7507,-29.3346,-33.4399,-35.2879,-33.264,-31.6268,-31.4307,-31.3077,-29.8476,-30.9841
8.85825,2.30742,-5.02882,-6.24031,-16.6837,-14.0558,-14.5954,-14.7451,-19.6158,-20.2139,-21.9946,-23.0826,-24.8713,-25.8323,-26.5193,-27.7003,-26.5658,-27.7594,-25.7376,-28.3952,-27.4765,-28.8803,-29.8108,-31.1742,-29.2274,-28.9344,-27.0169,-26.965,-24.8038,-19.7435,-21.8349,-26.3589,-29.855,-30.7727,-30.2563,-30.0767,-29.4525,-27.5622,-25.1768,-27.4542
6.0021,2.08613,-5.62033,-6.88517,-16.088,-13.522,-14.6854,-16.9979,-16.9961,-18.2874,-21.8775,-20.9018,-23.7593,-26.3663,-26.0462,-26.8207,-26.6267,-28.0434,-26.6491,-27.423,-27.0519,-26.7091,-28.8251,-30.5339,-29.249,-29.2911,-26.5297,-28.1966,-27.1055,-22.5613,-22.7791,-28.0235,-31.0341,-31.7214,-31.3981,-32.2649,-30.9946,-29.5168,-25.6104,-27.6771
0.342741,-1.31238,-6.86965,-10.5618,-14.7624,-14.653,-17.4992,-19.8273,-19.2879,-22.045,-25.1587,-24.3476,-27.2831,-28.2698,-28.3185,-29.5028,-29.8516,-31.3178,-29.9984,-30.1598,-29.7535,-29.7156,-31.8685,-33.2882,-33.7018,-33.2959,-31.9269,-32.649,-32.4868,-29.492,-29.709,-35.2963,-37.5609,-38.5135,-38.1363,-38.191,-37.1699,-35.7976,-31.5169,-34.0904
7.86383,1.23993,-3.34321,-11.4865,-12.3893,-8.9763,-12.3515,-18.0266,-16.346,-19.7945,-23.0031,-23.0677,-25.3113,-25.051,-25.7206,-28.6993,-26.3048,-28.7295,-30.2016,-28.1729,-27.6913,-29.801,-28.6152,-30.4765,-31.1485,-29.8324,-28.7798,-27.8793,-26.8905,-24.0631,-23.8524,-30.1339,-33.8852,-33.039,-32.3193,-31.5811,-32.1589,-30.1442,-26.2736,-32.3648
12.3454,4.35282,-3.06812,-11.7465,-14.2644,-8.98244,-13.1192,-18.4825,-13.848,-19.205,-22.771,-24.4975,-24.0965,-23.6498,-25.2276,-26.2016,-25.6248,-26.9582,-30.6599,-28.8356,-29.5392,-27.2085,-28.9758,-28.6782,-27.4556,-28.3187,-28.7109,-27.2262,-25.3054,-21.6493,-21.3328,-26.2443,-30.6597,-30.4005,-29.5174,-29.2904,-29.3501,-27.7019,-23.3168,-29.0956
9.30622,2.88185,-3.71214,-10.2649,-16.3016,-12.0395,-21.5092,-19.1218,-16.643,-22.2905,-26.0433,-25.4708,-24.67,-24.2563,-28.5221,-28.3752,-27.0633,-28.578,-31.8226,-32.1676,-29.6643,-27.9099,-29.663,-27.3965,-27.0163,-29.9131,-30.5736,-28.9544,-28.1788,-21.3696,-22.2993,-26.6409,-32.0048,-32.1238,-32.0143,-31.6537,-29.9121,-28.3741,-24.8988,-30.1564
-1.49816,-2.86854,-8.57938,-14.8956,-21.347,-20.8365,-26.6044,-24.5305,-28.6506,-31.4985,-31.0079,-29.0687,-28.6285,-30.7872,-35.8375,-35.94,-33.8881,-34.465,-35.2143,-37.4903,-34.7381,-35.0151,-35.4653,-33.1761,-31.8692,-35.7898,-36.2531,-35.6382,-34.6824,-25.963,-27.946,-33.1656,-36.9685,-38.2148,-38.7575,-38.183,-35.5068,-34.0019,-31.6282,-36.3507
2.58868,0.976875,-8.68053,-14.853,-20.4282,-18.8489,-23.0647,-21.873,-23.5753,-26.5998,-26.3404,-26.5956,-26.5199,-28.5618,-26.9245,-30.4667,-31.3984,-30.7625,-29.1964,-31.8701,-32.1965,-31.8435,-31.7599,-31.8761,-30.6134,-33.5597,-30.5044,-30.5897,-27.1651,-21.7544,-23.8916,-29.5577,-30.5791,-32.8105,-32.8096,-32.1482,-32.494,-30.2508,-27.7294,-30.4066
11.7109,6.13611,-2.78081,-9.28467,-11.5966,-13.0618,-15.9233,-20.4749,-16.8856,-21.9687,-23.3793,-24.5414,-25.3046,-25.576,-24.0734,-27.4368,-28.0906,-27.6948,-26.4992,-26.559,-28.536,-28.8242,-28.8047,-29.9023,-28.599,-29.2026,-26.9311,-26.628,-25.2414,-19.8755,-20.6965,-26.0209,-29.4432,-29.8788,-29.4337,-29.2855,-29.273,-27.6737,-24.7766,-28.2235
11.7533,5.87122,-0.861999,-4.58784,-5.92158,-7.48409,-9.76169,-17.9043,-14.3417,-15.0362,-18.41,-19.4115,-20.7736,-20.7164,-22.7092,-22.9187,-24.1231,-25.8229,-25.6788,-25.4651,-26.2977,-27.7238,-26.7036,-29.0315,-29.8035,-27.6246,-26.9293,-24.8804,-26.5848,-21.3863,-21.1919,-28.1298,-31.8987,-31.5796,-31.2164,-30.5057,-29.5197,-29.224,-25.7671,-30.2276
3.65068,-0.911299,-4.12936,-6.13249,-8.21053,-10.4292,-12.6581,-17.7905,-16.3387,-16.4013,-19.3501,-20.4562,-21.1705,-22.1481,-24.2389,-24.125,-25.7837,-27.6472,-28.6973,-29.0941,-29.1258,-30.1071,-29.6262,-31.4124,-33.5059,-30.9781,-30.3818,-28.4625,-30.2775,-26.4256,-27.5213,-32.8693,-37.4714,-37.9752,-37.25,-35.7722,-34.6735,-35.5252,-31.919,-35.2158
9.75202,1.37077,-1.04835,-6.64518,-9.04304,-13.5605,-14.2214,-15.0742,-13.0357,-15.4297,-19.4515,-19.2636,-18.4351,-21.2237,-24.8133,-22.5741,-23.8002,-24.587,-26.6652,-27.7183,-28.1019,-27.4636,-29.9454,-29.399,-28.7438,-28.0309,-27.5953,-27.4188,-26.0493,-22.3738,-23.2962,-27.1911,-31.6575,-33.549,-32.4428,-32.3324,-32.8265,-30.3563,-28.2255,-30.1997
11.8421,2.33422,-1.31934,-7.34765,-12.8505,-12.2621,-12.4813,-15.4675,-14.9217,-15.7135,-20.7574,-22.7899,-22.3977,-24.041,-26.5429,-25.4547,-26.162,-26.7228,-28.1603,-27.795,-28.053,-27.3758,-29.6797,-30.3775,-27.6234,-26.316,-26.4169,-27.3339,-24.9788,-21.244,-20.8826,-24.9986,-28.5353,-30.2021,-30.5609,-29.5011,-29.3332,-27.3337,-24.8383,-28.3829
8.88319,2.45224,-4.26716,-7.28788,-13.1308,-14.7585,-15.8323,-17.8205,-19.368,-17.7856,-21.7606,-22.9312,-27.1945,-27.9521,-24.672,-27.1891,-27.045,-28.025,-27.4755,-30.9539,-28.6261,-30.6413,-33.4759,-32.3416,-29.7447,-29.0978,-29.874,-29.304,-27.7782,-24.6295,-22.7683,-27.1047,-30.4078,-31.5423,-31.9818,-30.258,-29.3931,-28.0109,-24.9636,-29.666
0.375527,-2.36555,-7.72453,-12.555,-14.6274,-16.6038,-20.2926,-22.1324,-23.2262,-24.0701,-25.0021,-25.6439,-29.0669,-29.6537,-27.1183,-28.7419,-30.2974,-30.6519,-30.4521,-34.5793,-33.1092,-35.303,-36.8821,-36.6697,-34.0983,-35.0649,-36.3089,-35.7801,-35.0992,-30.7814,-28.3036,-33.8927,-38.2796,-38.0446,-37.2258,-36.1181,-35.2502,-34.3135,-31.3566,-35.485
3.09294,3.01253,-2.22237,-9.8033,-10.65,-11.7258,-14.8972,-17.0002,-19.7583,-18.7318,-22.3012,-22.1772,-22.3115,-27.0254,-25.7897,-24.8652,-28.1294,-29.5655,-28.0297,-29.8423,-29.0928,-31.0927,-30.7489,-31.1223,-32.7903,-30.9214,-32.1418,-31.9985,-29.6637,-24.8672,-24.3478,-29.0558,-34.6772,-32.8077,-32.8118,-31.1587,-30.669,-30.2601,-27.8809,-30.7858
7.33774,1.89694,-3.67919,-8.19391,-13.1095,-13.5157,-12.7266,-15.8395,-19.9161,-17.4241,-21.8696,-22.6849,-21.6387,-26.4686,-27.8399,-25.1959,-27.1037,-29.1344,-27.9488,-28.3866,-28.3289,-28.5653,-30.1624,-29.2365,-30.5111,-28.4292,-28.5973,-27.9704,-25.9064,-22.1019,-22.3726,-26.2958,-30.065,-29.466,-29.7441,-29.715,-28.6922,-27.5489,-25.0819,-28.6381
7.35271,1.25379,-5.95578,-8.01329,-13.3626,-11.8206,-12.9745,-17.1301,-19.5697,-18.7444,-21.0528,-24.2928,-25.5144,-25.7433,-28.932,-27.1928,-29.826,-29.6463,-29.0537,-28.2451,-29.0772,-30.1232,-33.3971,-32.0811,-31.3919,-30.3458,-30.2743,-28.3605,-26.7835,-23.7656,-23.7862,-28.4552,-31.1262,-30.4917,-31.4542,-31.9802,-30.4794,-29.5146,-26.3982,-30.0893
0.555194,-4.31532,-10.9263,-14.8101,-17.1353,-16.1575,-19.0516,-23.5286,-24.5715,-24.7629,-25.0002,-28.0284,-31.9065,-29.9614,-32.7439,-34.2133,-34.3615,-34.846,-33.8101,-33.8157,-35.0282,-36.9476,-38.5957,-37.7073,-36.8313,-37.6701,-37.9032,-34.6306,-32.9812,-30.3424,-29.9591,-36.3509,-38.095,-36.4607,-38.0975,-37.7683,-36.6168,-36.374,-32.7246,-36.3414
10.1556,1.65721,-4.41079,-6.40268,-17.755,-16.6812,-18.2514,-23.9242,-24.6182,-21.4152,-27.4951,-26.5939,-26.4728,-27.6686,-28.8296,-29.6886,-28.1477,-31.147,-29.7597,-29.3776,-31.8763,-31.7035,-31.4875,-32.2704,-32.7066,-33.2556,-33.3299,-32.3384,-28.5778,-23.5687,-23.9382,-29.5319,-32.1545,-33.3675,-31.8934,-31.0748,-32.3117,-31.1917,-28.3753,-32.2958
14.3939,5.86287,-4.09242,-5.0144,-15.0225,-13.291,-14.902,-18.9199,-20.9304,-16.7831,-25.2364,-24.5741,-23.0512,-24.1437,-25.9533,-29.4129,-28.6838,-29.0372,-26.6278,-26.3838,-28.6657,-29.0373,-28.1612,-30.6466,-28.3559,-28.3637,-29.3122,-29.3646,-26.9126,-21.532,-20.9785,-26.9936,-29.0285,-30.5572,-29.1509,-28.5195,-29.7351,-28.2229,-24.9026,-28.7517
12.6385,5.97404,-5.57496,-6.54581,-14.1682,-10.5075,-16.6669,-17.6197,-22.019,-16.2882,-23.0578,-23.4567,-22.8558,-23.6029,-24.3738,-29.5821,-28.9423,-28.4498,-26.9232,-27.3734,-29.1808,-29.0801,-29.4031,-32.8036,-29.2674,-28.1228,-30.6517,-30.6639,-29.3047,-23.6177,-22.1238,-28.6165,-29.2818,-31.9686,-31.6823,-30.7482,-30.2057,-28.7845,-25.1562,-29.528
3.81457,-0.44489,-7.36004,-10.4067,-14.7703,-14.6258,-18.397,-18.6432,-24.275,-23.332,-26.1702,-25.5721,-24.9536,-27.318,-29.6369,-30.784,-33.0398,-32.6224,-30.7458,-32.1764,-33.467,-34.2523,-35.1551,-37.8081,-35.1229,-32.8766,-37.1303,-36.3412,-34.5916,-30.1131,-29.7187,-33.921,-35.5428,-36.4748,-38.0943,-36.7921,-35.2483,-34.7402,-31.1137,-35.635
6.12723,1.74104,-10.1706,-10.5572,-13.9022,-13.4282,-14.2329,-12.5253,-18.1218,-21.2562,-23.764,-21.9031,-23.4531,-24.7375,-27.195,-27.6874,-31.4526,-32.0945,-30.2735,-30.8357,-28.6132,-30.5907,-30.7512,-31.8385,-30.4284,-29.9314,-32.4922,-30.3351,-27.9582,-24.4916,-24.5569,-28.9379,-31.5671,-30.2536,-31.7763,-32.689,-30.4976,-29.4612,-26.7634,-31.7814
12.6644,6.23452,-5.53417,-5.79122,-15.697,-12.3147,-15.4758,-13.3688,-17.8816,-16.7375,-21.5572,-23.1194,-26.0856,-25.7884,-26.4246,-28.3938,-30.0712,-28.9615,-29.0904,-27.8913,-26.7646,-29.1352,-27.3091,-29.1566,-29.0073,-28.4838,-28.7357,-26.8817,-25.4001,-21.5065,-21.0226,-27.048,-30.1341,-29.4565,-28.9278,-29.2929,-28.0148,-27.5288,-24.5453,-28.907
12.7791,7.85492,-0.969942,-5.93136,-10.7239,-10.8238,-16.0099,-15.2003,-18.6434,-15.6609,-20.2384,-23.0398,-23.6752,-23.693,-25.2342,-25.2729,-24.8479,-27.547,-29.8568,-27.9826,-26.6561,-29.5417,-27.7158,-28.9639,-30.4399,-30.0727,-28.128,-26.7769,-26.2606,-21.1207,-20.9862,-29.4204,-30.843,-31.6862,-30.7432,-30.0638,-30.0765,-28.9196,-25.5438,-29.8103
5.88513,3.1955,-3.34611,-9.25845,-11.0765,-12.2738,-16.3518,-17.1865,-20.9666,-20.219,-22.0331,-23.5236,-24.8158,-25.8619,-27.964,-27.7061,-26.4559,-29.5403,-31.9853,-31.8476,-30.5848,-32.9557,-32.8722,-32.4553,-33.1999,-33.7889,-31.3995,-31.2865,-31.2065,-26.8495,-27.6001,-35.0847,-36.2181,-37.6028,-37.175,-35.5587,-35.6725,-34.7817,-30.0486,-34.7243
8.33271,3.21104,-4.54325,-8.70454,-8.44912,-11.0606,-15.714,-12.6016,-18.5609,-20.9606,-20.9302,-20.9588,-23.37,-26.5397,-27.5512,-26.6523,-25.139,-25.9523,-29.8834,-30.2495,-28.3396,-29.3115,-29.8364,-30.2761,-27.5474,-29.6089,-28.3279,-29.9769,-28.9338,-23.9062,-23.5291,-28.3161,-31.155,-31.8975,-31.8669,-31.8553,-30.3331,-30.8603,-26.7746,-30.8218
12.5309,6.10353,-5.02999,-4.38246,-9.127,-13.3614,-14.8997,-14.8422,-19.0417,-22.87,-21.8941,-23.1341,-23.2614,-26.5298,-27.9517,-25.2231,-25.923,-26.2525,-27.5306,-26.9942,-26.8131,-28.0362,-30.2618,-28.5457,-26.4117,-29.1134,-29.2694,-28.9975,-24.8334,-19.7027,-20.2887,-26.7717,-28.989,-29.6694,-28.8897,-28.7696,-29.2214,-28.0213,-24.902,-27.8301
10.5173,6.65856,-3.18103,-2.87493,-8.24503,-13.1912,-11.8434,-19.5006,-19.907,-21.8501,-20.9484,-22.2847,-22.8763,-22.9609,-24.6985,-24.7455,-25.865,-26.2064,-25.42,-25.0001,-26.9003,-28.4238,-28.8703,-28.8561,-28.0028,-27.8881,-30.6794,-31.0778,-25.968,-20.9587,-21.0968,-28.6809,-30.9487,-30.7906,-29.3196,-28.6303,-30.3693,-29.4821,-26.2705,-29.4166
3.08417,1.1386,-4.04027,-7.23328,-10.4004,-14.3969,-15.8479,-20.5747,-21.2046,-22.4775,-23.4315,-24.2337,-24.6745,-24.6042,-26.624,-27.4987,-28.2855,-29.3025,-27.9072,-28.3752,-30.5416,-32.045,-31.7418,-32.6171,-33.0751,-31.5172,-34.5653,-36.4079,-31.9995,-28.9735,-27.509,-35.3294,-36.3294,-36.0658,-35.0672,-35.2496,-36.2326,-35.3655,-32.7593,-35.9663
10.0535,4.81513,-1.74188,-8.87787,-9.0813,-11.5212,-16.7879,-15.5238,-16.4263,-19.2581,-23.1686,-22.7402,-23.5089,-23.5606,-25.7314,-25.6775,-24.811,-26.3014,-27.68,-28.3385,-27.9494,-29.463,-29.6467,-27.6441,-29.9998,-28.6965,-29.5657,-29.4523,-27.3007,-24.1704,-23.2906,-29.6933,-30.8846,-31.1016,-31.4832,-31.9025,-32.1893,-31.1045,-28.682,-30.6843
13.2448,4.81832,-2.51238,-7.19312,-10.9159,-11.8971,-11.8262,-14.6872,-15.8935,-22.0029,-24.7266,-24.2544,-25.0649,-25.1968,-27.4539,-25.1258,-24.7389,-24.9668,-26.1452,-26.9346,-28.1782,-29.2473,-29.1725,-27.5401,-29.0045,-27.8721,-28.1283,-26.9159,-24.9433,-20.1824,-20.2015,-26.0376,-28.3852,-29.587,-29.2195,-29.0274,-29.3396,-28.1104,-25.6309,-27.9937
11.473,5.39461,0.320323,-6.48929,-11.1345,-11.6854,-12.8495,-13.7669,-17.3433,-24.4358,-26.2422,-26.8683,-24.8013,-25.4787,-32.3146,-29.3949,-28.1374,-28.4115,-27.4795,-30.109,-30.7677,-32.7589,-32.1843,-30.6934,-31.2519,-29.5922,-29.0419,-28.0652,-27.1898,-20.9301,-21.9502,-26.7151,-30.1497,-32.1819,-30.9136,-30.3869,-31.0489,-29.4861,-26.5855,-28.9633
2.85729,0.0574165,-4.2591,-10.472,-15.1059,-17.115,-19.7781,-17.965,-22.8693,-28.8366,-26.9917,-28.6894,-29.4305,-29.9163,-36.761,-36.7568,-36.9147,-36.4459,-34.7956,-37.7358,-37.7276,-39.8349,-39.2094,-36.0957,-37.6436,-36.0789,-36.335,-34.6452,-32.7012,-26.778,-28.1047,-34.0003,-37.6995,-39.7195,-37.1769,-36.7108,-37.2067,-36.1692,-33.0205,-35.5039
6.50593,1.57407,-11.1115,-7.57134,-7.37292,-1.83312,-5.56586,-0.885315,-3.67301,-15.2394,-14.4416,-16.7755,-25.8895,-22.9847,-26.3878,-26.331,-26.0628,-30.9564,-31.5809,-30.3309,-31.0245,-31.5043,-32.4197,-32.1854,-33.2315,-33.195,-31.5411,-32.1987,-27.4802,-23.1381,-22.1218,-28.8906,-33.1782,-33.0463,-32.4011,-30.0127,-30.3302,-31.178,-27.6889,-31.1386
7.85837,3.21246,-5.89702,-2.15036,2.94531,8.62111,3.28057,6.71595,3.13511,-6.68047,-9.21432,-11.611,-17.5878,-17.3048,-17.7954,-17.6339,-17.5344,-25.9068,-26.0755,-27.1874,-27.5327,-27.6015,-27.4006,-28.906,-29.2564,-28.4844,-25.9775,-28.0741,-24.134,-19.8476,-19.9835,-25.7851,-29.1738,-30.2817,-30.2819,-27.8929,-28.06,-28.5654,-25.393,-28.6079
-0.348164,-3.4894,-6.09985,-2.7315,2.32,7.92731,2.52919,4.38615,-0.0267648,-5.77935,-9.79906,-12.2638,-16.8741,-17.8401,-18.5876,-16.7578,-17.3121,-25.9216,-25.7487,-28.5699,-29.0669,-28.8327,-25.0257,-27.6376,-28.0059,-27.2356,-26.274,-26.7668,-23.9732,-21.4373,-21.6156,-27.4907,-29.1091,-31.2336,-31.2203,-28.7697,-29.8571,-28.8908,-26.9367,-30.4246
-6.63284,-11.8361,-9.04311,-5.83991,-3.41355,-0.0600354,-2.04603,-6.05255,-11.1717,-11.8154,-15.5829,-19.047,-21.2983,-22.6169,-25.8428,-22.7317,-22.6893,-29.1404,-29.8516,-31.5516,-33.5504,-33.4433,-29.3955,-31.3874,-33.1562,-33.2387,-31.6869,-30.6041,-29.0721,-27.62,-27.1564,-35.2439,-36.0349,-36.9635,-37.2531,-34.8532,-36.2914,-34.8462,-33.1844,-36.7411
5.39225,-1.87696,-1.92057,0.925482,1.29255,7.24229,6.04196,0.986563,-2.3301,-4.99269,-11.5024,-16.5045,-14.1239,-13.3722,-14.4871,-20.0836,-20.3502,-23.7833,-26.1465,-28.0467,-30.6747,-28.0085,-26.1748,-28.0156,-29.4979,-31.9103,-29.1011,-27.0841,-25.9126,-26.1006,-25.365,-30.1032,-34.0684,-32.2171,-33.0096,-31.2648,-30.9677,-30.7424,-27.9391,-30.5438
11.0699,4.376,1.2015,0.120176,0.865643,6.11864,5.81051,0.754193,-0.487646,-5.12108,-10.0257,-13.4917,-15.0311,-11.8154,-11.2842,-17.3881,-19.6974,-24.1828,-26.6005,-27.6523,-26.3531,-25.7596,-24.948,-27.7883,-27.3748,-28.0957,-25.549,-25.8146,-24.7879,-21.3505,-20.3043,-26.6172,-30.1937,-30.5445,-30.203,-29.3449,-28.9355,-27.6719,-25.0589,-28.3366
10.7297,4.73702,0.453155,-1.95821,0.52555,-1.18248,-0.171856,-3.6393,-6.33722,-14.9567,-14.8505,-14.7356,-16.0854,-15.0453,-13.5044,-18.4397,-21.5874,-25.6483,-27.1824,-28.9212,-27.0791,-26.812,-27.1449,-28.4618,-28.7693,-28.8171,-25.9367,-26.5543,-26.3686,-21.7642,-20.8509,-27.5462,-29.4478,-32.2274,-30.7611,-30.8208,-30.0897,-28.2979,-25.794,-29.8268
2.11765,-4.93306,-8.31145,-6.06881,-4.75078,-7.8756,-7.78792,-10.8569,-16.7697,-16.171,-18.1471,-20.2314,-19.2756,-21.1924,-20.2603,-23.8057,-26.3896,-27.9646,-29.1066,-31.7423,-30.8589,-30.5752,-31.1749,-31.9575,-33.5192,-33.6439,-31.8826,-31.9193,-31.6991,-28.6214,-28.3132,-33.6324,-35.0554,-37.357,-36.3294,-36.9883,-36.0614,-34.2216,-31.6998,-35.4991
7.28341,0.857978,-1.90144,-1.90306,-0.455043,1.72882,-4.89426,-4.05512,-4.66639,-8.8806,-11.6231,-17.2319,-17.5335,-19.2316,-18.2696,-19.01,-21.3907,-25.4801,-26.8333,-28.4012,-28.9917,-28.401,-29.4731,-30.9701,-31.0865,-29.5167,-30.5228,-28.1244,-28.8764,-22.5999,-21.0248,-28.8184,-32.2369,-32.1214,-33.3107,-32.1868,-31.2727,-28.008,-26.0411,-30.8779
15.7656,9.81376,1.18108,0.186348,3.55177,5.59993,-0.373093,-2.01013,-1.7529,-10.8961,-13.4143,-16.7598,-17.1308,-18.3488,-18.1386,-19.8103,-22.6921,-26.1853,-25.3778,-27.5963,-28.2942,-27.5353,-27.424,-27.803,-28.7205,-27.0657,-28.872,-26.6144,-25.176,-19.7673,-18.9123,-26.7813,-29.0142,-29.3183,-30.0431,-28.9484,-28.1515,-26.3398,-24.1484,-28.0826
15.8849,12.2758,4.05119,0.749046,4.17665,0.889896,-2.91797,-5.384,-5.46403,-14.5556,-14.9754,-17.2703,-17.7327,-18.5823,-20.2653,-20.7384,-21.9846,-23.6341,-23.4953,-24.0347,-25.6901,-26.1807,-25.9829,-26.6498,-27.9521,-26.0883,-28.3295,-27.0466,-24.7363,-20.4073,-21.2707,-27.5753,-28.9348,-31.1673,-31.1209,-30.5459,-29.0132,-28.7685,-26.6887,-30.5171
8.68152,7.40886,2.44415,-1.77642,-2.07511,-6.93181,-8.44474,-11.3609,-11.1011,-17.8684,-18.3191,-20.3546,-20.2667,-21.036,-22.8766,-22.6987,-23.4487,-24.3925,-25.1416,-25.5693,-27.0636,-27.0335,-27.8146,-29.5564,-30.5081,-29.3761,-30.7,-30.6965,-28.5661,-25.4829,-27.1759,-33.7338,-34.8151,-37.6389,-37.0011,-36.753,-34.9965,-35.1784,-33.4403,-36.4891
14.8474,10.1367,1.51505,0.695004,-3.55621,-3.75151,-7.4845,-8.5426,-7.31254,-13.116,-16.5576,-19.0729,-16.6558,-18.5026,-19.794,-20.4156,-21.0788,-22.9965,-24.8954,-24.6496,-25.3293,-23.9857,-25.859,-27.2139,-27.4769,-27.7417,-27.1626,-27.8341,-26.7124,-21.8276,-21.9381,-29.564,-33.2047,-31.296,-32.2702,-32.5858,-30.708,-30.6434,-28.5899,-31.3914
17.8539,10.1844,-3.2232,-1.71928,-3.513,-1.04906,-5.97944,-6.46474,-4.49832,-14.7416,-19.2672,-18.3433,-17.0964,-20.5598,-20.492,-21.9856,-22.5336,-25.399,-27.2284,-26.0251,-26.9192,-26.6655,-27.8396,-28.1743,-28.1411,-28.3491,-27.7296,-25.8575,-24.9877,-19.9933,-19.7113,-24.6378,-29.5641,-28.0051,-31.1235,-30.2848,-28.891,-27.8619,-25.0707,-28.2021
14.8654,6.88676,-7.87803,-7.26497,-9.53974,-3.40211,-6.12739,-9.0557,-10.1462,-19.3396,-22.7286,-20.8785,-21.1433,-22.8792,-23.6906,-25.6533,-27.3322,-28.326,-28.1271,-29.1361,-28.6296,-28.8879,-30.678,-30.3055,-30.5594,-29.4144,-29.737,-26.6423,-25.2362,-20.3569,-22.1142,-26.1299,-29.9817,-30.0899,-32.135,-32.1857,-31.8108,-29.7368,-26.0196,-28.554
4.21643,-3.24999,-13.603,-14.5738,-16.1239,-11.2491,-13.7354,-19.8557,-22.2039,-25.8961,-28.3797,-28.9822,-29.5581,-28.9515,-32.6149,-32.888,-36.0317,-35.3192,-33.5405,-37.445,-34.3574,-35.3225,-36.0255,-36.9748,-37.1474,-35.4098,-35.5271,-32.4002,-30.0639,-26.2832,-28.5123,-32.9554,-36.4259,-37.5768,-37.6936,-39.0125,-38.1949,-35.9709,-32.087,-34.396
8.05609,0.257759,-8.58638,-8.67134,-7.64894,-9.7875,-15.3736,-16.7587,-14.0864,-21.9287,-24.4074,-26.1644,-27.6736,-26.9362,-29.8076,-29.8191,-29.612,-31.7194,-32.9585,-31.7966,-35.9369,-34.6545,-29.2164,-30.4369,-32.5706,-32.8924,-29.8964,-30.4755,-26.8057,-22.3842,-23.8189,-27.8022,-30.9789,-32.2035,-32.8956,-32.9166,-33.3612,-31.1047,-28.1169,-32.1143
11.1563,3.78882,-3.34085,-4.1386,-4.84744,-5.79098,-12.6651,-12.7528,-10.5884,-16.9043,-22.3332,-22.3959,-24.7303,-23.7088,-27.9688,-27.0366,-25.2726,-28.4123,-28.6577,-27.7367,-30.3247,-31.3021,-28.7168,-29.2733,-30.1386,-28.4187,-27.9891,-28.3943,-23.8687,-19.1248,-21.1746,-25.6476,-28.4008,-29.5875,-29.7755,-30.1811,-30.2374,-28.7369,-25.5583,-29.2218
10.9078,5.13207,-5.05135,-4.63982,-8.13645,-8.44926,-10.5218,-12.4565,-14.6142,-18.245,-21.923,-25.8622,-26.3078,-24.7506,-30.0258,-28.9971,-26.452,-28.8023,-29.7083,-28.9647,-30.7354,-31.4648,-30.7781,-30.8527,-31.4405,-29.5449,-29.3321,-28.8333,-24.2911,-19.6479,-21.3409,-27.269,-30.7963,-30.3275,-30.5267,-30.8064,-30.7303,-30.1427,-25.8754,-29.6677
4.50679,0.275876,-9.42183,-12.6705,-15.5775,-13.8364,-14.7983,-16.7793,-20.6118,-25.511,-27.1437,-31.4745,-31.4653,-31.3804,-36.2144,-36.3326,-33.5261,-33.4996,-35.2329,-35.3319,-39.087,-38.3744,-36.5861,-37.0574,-37.7623,-36.4337,-35.5051,-34.5577,-30.9385,-25.9032,-25.8812,-32.8685,-37.0237,-36.0506,-36.6936,-36.274,-36.8019,-36.0867,-32.7229,-35.6941
8.49725,4.43409,-8.68707,-9.202,-12.0766,-5.89756,-13.509,-15.7611,-10.722,-21.5343,-27.3428,-25.6464,-28.4502,-26.5554,-29.99,-32.5662,-28.3156,-33.6011,-32.2376,-30.5244,-35.88,-35.7196,-32.9412,-34.0365,-33.2074,-33.084,-30.2128,-29.9205,-29.0592,-22.142,-21.9382,-28.2619,-31.669,-31.9006,-31.0388,-31.0862,-30.3727,-29.2328,-27.2072,-30.8952
6.25955,3.71209,-7.06045,-7.46397,-8.45805,-4.33473,-13.6353,-12.9796,-7.19639,-18.4746,-25.7952,-23.9822,-26.9906,-24.4751,-26.9777,-27.9876,-27.7108,-29.8411,-28.6217,-27.6536,-30.6492,-32.2701,-29.7765,-30.5026,-29.9216,-29.0988,-27.8125,-26.7278,-26.1496,-20.1675,-20.0477,-25.9018,-29.6003,-28.9024,-28.873,-29.4228,-27.8394,-26.9113,-24.4516,-29.1034
-10.3027,-2.38257,-3.00896,-6.27267,-11.1411,-6.52954,-12.8513,-15.1659,-10.9148,-17.517,-21.8103,-22.0895,-23.2333,-24.7598,-26.5524,-25.6789,-28.8097,-28.3002,-27.7983,-29.8025,-32.4895,-33.2041,-31.4208,-29.9709,-29.9281,-30.2373,-28.1691,-27.5045,-28.03,-22.8866,-22.2449,-27.312,-30.1005,-30.4932,-30.8774,-32.0507,-30.6151,-28.7275,-26.958,-31.245
-11.4728,-8.80372,-8.39264,-12.7257,-20.2013,-14.7826,-18.1647,-22.4745,-23.5927,-25.1217,-23.9664,-26.4853,-27.2961,-29.4612,-31.2923,-30.1837,-33.2289,-33.8899,-32.6575,-35.1846,-40.3386,-39.2665,-38.5283,-36.619,-36.6758,-38.0701,-34.0459,-33.1083,-33.7241,-29.1406,-28.2269,-32.4503,-34.6482,-37.1044,-36.9282,-38.0959,-38.27,-34.4451,-33.7331,-37.2388
-0.358396,0.923485,-6.35406,-11.6752,-16.1586,-14.6577,-16.9893,-20.6053,-24.4812,-25.4346,-19.906,-24.4451,-26.8431,-24.5347,-25.2387,-28.3215,-30.2238,-32.2184,-30.2376,-30.3318,-34.0858,-30.8076,-32.3504,-32.9985,-33.7042,-32.9953,-31.477,-29.7367,-26.7754,-23.3811,-21.9533,-27.012,-28.8028,-31.238,-33.0075,-32.67,-31.5414,-29.5489,-27.5651,-30.7086
6.65714,4.1851,-1.75102,-7.89448,-8.96763,-9.86389,-12.4975,-15.264,-14.8799,-23.4296,-22.1711,-24.9221,-25.3072,-23.4923,-24.3234,-27.4981,-27.0332,-28.7689,-27.5521,-26.6155,-31.432,-28.1604,-29.3655,-30.7848,-29.4191,-28.0535,-28.183,-27.3478,-25.3486,-20.995,-19.0335,-24.5755,-27.2262,-28.8578,-30.1159,-29.9778,-28.8374,-27.6899,-24.9024,-27.8811
8.46557,5.60068,-4.25184,-7.3186,-10.7119,-11.2495,-14.672,-14.7034,-12.1056,-21.423,-24.445,-22.5172,-26.8994,-24.3947,-24.142,-26.3621,-25.4077,-25.0858,-27.2258,-27.774,-29.5587,-28.1888,-29.3624,-32.1527,-29.2205,-27.2264,-27.9714,-28.9958,-26.4083,-21.1136,-19.6661,-26.0698,-29.5325,-30.0812,-30.3443,-30.8384,-31.5297,-29.7678,-25.8795,-28.7392
2.64905,0.614161,-5.88138,-9.81077,-15.6482,-16.3397,-19.6284,-17.742,-16.9127,-22.5241,-23.4844,-25.1136,-26.8514,-25.6354,-26.958,-28.0963,-29.4685,-27.7293,-29.6509,-31.7868,-31.762,-31.9935,-33.3381,-37.0096,-34.6084,-32.8967,-33.7563,-34.5241,-30.5645,-28.2734,-26.8542,-32.0809,-35.3028,-35.282,-36.7282,-37.3148,-37.9314,-36.9032,-31.8758,-35.194
6.36367,2.82106,-3.46544,-6.04275,-10.6573,-14.6919,-15.6513,-14.2081,-16.5213,-19.9546,-18.5468,-24.5299,-23.0221,-21.9438,-24.4873,-25.4359,-28.1473,-26.9049,-24.3459,-27.9656,-29.1242,-30.9165,-31.8815,-32.9787,-30.8697,-31.9229,-29.6659,-28.6186,-27.3971,-23.895,-23.7521,-28.2534,-31.0789,-31.1957,-33.0671,-32.7633,-31.9577,-31.475,-28.0888,-31.8186
12.0981,5.89885,-1.66746,-7.34169,-5.54268,-10.8834,-13.9447,-13.7632,-14.3228,-19.1362,-19.1375,-23.9888,-24.1888,-24.1633,-25.5267,-27.2105,-30.3157,-26.4185,-24.6584,-27.3705,-29.2632,-29.367,-28.8502,-30.2717,-25.8961,-28.5618,-26.9364,-26.9908,-25.6346,-20.1028,-19.6888,-25.0474,-28.6379,-29.2621,-30.9979,-28.9649,-28.7401,-28.5104,-25.324,-29.5731
12.223,7.37943,-2.64386,-9.31266,-9.52705,-13.5847,-14.6885,-12.4624,-13.2317,-17.0436,-19.6418,-22.0797,-21.9914,-24.731,-26.3248,-27.5152,-27.2604,-25.6577,-25.9296,-27.5866,-29.9711,-30.759,-27.456,-28.5148,-26.3663,-28.6898,-28.884,-28.5479,-27.0087,-21.2072,-21.2254,-26.4728,-29.6012,-30.0811,-31.3388,-29.2393,-29.4498,-29.4157,-27.5537,-32.1887
3.88436,0.885025,-6.13143,-12.6418,-19.5368,-18.8594,-17.2092,-15.668,-15.9001,-19.7328,-24.3881,-24.2941,-24.2715,-26.6095,-28.28,-28.6641,-28.635,-28.3621,-28.7872,-30.5861,-32.8555,-34.1539,-32.153,-32.1678,-33.5258,-33.2771,-34.575,-33.3661,-33.2384,-28.5197,-29.3162,-33.0386,-35.4229,-36.3625,-36.2497,-35.2813,-35.3813,-34.4849,-34.0866,-38.444
10.1246,5.07238,-7.62061,-10.1669,-15.1609,-15.3031,-13.3941,-13.2816,-15.6198,-20.5652,-24.8993,-24.0623,-24.9607,-23.3455,-25.5731,-26.0943,-27.2853,-26.4322,-26.4444,-28.8217,-28.8249,-30.1826,-30.1795,-29.5908,-28.7038,-29.756,-30.7388,-30.0041,-28.9975,-24.9583,-25.0781,-26.6987,-31.2905,-33.1398,-32.9838,-32.4209,-32.4368,-30.2542,-28.8309,-32.6116
11.7334,5.89704,-0.924583,-4.47496,-10.3878,-15.1551,-11.2672,-13.7942,-16.6872,-21.0802,-25.6949,-26.0719,-24.1249,-24.0765,-26.7993,-27.133,-26.1698,-27.4421,-28.6705,-28.6117,-28.2219,-31.4251,-28.7685,-29.3581,-27.9924,-27.3191,-28.1435,-27.5047,-25.4375,-21.8693,-21.0183,-25.1533,-28.6665,-29.4221,-29.893,-30.4364,-29.9509,-27.8831,-25.8066,-29.7262
8.19281,2.47171,-2.36296,-8.06696,-14.546,-17.6909,-12.68,-15.1049,-14.096,-18.4307,-23.989,-24.4498,-23.6635,-28.3201,-28.2075,-25.6422,-27.7636,-29.8918,-29.3094,-29.5221,-29.5218,-31.8094,-28.7354,-31.0642,-31.1859,-30.4362,-28.496,-26.5153,-25.5428,-21.9191,-21.5989,-29.2778,-29.5964,-29.3862,-30.0982,-31.2204,-31.0307,-28.4252,-26.8221,-30.722
-0.8294,-5.86587,-11.3371,-14.9794,-19.8456,-20.3131,-15.6247,-16.4416,-17.7577,-22.7596,-26.9544,-26.5504,-26.1869,-30.6985,-31.2532,-28.9938,-31.7228,-33.9262,-33.2594,-34.9022,-35.5749,-37.2602,-34.72,-36.9266,-36.5491,-37.0859,-33.9744,-31.9728,-31.9984,-28.0508,-29.4226,-35.3675,-36.4531,-35.9033,-37.1572,-37.3498,-36.5825,-34.5027,-32.691,-36.0926
3.81081,-1.99505,-7.5826,-12.0954,-13.9534,-14.6554,-10.67,-12.3766,-21.73,-24.8357,-24.5678,-26.2741,-25.1019,-29.1611,-28.7256,-28.8248,-27.8185,-30.231,-30.257,-28.5658,-31.4796,-32.189,-33.9179,-32.8538,-31.9461,-29.4942,-31.0987,-31.7768,-29.4339,-23.9123,-23.531,-29.781,-33.0404,-34.6472,-32.9234,-31.7279,-31.1305,-31.1514,-27.8369,-30.8914
8.61059,2.19613,-6.08632,-7.68483,-10.684,-11.3668,-11.3839,-13.6573,-18.774,-21.7385,-23.7853,-25.5807,-26.6333,-28.0574,-28.2517,-28.5884,-28.5963,-28.1601,-28.458,-26.9916,-28.0687,-30.351,-30.1301,-28.1698,-28.2984,-28.3229,-29.0213,-28.9945,-26.9402,-21.3472,-19.6557,-26.4497,-29.0795,-30.3837,-29.503,-29.4134,-29.4992,-28.8651,-25.1584,-28.5338
5.5045,-1.23612,-6.65008,-5.72851,-8.21546,-10.5369,-13.2226,-16.2047,-16.3717,-20.0761,-27.6172,-27.6363,-27.2499,-26.5361,-28.4249,-29.8845,-30.1561,-28.9009,-29.38,-29.7214,-29.3445,-31.7731,-30.6345,-28.7487,-29.8009,-30.6141,-31.1548,-30.0017,-28.2994,-22.9172,-20.591,-26.4955,-29.4925,-31.5056,-30.7599,-30.7067,-30.8736,-30.0113,-25.8035,-29.8923
-3.7531,-8.79152,-10.2431,-9.58664,-12.5178,-17.3553,-20.5595,-20.2306,-20.0351,-24.1647,-28.3318,-32.0442,-30.3661,-31.3543,-33.0388,-33.4303,-34.0243,-32.2851,-31.9676,-34.4175,-35.2105,-36.2759,-35.0568,-35.8973,-36.6142,-37.5872,-36.5777,-35.2419,-35.4862,-31.0265,-28.2207,-32.9862,-35.9776,-37.1361,-37.5313,-36.8229,-36.5284,-35.3732,-30.743,-35.3067
2.60581,-4.90411,-14.7186,-12.0246,-11.3987,-19.1992,-18.9652,-14.567,-20.6465,-23.6023,-21.7544,-27.2132,-28.0718,-29.0502,-28.2654,-28.2653,-28.337,-26.8204,-27.4214,-32.5557,-31.2785,-30.5129,-31.0432,-32.8183,-32.0711,-32.3575,-31.1794,-29.7977,-30.361,-26.9897,-25.9676,-30.4471,-33.2213,-33.2716,-33.7626,-31.3701,-31.2186,-30.4194,-26.8449,-32.9937
5.97415,1.85625,-5.80212,-7.71805,-12.0518,-16.5396,-17.294,-15.6729,-20.0155,-18.4045,-23.0503,-23.8615,-26.2865,-25.0273,-28.0666,-28.2983,-27.8559,-27.1462,-27.7416,-29.8176,-28.4297,-27.8529,-29.7903,-29.0238,-29.8889,-28.3411,-27.9845,-26.767,-26.5167,-21.7852,-21.1912,-26.614,-30.3354,-31.0596,-31.408,-29.1776,-28.526,-27.1856,-24.6443,-29.6662
2.70136,0.0759183,-1.81591,-5.4594,-17.6725,-17.4765,-19.5938,-17.9285,-16.8842,-13.9225,-23.9321,-23.6742,-26.3063,-26.3944,-28.4312,-30.5066,-31.1382,-27.7538,-28.865,-32.033,-26.8625,-28.6723,-30.7084,-29.4065,-30.9875,-30.3422,-30.2631,-28.0322,-27.1989,-21.4487,-20.9522,-28.3139,-30.8876,-31.9068,-32.9926,-31.208,-29.2075,-28.9805,-25.6029,-28.774
-6.11756,-8.17415,-7.3223,-11.872,-24.3135,-24.1658,-26.4317,-23.5121,-20.5508,-19.1353,-28.3641,-33.1558,-32.6126,-31.5497,-31.694,-34.8251,-37.3469,-32.4582,-33.7159,-38.0985,-31.6948,-34.6599,-36.9964,-36.0947,-36.5738,-36.4774,-35.9926,-35.455,-35.0404,-27.0183,-27.969,-35.229,-36.876,-38.3572,-38.331,-38.6526,-34.8167,-35.6326,-32.2148,-33.9209
0.665095,-6.56061,-3.52405,-10.4598,-18.3588,-16.0277,-18.5066,-19.4913,-21.4246,-22.0957,-30.2942,-29.3497,-29.1374,-29.3416,-29.5705,-27.5613,-34.0117,-32.1923,-34.4205,-32.5623,-34.0362,-32.7658,-32.9935,-34.1231,-32.2552,-31.5562,-29.747,-31.3518,-28.5534,-21.5984,-24.1698,-31.6096,-33.241,-33.9635,-33.0102,-34.9805,-31.6602,-29.4053,-26.4204,-29.9311
7.89517,2.86526,-1.8841,-5.20115,-11.2478,-13.1109,-14.8808,-17.3309,-18.9297,-21.6951,-26.6916,-25.6269,-25.6489,-25.1703,-26.5081,-24.9897,-32.8516,-29.3061,-30.6871,-30.37,-29.363,-29.2302,-30.3052,-30.4504,-28.217,-29.8592,-29.1915,-28.3383,-26.086,-20.2336,-21.3694,-28.5151,-30.4658,-30.2019,-30.2773,-31.357,-28.9534,-27.0358,-24.5306,-27.8993
10.9917,8.06271,-3.92642,-7.05807,-5.70443,-9.46752,-13.6605,-16.3805,-15.7547,-19.7659,-21.4101,-22.7197,-22.9705,-21.6874,-23.1492,-25.126,-29.237,-27.358,-28.3672,-27.6497,-28.6143,-27.9865,-30.2124,-31.3132,-28.2885,-29.0918,-28.8403,-28.0161,-27.2334,-22.8418,-21.8879,-27.9738,-30.9884,-30.6328,-30.3279,-31.8359,-30.5994,-29.1024,-26.6685,-30.2288
5.5049,2.92936,-4.70256,-8.60069,-8.58256,-11.3397,-15.6262,-17.9723,-19.1278,-21.8725,-22.038,-23.8296,-24.2352,-23.8457,-25.7178,-28.9706,-29.8754,-28.7588,-30.5475,-29.7069,-31.1788,-31.0523,-33.1819,-34.808,-33.8387,-33.9053,-33.4512,-31.938,-32.5638,-28.0266,-27.1978,-32.4004,-36.1094,-36.4345,-36.0588,-36.8417,-36.3874,-34.9446,-32.9401,-36.4035
9.75278,5.99987,-1.57943,-2.98716,-10.5611,-9.96983,-13.7717,-13.9819,-17.9292,-21.5216,-20.6925,-21.7755,-22.7919,-25.7204,-25.059,-26.7129,-26.0531,-25.6441,-27.6497,-28.7289,-30.6327,-32.5566,-30.1133,-31.6888,-31.4387,-30.4149,-31.0366,-28.7307,-29.2168,-22.0594,-22.9514,-30.6299,-31.038,-33.3049,-33.5724,-32.0119,-31.5539,-30.8823,-29.5727,-31.7206
12.8884,7.87578,-2.59733,-5.53349,-15.1731,-10.5901,-16.0554,-16.3478,-17.4038,-18.3943,-23.205,-24.2494,-23.9703,-26.2405,-26.0168,-26.4276,-25.5665,-26.937,-25.933,-26.7492,-29.305,-30.8094,-29.1778,-29.0973,-27.8563,-28.9066,-27.7384,-27.9079,-27.7046,-20.5377,-20.8688,-27.8148,-28.4181,-29.4436,-29.4448,-29.3022,-29.6055,-27.9029,-25.9274,-28.336
7.73097,3.61252,-0.183767,-8.08317,-12.5014,-14.416,-14.5859,-17.0038,-19.8355,-18.3844,-21.9369,-25.7476,-25.1943,-23.6922,-27.7181,-26.9447,-24.6955,-28.3409,-26.9643,-26.0009,-29.3492,-30.1539,-30.6145,-29.3509,-29.1158,-31.503,-29.6868,-29.4717,-27.9762,-22.0937,-22.1586,-27.9986,-29.9975,-29.8213,-30.1312,-32.0083,-32.2318,-29.9173,-26.5062,-29.0274
-1.04383,-2.96812,-4.9441,-10.1434,-14.9802,-19.1395,-17.9232,-20.4643,-24.1289,-24.8864,-26.9724,-29.794,-29.155,-27.9028,-30.9758,-30.2956,-29.228,-31.5292,-32.9854,-31.9622,-34.4958,-35.2812,-36.6877,-35.7505,-36.0402,-37.4849,-36.6763,-35.6618,-34.1122,-28.7699,-29.8165,-32.7661,-35.7202,-36.1808,-36.9924,-39.0973,-38.0139,-36.7683,-32.583,-35.0982
8.09064,0.740162,-6.90005,-9.69574,-15.4723,-16.0039,-19.448,-18.9628,-17.5408,-18.3781,-26.082,-29.8733,-28.2627,-28.8009,-28.9709,-27.5015,-30.5061,-27.7378,-30.0237,-29.7156,-32.2667,-30.8225,-34.1569,-34.187,-33.3318,-33.2299,-32.0736,-31.6779,-30.0491,-24.77,-24.524,-28.2682,-32.6408,-34.2845,-33.3195,-34.0372,-32.0571,-30.6356,-27.8095,-30.8348
14.4968,7.72393,-3.75778,-10.2424,-15.289,-12.768,-13.7319,-17.744,-17.6522,-18.7589,-23.4945,-27.6067,-27.5281,-30.1273,-28.5222,-26.9096,-27.2672,-28.1605,-28.6561,-26.5006,-29.3815,-27.5255,-28.8553,-30.5197,-28.9836,-29.4512,-28.9951,-29.0861,-25.7149,-21.4162,-22.1094,-26.7584,-30.3062,-30.1517,-30.4862,-30.8162,-29.2603,-27.2596,-25.1481,-28.0787
14.4724,7.60604,-1.85397,-7.02654,-17.4527,-11.9774,-14.1558,-18.9266,-17.5343,-20.5329,-24.4736,-26.709,-26.3323,-28.6392,-29.2805,-27.6545,-27.5172,-30.3593,-28.904,-27.6701,-31.1257,-30.2645,-30.3977,-31.2372,-29.1397,-29.2171,-29.321,-29.9701,-26.6769,-23.8685,-25.4806,-29.6068,-30.7259,-30.5731,-31.5709,-31.6802,-30.7997,-28.8337,-26.318,-29.1314
6.12098,-0.0611114,-7.48662,-11.2728,-17.259,-16.9936,-20.8854,-24.7996,-22.5533,-25.5672,-27.3881,-27.8589,-30.2212,-32.3864,-32.9428,-34.0664,-34.7488,-35.4577,-34.3995,-34.0712,-37.3943,-37.4957,-38.0037,-37.6682,-34.3076,-34.6024,-34.7978,-35.056,-33.0949,-30.5133,-31.8588,-36.2148,-36.5826,-37.968,-38.3519,-37.1952,-38.1328,-35.5161,-32.219,-35.3712
10.7694,1.59801,-7.83138,-11.54,-14.1156,-16.2293,-16.9885,-20.6501,-20.6452,-21.9849,-23.2476,-22.303,-26.434,-30.0222,-29.3866,-30.6396,-32.0039,-31.0372,-30.0623,-31.1719,-32.4117,-31.0194,-34.1242,-33.05,-29.0498,-29.4708,-30.594,-30.3993,-27.2757,-24.5837,-25.6753,-29.3174,-32.1536,-34.815,-34.3932,-31.3715,-33.1588,-30.6243,-26.9936,-31.4633
13.0924,3.73529,-4.83853,-5.09597,-13.7542,-12.3137,-12.1113,-18.9018,-16.4418,-19.5855,-24.8218,-25.1513,-27.2711,-26.8355,-28.3565,-27.0871,-25.3287,-28.7275,-28.692,-28.9528,-30.3873,-29.5976,-30.5348,-29.9558,-28.2526,-26.4347,-27.5384,-27.8026,-25.4967,-20.8509,-22.3674,-26.687,-28.2912,-30.6975,-31.2925,-29.3536,-29.1108,-28.1765,-24.8714,-28.7927
9.07932,4.19062,-6.16654,-6.39508,-15.4986,-11.0024,-13.0668,-21.5364,-18.4547,-23.2037,-29.6343,-26.6487,-30.451,-29.1982,-29.4789,-29.4439,-26.3422,-30.8425,-31.9691,-30.3351,-31.6535,-32.5213,-32.7728,-32.2441,-31.8636,-28.8259,-28.8813,-28.7804,-27.2497,-21.647,-23.2539,-29.2489,-29.9864,-30.2348,-32.1157,-31.8926,-30.497,-29.7246,-26.5297,-29.9153
-3.03032,-4.61454,-13.9766,-15.7506,-20.6253,-18.3189,-20.6048,-24.9368,-22.7508,-24.9204,-31.1351,-31.5545,-35.3965,-36.2081,-34.7164,-35.7736,-35.8466,-37.5104,-38.2894,-37.0738,-37.8443,-38.1294,-38.7281,-38.6308,-38.5698,-36.2621,-36.0216,-35.6454,-34.7198,-29.3217,-30.7493,-35.685,-36.6308,-36.5209,-38.5848,-38.6423,-36.7431,-35.8773,-33.257,-36.2793
-1.43594,-2.00015,-5.45679,-8.42036,-15.8005,-14.8874,-19.1327,-19.2699,-15.3277,-17.5767,-22.3978,-26.3737,-31.1262,-33.7338,-30.2716,-32.195,-30.6598,-29.4955,-32.2759,-34.4831,-33.2179,-31.1291,-32.6067,-33.4453,-32.2202,-31.5914,-31.77,-30.9332,-28.9326,-24.8363,-24.729,-31.7404,-32.5151,-35.1163,-34.8391,-32.1859,-31.7165,-31.08,-26.6554,-31.6401
4.97002,-0.140349,-2.80321,-5.24959,-13.7704,-11.0718,-14.651,-17.5595,-14.9805,-18.8979,-20.9246,-24.2287,-26.2781,-29.4605,-27.9783,-28.8554,-25.118,-26.9248,-28.5931,-29.6044,-28.5888,-28.2771,-29.5769,-29.2713,-30.0123,-29.276,-29.7208,-27.6478,-25.5034,-21.5978,-22.1869,-28.3235,-30.6575,-31.4387,-31.3476,-29.734,-29.3555,-27.6616,-23.8442,-28.8504
4.38508,-0.278915,-7.66677,-6.22991,-13.6559,-15.2331,-18.3483,-19.1564,-21.0296,-24.6957,-23.327,-27.4225,-24.6872,-26.7121,-28.2968,-27.8011,-26.5945,-28.844,-28.309,-28.3499,-29.7105,-27.45,-30.3689,-31.5751,-30.8263,-29.5826,-31.1617,-28.6224,-28.181,-24.0378,-24.44,-30.1087,-32.9408,-31.7178,-31.997,-31.3076,-31.1032,-28.3603,-26.1417,-31.4806
-4.79626,-8.40599,-11.6637,-13.3945,-18.979,-23.9129,-25.5357,-26.059,-30.8172,-32.3166,-31.5862,-33.6517,-30.6779,-32.3126,-33.1283,-34.3696,-36.3351,-36.0811,-35.2267,-33.5309,-36.1128,-34.0404,-37.7364,-38.2248,-36.4471,-35.3457,-35.3701,-33.9595,-34.9255,-30.8182,-29.4203,-35.2955,-38.5498,-37.3247,-37.7827,-36.578,-36.9708,-35.2292,-33.9503,-38.6795
5.28482,-1.50056,-3.78089,-6.41564,-17.1914,-15.4306,-15.5324,-25.2292,-24.9369,-25.0406,-26.5666,-26.5148,-31.0404,-32.4662,-30.6504,-34.6731,-33.6725,-31.5779,-31.2353,-28.1028,-30.6353,-32.9454,-33.0592,-32.5521,-31.0886,-30.6746,-28.8889,-27.9829,-27.805,-24.73,-23.172,-29.3208,-32.7389,-33.5054,-33.6102,-31.4076,-30.7814,-31.301,-29.0514,-32.5367
11.6857,3.84034,-3.18874,-3.19457,-11.0519,-16.0435,-13.4519,-20.2609,-21.2121,-21.1964,-22.2567,-25.2023,-26.5598,-25.8904,-29.1265,-31.2907,-28.82,-30.0746,-29.0152,-26.216,-28.1204,-30.1069,-29.4868,-30.0731,-29.9261,-28.5048,-27.6983,-26.6386,-24.4466,-22.7809,-21.6238,-27.0661,-28.5838,-30.2643,-30.7325,-30.2777,-28.3844,-27.1717,-24.9581,-29.1316
11.2774,5.78644,-3.02711,-6.72988,-13.7032,-15.1755,-13.838,-17.9915,-17.7279,-18.0108,-19.5159,-24.0794,-24.1015,-25.0791,-24.9816,-26.9402,-28.7375,-29.3212,-28.6916,-26.7961,-27.7323,-29.5864,-27.982,-30.2823,-31.127,-30.356,-30.2904,-29.0483,-27.4832,-25.3201,-23.3361,-26.0348,-29.0236,-30.8442,-30.8991,-31.0201,-29.0415,-27.3859,-25.9444,-29.6724
4.23027,1.30931,-4.48645,-9.4664,-13.6321,-16.2703,-17.2981,-18.8925,-18.8515,-19.9897,-20.8695,-24.3659,-25.3193,-26.6848,-26.6456,-28.145,-30.3935,-31.3122,-31.3791,-29.9647,-31.377,-32.4282,-31.0748,-33.3451,-34.1373,-35.7153,-35.8873,-35.3841,-34.9274,-31.5827,-28.9093,-30.4878,-35.3877,-35.4265,-35.0607,-36.2078,-33.7869,-33.5765,-33.1457,-34.9693
9.53435,5.32754,-5.19025,-4.88299,-8.45431,-14.0688,-18.3885,-15.5755,-15.8751,-18.0458,-17.5714,-21.1163,-23.6798,-23.8841,-26.3023,-26.8586,-26.1451,-27.2792,-27.6395,-27.914,-30.9336,-28.9431,-29.7611,-29.2229,-29.431,-31.4186,-29.6759,-31.0012,-30.9983,-25.0359,-25.1285,-29.1361,-33.2099,-31.297,-31.764,-32.2004,-31.0957,-30.5607,-26.8704,-29.9775
12.4432,4.81704,-6.12676,-5.11058,-9.55264,-15.1666,-19.5109,-19.3207,-16.352,-20.9038,-20.1421,-24.0154,-27.0692,-24.9588,-25.3628,-27.8308,-26.6851,-28.4272,-27.9116,-27.0726,-28.562,-28.2912,-28.6598,-28.8343,-27.7223,-28.3305,-26.6968,-27.5922,-27.1113,-21.8211,-22.7767,-26.3421,-29.4729,-28.9755,-29.9939,-29.0347,-28.7693,-28.0701,-24.4198,-28.2902
9.15131,-1.96414,-8.20758,-5.90262,-9.16813,-15.4196,-19.9502,-23.8519,-19.6258,-25.3183,-27.9677,-29.4775,-31.3134,-27.0963,-29.4296,-30.0991,-28.2383,-30.6156,-33.3102,-29.6309,-28.1397,-28.0573,-31.2683,-31.8554,-29.2209,-29.4363,-28.488,-29.7247,-28.7165,-23.3098,-24.3003,-28.1486,-28.2555,-30.4985,-31.5134,-30.6437,-29.1368,-28.7451,-26.0813,-30.6285
2.53291,-3.69181,-12.9516,-12.2392,-14.386,-19.4385,-25.7981,-28.5508,-27.1184,-31.8863,-35.5288,-36.6168,-37.75,-35.4581,-36.5694,-36.5521,-34.5459,-34.9779,-40.7394,-37.8041,-33.6557,-32.9673,-38.2864,-39.1238,-35.6589,-36.4703,-36.541,-37.6751,-35.8216,-30.6964,-29.0302,-34.4398,-33.6711,-37.5864,-36.9649,-37.2728,-35.6681,-34.8658,-33.3972,-37.6766
12.7612,5.35927,-8.52842,-8.34352,-14.7722,-13.0969,-18.9009,-20.9266,-18.4234,-24.2707,-28.9332,-30.0038,-29.4939,-26.56,-29.6125,-30.9283,-30.5297,-27.4187,-32.3845,-31.0901,-28.4845,-31.388,-31.8471,-33.6836,-33.0943,-32.8222,-31.8077,-32.0769,-28.8662,-23.6654,-21.8482,-29.853,-30.4057,-33.9568,-33.181,-33.7358,-31.9754,-30.4836,-27.5026,-32.072
15.9294,7.13424,-8.2016,-7.47676,-10.3811,-9.54487,-14.18,-18.4742,-17.7765,-22.0377,-22.8697,-24.0179,-26.6154,-25.2132,-25.7666,-26.8159,-26.9631,-24.3428,-27.0868,-27.5046,-27.9399,-29.6819,-28.9159,-29.0648,-28.5376,-27.8489,-27.5628,-28.3332,-25.9274,-20.8142,-21.2026,-27.437,-28.543,-30.4807,-30.308,-30.4648,-29.0487,-27.2746,-24.5851,-29.0863
12.3898,4.02646,-7.03723,-9.49189,-11.5106,-10.1191,-11.7051,-16.6145,-15.7559,-18.2012,-18.5814,-23.7255,-25.5918,-28.2909,-24.7809,-26.3094,-28.9805,-26.1434,-27.6701,-27.9094,-28.9507,-30.346,-29.5955,-29.6412,-28.3317,-28.7108,-29.0797,-30.5877,-28.3772,-23.5704,-23.7941,-28.3732,-29.7347,-31.0319,-32.4377,-31.5821,-30.502,-29.3122,-26.5248,-30.3536
2.66132,-1.81828,-8.87591,-12.2147,-14.5437,-16.8723,-16.7826,-19.6316,-19.6013,-21.7739,-21.9434,-27.8044,-27.4425,-30.2813,-28.3855,-30.4174,-35.5043,-34.8261,-32.8054,-32.5332,-33.4462,-35.8044,-34.5695,-34.8979,-34.0188,-35.9607,-36.559,-37.9802,-34.5866,-29.0917,-28.8849,-34.3915,-35.5679,-36.8588,-37.866,-36.2222,-35.8084,-35.679,-34.2576,-35.9565
7.04438,2.78289,-12.6762,-14.2139,-14.2227,-12.6156,-19.2338,-22.7039,-23.5467,-23.6288,-21.7607,-26.9673,-23.5454,-24.3168,-31.346,-29.2519,-28.0115,-29.2146,-28.8352,-30.3704,-29.7764,-32.2484,-31.5439,-30.065,-29.8733,-32.2366,-31.9693,-32.3206,-29.1259,-23.3554,-24.9817,-30.4075,-31.8747,-31.9582,-32.6553,-31.8197,-30.5896,-30.112,-29.5483,-30.66
12.455,5.31989,-7.14289,-10.7405,-13.6167,-14.1898,-19.0503,-20.8989,-23.1896,-20.1472,-21.0252,-24.6744,-24.0967,-24.1746,-28.2607,-26.9002,-25.8024,-28.0608,-27.2051,-29.1766,-29.1317,-29.5394,-29.1741,-29.3435,-28.4654,-30.4136,-28.7803,-28.8335,-26.4078,-22.198,-21.5505,-26.7251,-29.7949,-29.0304,-29.7692,-29.7186,-27.7855,-26.7508,-25.738,-26.9349
11.2908,3.1255,-2.87375,-10.6588,-12.7632,-17.6077,-17.9469,-16.563,-20.8803,-20.3669,-21.9716,-25.1806,-27.6121,-26.6343,-26.5693,-27.8039,-27.1148,-30.6941,-30.0178,-30.4501,-28.0227,-30.2035,-30.3043,-30.6974,-29.4564,-31.7514,-29.314,-29.6024,-28.3209,-23.8082,-23.3615,-27.7077,-29.7008,-30.3596,-30.5464,-31.3613,-28.9752,-27.6837,-26.0626,-28.0399
3.43962,-0.958472,-6.32144,-14.235,-18.1008,-21.7606,-20.0478,-19.1129,-22.1327,-24.4661,-28.1452,-29.9668,-30.6315,-30.4103,-30.0692,-31.0596,-32.4176,-34.1272,-34.9225,-34.5049,-32.9169,-35.8189,-36.9822,-36.5213,-35.9474,-36.5484,-33.9362,-34.247,-34.1125,-30.4036,-29.5973,-33.4559,-35.0092,-37.6666,-35.8627,-37.5652,-35.1991,-34.9972,-32.6366,-35.8849
8.6756,2.04031,-2.04042,-11.1063,-18.5985,-17.5525,-16.152,-19.0272,-18.4903,-21.2928,-28.5696,-30.6414,-26.0447,-26.903,-28.2121,-29.4309,-29.8525,-27.9099,-28.6546,-31.1051,-31.4375,-31.957,-32.0562,-32.6149,-30.7,-29.9487,-29.9563,-28.9512,-27.7296,-24.1328,-23.4327,-29.3019,-31.4026,-33.5268,-30.5682,-32.8776,-31.936,-31.1055,-27.9316,-31.0692
8.29235,2.00683,-1.36416,-8.9242,-13.6648,-10.8436,-14.6597,-17.9995,-18.8224,-20.563,-21.9387,-27.8309,-24.6082,-24.6708,-27.0678,-28.9938,-30.1349,-26.7952,-26.2286,-28.8611,-31.2947,-28.397,-27.9641,-28.4459,-27.1737,-28.053,-27.9328,-27.3074,-26.0539,-20.8938,-20.751,-27.0415,-29.1895,-29.7703,-29.4644,-29.4921,-29.2484,-28.6848,-24.8742,-28.1957
0.215781,-4.45638,-1.31408,-3.24286,-8.80371,-13.0026,-13.4019,-17.9997,-18.772,-20.3693,-18.288,-22.4198,-24.4736,-23.3771,-25.5179,-30.1368,-29.0044,-26.7175,-28.421,-26.6986,-32.4747,-29.2747,-29.5715,-27.6088,-27.2302,-28.6967,-28.6411,-27.6531,-26.2355,-22.189,-22.7149,-28.8173,-30.7348,-29.5766,-30.248,-29.9305,-31.011,-29.9098,-25.7586,-29.1882
-5.33534,-7.25069,-5.77861,-6.27949,-10.6591,-15.9631,-16.708,-20.7505,-20.1635,-21.5046,-19.9388,-22.8086,-26.0525,-25.8431,-27.1191,-30.2172,-30.168,-29.6978,-31.3519,-29.7641,-32.6295,-32.9724,-34.0661,-32.0791,-31.4532,-32.0893,-33.4794,-33.0825,-31.3092,-28.6031,-29.5453,-34.8346,-38.67,-36.6806,-36.9176,-36.889,-37.4955,-36.1444,-32.5739,-36.1448
4.60157,0.03759,-3.8584,-5.01977,-10.673,-12.0284,-13.8943,-16.7162,-17.0132,-19.5045,-18.0223,-20.9511,-23.6396,-24.5308,-25.3742,-25.0322,-25.5471,-28.0603,-27.7694,-28.7778,-27.0516,-29.4088,-30.408,-31.0828,-29.1025,-27.9351,-29.3448,-31.466,-30.2937,-25.3812,-22.6883,-30.6505,-33.1686,-33.3637,-32.3873,-32.5121,-33.0581,-31.6877,-29.7841,-33.2547
9.6752,4.98556,-3.99571,-5.60939,-9.78371,-13.0373,-11.7293,-14.6435,-16.1515,-18.929,-21.5207,-22.7603,-23.752,-23.6903,-24.779,-24.4977,-25.394,-26.6664,-27.309,-27.4095,-27.2819,-29.067,-30.476,-30.0103,-29.5957,-26.8866,-25.9588,-28.1386,-27.7116,-23.5282,-21.2026,-26.9346,-29.5033,-30.2998,-29.586,-29.4929,-29.0403,-28.4959,-25.7842,-29.2484
7.64318,4.59344,-7.41749,-5.29178,-8.0789,-11.9489,-10.8506,-16.7338,-18.0106,-19.5602,-26.3243,-22.5164,-27.001,-27.8392,-26.181,-25.6753,-28.5756,-26.2023,-28.0558,-31.395,-29.731,-30.6769,-31.1495,-31.4054,-32.6284,-29.0808,-27.9917,-29.2081,-27.5328,-23.2785,-22.2526,-27.3591,-30.8593,-30.352,-31.0894,-30.6954,-29.9023,-29.7252,-26.6855,-29.8145
-2.60399,-3.70619,-11.6476,-8.73881,-11.4233,-15.5254,-16.0055,-22.6824,-23.4769,-22.5245,-27.479,-26.7881,-30.5544,-31.7321,-30.2654,-29.3381,-33.4748,-30.8215,-32.7809,-35.4866,-34.0769,-34.094,-36.3787,-37.0184,-37.2643,-35.4525,-35.962,-36.1097,-33.0342,-28.3678,-28.2599,-34.1887,-38.4931,-35.7029,-38.1185,-36.7744,-36.4209,-35.6685,-33.2111,-35.41
-5.04403,-12.0958,-6.15558,-5.13441,-9.51307,-16.3376,-16.7488,-20.2139,-17.4322,-16.3649,-23.0882,-28.2821,-25.5415,-27.8596,-28.2491,-27.2315,-28.2135,-29.4738,-29.92,-29.7718,-30.1521,-28.4198,-32.5547,-33.0875,-30.0673,-31.9171,-31.2599,-32.0965,-27.9292,-22.8604,-24.9572,-30.7054,-32.2545,-32.4877,-33.8092,-31.2186,-30.6853,-30.5284,-26.5776,-29.9629
3.70474,-3.84793,0.722156,-1.6109,-10.4664,-15.248,-16.9182,-15.117,-17.2269,-17.6363,-22.1576,-23.4596,-24.1974,-26.0369,-25.3305,-26.3496,-24.1086,-25.7641,-29.2354,-29.5039,-30.1144,-28.0942,-29.5484,-30.3043,-28.0812,-27.9649,-28.8165,-29.252,-25.39,-20.9655,-22.0576,-27.2931,-29.4676,-28.9903,-30.9445,-30.106,-27.9303,-26.9267,-24.062,-28.0993
6.94683,3.30302,1.40773,-4.34496,-16.1172,-16.2706,-14.6224,-12.4409,-19.3075,-22.3296,-26.0683,-27.0198,-27.452,-28.9693,-26.8073,-27.5038,-26.4296,-26.3268,-28.6493,-31.1201,-30.861,-29.7735,-32.1714,-32.1917,-31.0501,-28.5086,-29.4475,-30.1531,-26.2101,-23.3877,-22.0767,-28.0783,-29.9994,-29.5121,-31.6007,-33.2968,-30.3007,-29.0496,-27.064,-29.4271
1.40508,-0.418507,-4.61854,-11.603,-22.415,-22.3985,-17.8214,-17.0655,-24.969,-32.2329,-34.8176,-37.9045,-38.1313,-35.9663,-33.9198,-32.547,-37.6048,-34.8429,-33.6683,-36.9762,-36.8532,-35.3687,-39.597,-38.7032,-38.3488,-36.3883,-37.1694,-36.6821,-32.0733,-30.416,-27.7791,-35.4304,-35.4886,-36.291,-36.9967,-38.7503,-38.4233,-36.7085,-33.3667,-34.4973
0.573347,-2.26572,-8.03787,-9.11818,-15.8898,-17.2082,-17.7131,-16.4004,-22.8996,-24.5944,-28.8288,-33.9801,-32.5989,-29.129,-28.9325,-28.3444,-31.7107,-33.4411,-31.173,-34.2892,-32.6498,-30.7737,-32.8899,-34.4122,-33.8618,-32.9449,-32.6122,-32.3819,-27.9941,-23.8442,-24.0232,-31.0523,-33.8898,-32.8094,-32.0767,-33.1306,-32.7724,-31.4719,-27.5594,-30.9858
9.29584,5.51691,-4.45177,-4.29633,-13.6838,-15.7923,-14.792,-14.2625,-15.4375,-18.7603,-27.0015,-29.4085,-28.4577,-26.0442,-28.8628,-27.394,-28.2003,-30.4573,-28.1983,-29.4133,-29.5714,-28.9184,-29.6123,-31.9074,-30.889,-28.9844,-28.085,-29.0039,-25.4313,-20.7834,-21.7534,-27.5148,-30.3631,-30.3845,-29.7747,-29.9707,-30.2518,-28.5567,-24.9519,-29.3327
10.8147,5.35613,-5.27329,-7.90585,-14.4705,-16.5325,-18.7744,-20.321,-13.5085,-19.1534,-25.2341,-28.767,-29.6411,-27.2649,-28.723,-29.5548,-31.4987,-30.7059,-28.0098,-27.2948,-30.8187,-30.7717,-30.693,-33.2936,-32.6648,-30.3119,-29.77,-29.0067,-26.1737,-21.4184,-22.6215,-28.5639,-31.807,-32.1804,-31.3014,-30.5188,-31.3492,-29.4612,-25.4566,-30.914
3.57675,-0.982724,-9.62989,-15.9192,-19.3318,-19.6909,-22.823,-26.51,-20.0404,-25.3956,-29.0245,-33.113,-35.777,-34.957,-35.5933,-37.5106,-35.5217,-33.0424,-33.3945,-32.6775,-34.2373,-35.2954,-36.8551,-39.4247,-38.4635,-37.1524,-36.7271,-34.7394,-31.3817,-27.1307,-28.6633,-34.3338,-37.292,-37.3654,-37.3026,-36.2311,-36.3884,-36.7035,-31.4631,-36.1078
5.82061,1.40102,-4.40071,-10.3587,-13.6141,-12.0915,-13.8867,-22.0122,-21.2414,-20.3675,-26.402,-28.9585,-32.2676,-30.4681,-31.8284,-32.2647,-29.2392,-28.0691,-30.2745,-29.1641,-29.4031,-31.9976,-31.0138,-32.7822,-30.8818,-30.8578,-33.33,-30.5401,-28.953,-27.6969,-26.8416,-28.8196,-30.4255,-31.9602,-32.1991,-32.0506,-30.264,-31.4531,-27.3845,-29.7074
8.58293,0.548195,-2.41717,-10.8213,-16.0424,-10.858,-13.4572,-19.2515,-20.2258,-18.9761,-23.9416,-27.3145,-28.7326,-26.7664,-26.5792,-28.2344,-26.1945,-27.8575,-27.0706,-27.1962,-29.3385,-30.7374,-29.4995,-30.9703,-27.6945,-28.718,-29.3958,-27.8864,-25.9636,-22.9072,-23.4491,-26.5731,-28.836,-30.304,-30.5882,-30.0826,-28.4832,-28.2967,-24.1952,-27.7876
6.20608,-6.09897,-5.18091,-10.2453,-18.891,-10.6896,-15.7297,-19.87,-18.1301,-17.6155,-21.0701,-23.3453,-26.0628,-25.7504,-25.6938,-27.887,-26.3376,-28.7783,-27.0087,-28.9536,-28.4863,-29.7537,-30.5081,-32.258,-29.2039,-31.2405,-30.2291,-30.0146,-27.347,-22.9697,-24.9601,-28.7511,-30.6497,-31.8522,-32.401,-31.1886,-30.1984,-29.9157,-24.7412,-29.4334
-0.945952,-7.25718,-12.1546,-14.7518,-21.1233,-16.5024,-20.2232,-24.8798,-21.5706,-21.5875,-24.3472,-25.844,-27.6556,-30.6866,-31.14,-31.6293,-30.8731,-32.5045,-32.826,-34.4796,-32.8968,-34.7823,-36.0949,-36.607,-36.5754,-38.885,-36.8421,-36.8277,-33.211,-28.8331,-32.0049,-34.4184,-36.6972,-38.7017,-38.366,-37.5845,-37.7976,-35.8674,-31.1078,-35.5886
4.26751,3.59023,-7.37641,-13.1211,-14.4382,-9.40267,-13.9112,-21.9163,-22.7972,-21.7946,-24.371,-24.2308,-23.8269,-28.5429,-28.4355,-28.0749,-27.5807,-29.031,-28.4272,-33.0024,-31.489,-31.9775,-32.3907,-32.226,-31.8018,-34.0932,-33.4813,-30.058,-28.6713,-22.3703,-24.2623,-28.2854,-30.8777,-33.0872,-32.6296,-33.2581,-31.914,-29.8283,-26.7509,-30.2273
5.20432,4.67761,-3.30348,-12.468,-13.2186,-6.97255,-11.7099,-17.4438,-18.1727,-20.0436,-22.0747,-26.0299,-25.6234,-26.4157,-28.355,-28.7853,-30.0007,-28.8472,-26.5678,-28.294,-27.7251,-28.6864,-29.4352,-29.5387,-28.9196,-29.9768,-28.5792,-26.7544,-25.1305,-19.7926,-20.5195,-25.889,-29.1862,-30.3817,-29.9578,-29.8259,-27.8974,-26.6662,-24.7337,-27.4464
4.36914,-1.66652,-5.56757,-13.8342,-18.1705,-9.0105,-13.6689,-18.0219,-19.3844,-19.9746,-23.59,-25.9061,-27.4812,-27.4458,-30.9056,-31.4614,-31.6919,-31.6056,-31.2903,-28.4228,-28.1483,-30.5639,-31.0453,-30.2298,-30.7547,-32.1431,-27.6621,-28.3348,-26.7873,-22.9902,-23.2548,-26.9988,-30.5953,-31.574,-30.9816,-31.4565,-29.5533,-28.3099,-26.9527,-29.0504
0.459376,-5.63191,-14.1666,-18.2868,-21.0803,-17.6693,-21.8002,-27.836,-29.0873,-26.5246,-27.7455,-28.9112,-31.291,-32.3988,-35.8862,-36.6309,-37.5899,-39.1788,-41.2122,-35.3311,-35.7368,-38.382,-37.8986,-35.8039,-36.9327,-39.2463,-33.9032,-35.0905,-31.9188,-29.3175,-30.9173,-33.4638,-37.0672,-38.1718,-37.2043,-38.1357,-35.6795,-34.3287,-33.6698,-35.8825
11.2113,3.07363,-2.99014,-12.8178,-12.4799,-15.3894,-18.4836,-24.361,-26.9784,-29.2567,-28.7052,-30.2086,-28.1288,-26.6681,-27.6337,-27.8889,-32.1026,-31.8133,-33.2635,-33.9529,-32.035,-33.8128,-34.4873,-31.7615,-34.0032,-30.6829,-31.1107,-28.3918,-22.8453,-21.6502,-24.5271,-29.2149,-33.3099,-33.0283,-35.1125,-32.3215,-31.4944,-30.1013,-28.5246,-31.6806
13.917,3.57459,-1.87236,-11.8361,-12.4785,-12.087,-16.7232,-20.2881,-22.9938,-26.0247,-26.96,-29.508,-26.2984,-25.1498,-25.943,-24.6073,-27.5347,-28.9452,-29.8602,-29.7312,-29.7898,-29.0974,-30.5911,-29.2556,-30.1998,-28.5898,-27.3361,-25.2504,-20.3223,-18.6062,-19.812,-24.8738,-29.3723,-29.1603,-31.4115,-30.4231,-28.9574,-27.2924,-25.7222,-29.2055
9.14556,-0.875039,-7.65201,-13.9821,-14.4133,-14.5156,-19.187,-21.3642,-23.5965,-25.5587,-25.9435,-27.9966,-29.0161,-27.5724,-26.8693,-24.8883,-28.3029,-29.986,-31.1351,-30.2754,-32.605,-29.3687,-29.8097,-31.6774,-30.5101,-30.0534,-28.1176,-26.1004,-23.3048,-18.9352,-19.0729,-25.2198,-29.6097,-30.9251,-31.252,-32.0636,-29.686,-28.1124,-26.8853,-30.1656
-0.666703,-6.51368,-10.3519,-12.8625,-17.7044,-20.3773,-23.4315,-25.1126,-28.5281,-29.1577,-30.154,-32.2615,-34.1799,-33.217,-32.4161,-31.7784,-34.7235,-35.5964,-36.694,-37.9427,-38.0086,-37.0067,-35.3475,-37.8443,-36.3202,-35.5349,-35.142,-32.0859,-31.3361,-24.2537,-24.286,-31.7381,-36.3177,-37.7954,-36.4281,-38.362,-35.5822,-34.4255,-32.3466,-35.8188
8.2909,1.72997,-2.41382,-3.70502,-13.9833,-19.8603,-19.9054,-25.457,-24.7993,-26.0531,-27.6623,-27.1968,-27.3327,-25.1884,-28.7839,-29.7231,-29.4041,-32.3757,-30.5889,-36.5883,-30.2751,-34.0446,-30.2443,-30.8655,-29.564,-32.0884,-31.2788,-27.0394,-24.3432,-19.8402,-18.6394,-25.8198,-33.2051,-31.729,-32.0467,-32.5106,-31.4282,-29.4399,-27.338,-31.7845
12.4639,4.3573,-0.540671,-5.22219,-12.8474,-12.2795,-14.9993,-23.9605,-20.1375,-18.7759,-21.7911,-23.5689,-26.2426,-24.5123,-24.965,-26.0533,-25.9843,-30.0976,-29.4586,-29.7979,-29.683,-29.8645,-27.677,-28.485,-27.4228,-28.7533,-27.9455,-24.4203,-20.5494,-16.1081,-15.6274,-21.9942,-28.3433,-28.8842,-29.512,-29.4566,-28.5849,-26.9982,-24.3621,-29.4705
12.8168,4.23782,-1.79569,-8.18981,-11.6573,-11.0006,-15.4382,-24.0947,-18.8064,-17.5195,-21.9703,-24.2812,-26.5989,-28.5322,-25.7193,-26.231,-26.6349,-30.6819,-28.8189,-28.3685,-31.5622,-30.6301,-31.0674,-29.5953,-29.2297,-29.1678,-28.6648,-25.1547,-20.6459,-14.9595,-16.0112,-22.3309,-28.4349,-28.7004,-30.6755,-30.3005,-28.6411,-29.4707,-26.3922,-30.1546
6.67475,1.43871,-5.99107,-10.6559,-15.5212,-16.7727,-19.7977,-29.4646,-24.8104,-25.0265,-30.8854,-31.7184,-30.5515,-34.7523,-34.2163,-35.1499,-33.7339,-34.8228,-33.1196,-35.1498,-38.0753,-37.9569,-39.7329,-36.665,-35.6744,-34.2993,-34.2308,-30.8625,-25.4889,-19.788,-21.3038,-27.558,-33.4876,-33.792,-36.7032,-35.3325,-34.4687,-35.5972,-32.9516,-34.9067
13.2338,5.05347,-3.06152,-8.89978,-17.67,-16.9904,-20.5692,-26.7225,-23.2759,-28.1512,-30.2659,-27.5391,-24.22,-29.3048,-32.8645,-32.9251,-28.8436,-28.5142,-31.0887,-32.165,-35.0146,-37.246,-33.3417,-30.5513,-29.6018,-28.6554,-28.881,-25.4633,-20.7912,-15.5585,-16.0124,-22.5702,-28.3121,-28.8905,-31.0016,-29.9122,-30.1632,-29.5998,-26.6072,-29.292
16.725,6.1434,1.7427,-3.44317,-14.7621,-15.0476,-18.1677,-18.0266,-17.1188,-20.5119,-21.3772,-21.5788,-21.2357,-23.0106,-26.6564,-26.715,-26.3907,-26.5474,-26.506,-27.9845,-30.7852,-30.1735,-30.3346,-28.4865,-26.2412,-25.0086,-24.9809,-21.6658,-16.8999,-11.5343,-12.2943,-19.973,-25.8969,-26.3657,-28.3665,-28.1629,-27.4785,-26.6723,-24.5916,-27.3557
15.9899,10.1305,4.79093,1.10528,-4.87119,-6.21557,-10.1557,-11.3365,-12.0575,-13.3767,-14.0608,-16.5884,-17.8467,-17.852,-18.4767,-19.95,-20.1508,-21.8011,-20.8423,-21.6622,-25.1539,-25.21,-25.5148,-25.7376,-24.2095,-24.0955,-24.4368,-21.2125,-17.8132,-12.722,-13.2666,-19.6637,-24.3276,-26.8944,-28.3025,-28.7627,-28.8667,-27.6012,-24.8859,-28.4646
10.1595,7.45064,2.97827,-1.18589,-4.98599,-7.07354,-10.0808,-10.9271,-12.609,-14.037,-14.7316,-16.7876,-17.9445,-18.5488,-19.2266,-20.3183,-20.9464,-22.6569,-22.3422,-23.2801,-26.0762,-25.9836,-26.1371,-27.314,-27.6241,-29.094,-27.6422,-25.54,-23.7887,-18.6668,-19.1068,-25.0462,-29.1546,-30.951,-32.2788,-33.5849,-34.6241,-32.466,-30.1363,-33.4192
16.8805,12.7625,2.37803,-2.7362,-5.19726,-6.21959,-8.51929,-7.5055,-11.1029,-12.1203,-13.869,-14.8733,-15.782,-17.632,-18.2784,-18.6052,-19.885,-21.6793,-21.4781,-23.563,-24.7912,-23.9347,-24.0978,-26.5848,-26.5635,-25.9102,-23.3349,-22.5186,-18.9741,-13.7353,-15.5445,-21.2784,-26.3089,-26.9176,-28.3684,-31.0879,-30.2618,-27.9152,-27.6395,-29.6786
20.6125,13.9549,-1.11502,-4.73598,-9.91953,-10.7194,-13.7199,-12.4182,-15.5419,-16.7039,-18.0097,-19.5611,-20.4721,-21.5886,-22.1671,-22.7095,-22.8328,-24.1396,-23.8366,-24.8275,-27.3345,-26.3881,-26.5317,-28.0821,-26.0426,-23.8203,-23.4047,-21.7451,-17.4924,-11.4286,-13.0297,-19.9403,-24.6813,-25.4525,-26.4772,-29.2651,-28.3876,-25.2279,-24.313,-27.5215
17.0925,9.82899,-2.83652,-4.34618,-13.9435,-12.9405,-22.2622,-24.2186,-22.6072,-25.2318,-24.2095,-24.3077,-23.6151,-24.7837,-26.3501,-24.6319,-28.1545,-26.9127,-26.9702,-28.6055,-28.7258,-28.8055,-29.4229,-30.5283,-26.5473,-26.4035,-25.1432,-22.9335,-18.2144,-13.6696,-14.5376,-20.486,-25.3163,-27.887,-27.3603,-30.1211,-29.5391,-26.8139,-25.7215,-29.2298
5.45586,-0.189554,-6.01831,-9.91385,-18.9092,-18.0599,-27.5332,-31.8175,-30.092,-29.5411,-28.8635,-29.0518,-28.8984,-29.6203,-32.6489,-28.7063,-32.4086,-32.4209,-31.7882,-34.9192,-33.7359,-36.0674,-35.3426,-34.3185,-33.5299,-33.8891,-31.7255,-27.8983,-22.6937,-20.5248,-22.2068,-26.4614,-30.7376,-34.0874,-33.698,-35.9019,-34.736,-33.7262,-31.1189,-35.5797
12.1213,1.37566,-2.59376,-6.95245,-24.3873,-23.356,-23.4755,-24.3587,-24.5712,-24.6294,-22.623,-26.7332,-25.9803,-28.6328,-29.8498,-25.3284,-26.7556,-28.5116,-29.1027,-30.3388,-32.2965,-32.8887,-29.6142,-29.368,-30.5387,-28.2659,-29.1195,-24.5482,-19.5446,-15.0691,-17.1926,-20.7839,-27.5866,-28.8337,-29.4591,-29.6586,-29.1223,-28.9005,-26.2319,-30.318
19.8923,11.2223,-3.09617,-5.20929,-15.7821,-17.538,-17.2754,-17.62,-20.2032,-21.0978,-19.544,-25.7152,-24.3747,-24.5605,-28.7005,-26.8229,-25.4533,-25.0809,-26.5788,-28.0473,-29.4465,-29.1431,-28.3908,-27.7722,-26.1296,-25.293,-27.0231,-22.6525,-16.8308,-12.7049,-13.4753,-18.2278,-25.9026,-26.242,-25.8947,-27.2904,-27.5238,-25.9062,-24.1476,-27.4246
19.676,12.8899,-2.32931,-3.60159,-9.6759,-11.978,-12.9426,-14.9908,-17.2173,-16.8457,-17.0072,-19.0477,-21.1095,-22.5753,-21.9437,-22.1515,-23.5724,-24.3094,-27.2663,-27.3562,-27.3248,-27.1435,-26.7449,-27.757,-25.5098,-23.8868,-26.3719,-23.0967,-19.7491,-15.8595,-15.1073,-20.9672,-27.0358,-28.8901,-28.9271,-29.2269,-29.4077,-26.8754,-25.1789,-28.7705
10.9461,6.37345,-1.03655,-5.04036,-9.6494,-12.1843,-13.9651,-15.7548,-17.0476,-17.7761,-18.9159,-19.707,-21.2853,-23.0286,-22.4379,-23.0273,-23.9988,-25.7672,-27.8809,-27.9181,-29.5354,-29.5453,-29.1089,-30.7075,-29.9981,-28.2178,-30.2615,-27.4546,-26.7504,-22.0852,-22.8006,-29.2841,-31.4262,-33.619,-34.264,-34.3253,-35.0416,-33.2963,-30.4999,-33.5878
17.0902,9.2873,1.26467,-2.19908,-8.71318,-8.99208,-12.2186,-12.6261,-14.0106,-16.2089,-19.1975,-18.6495,-18.2797,-20.0573,-20.591,-22.1496,-20.9647,-23.9637,-24.6513,-24.2915,-28.6585,-28.9468,-28.7198,-28.9538,-27.3638,-27.4054,-27.1183,-25.9266,-22.4567,-16.0116,-17.5251,-25.5723,-29.2049,-29.2097,-29.1457,-30.9275,-32.1056,-29.3426,-26.5809,-29.013
19.0542,9.27023,0.270146,-3.89444,-11.4223,-12.9498,-15.6154,-14.5321,-17.5971,-20.5656,-21.336,-22.2608,-22.7319,-23.7527,-24.1138,-23.9808,-23.6754,-24.8514,-26.4141,-27.098,-28.4804,-29.1437,-29.5377,-29.1611,-26.3513,-26.5273,-26.0332,-24.9139,-20.5673,-15.1933,-15.6163,-23.4213,-26.9529,-28.2866,-27.9387,-28.8677,-28.7376,-26.4389,-24.4244,-28.2885
15.7116,8.59526,0.125254,-5.60657,-10.1853,-10.43,-13.2832,-13.3636,-16.3857,-22.4021,-19.8968,-21.3077,-23.7294,-23.1687,-25.243,-24.9563,-26.1796,-26.2928,-26.8023,-28.022,-27.3219,-28.6127,-28.8815,-28.9128,-27.4343,-28.4122,-27.4888,-26.5313,-22.5368,-20.0797,-19.8146,-25.5744,-28.0251,-29.5954,-30.555,-30.0447,-28.9581,-28.1136,-26.4447,-30.1954
6.63631,3.45837,-2.50332,-8.14524,-10.0802,-11.8392,-14.3217,-15.3196,-18.0969,-21.3768,-21.4627,-22.0036,-23.8013,-24.4191,-26.3253,-27.6803,-28.4094,-29.792,-29.1392,-29.381,-29.4801,-32.0876,-32.298,-31.9295,-32.0348,-31.9325,-31.9688,-31.9897,-31.5346,-27.3959,-28.8991,-32.4463,-34.2204,-36.1818,-37.0658,-36.8209,-35.4009,-34.9107,-33.2476,-36.322
9.30375,8.3561,0.304321,-3.00789,-8.75128,-11.3629,-15.4854,-16.3282,-19.1023,-17.0716,-20.4307,-20.1631,-21.0603,-22.9518,-24.2804,-26.991,-25.9997,-26.7684,-25.8169,-25.8787,-26.732,-30.9393,-29.0356,-28.3054,-28.8684,-28.944,-29.5112,-28.9027,-26.2851,-21.1517,-20.9635,-27.7899,-30.8212,-32.4683,-32.1255,-33.3471,-32.4832,-29.9114,-27.5555,-30.6468
11.1645,8.51212,-3.23302,-4.43885,-12.8614,-14.0779,-19.2655,-20.2473,-22.4079,-17.5769,-22.7422,-23.3169,-23.7447,-23.4595,-27.6728,-27.9224,-26.1952,-27.0282,-27.8913,-27.274,-28.7379,-31.1627,-28.4056,-27.1235,-27.4839,-28.4012,-27.7625,-26.206,-24.2856,-18.882,-18.3274,-25.4775,-28.9256,-29.6575,-29.2114,-29.3828,-29.1732,-27.1315,-24.8178,-28.116
7.95335,6.21861,-5.09282,-7.37483,-14.4108,-18.5328,-20.7328,-22.8397,-21.4743,-18.3542,-28.1894,-28.8873,-28.0157,-28.3937,-31.595,-31.0151,-29.3809,-31.1596,-32.9372,-31.5335,-31.3759,-32.7135,-30.83,-28.774,-28.9131,-29.7273,-28.7798,-26.835,-25.9328,-21.4899,-20.622,-27.5057,-30.5523,-30.9101,-30.6557,-31.2708,-30.7223,-29.0698,-25.6135,-29.0297
-1.40484,-2.22845,-8.43321,-14.9555,-22.6192,-26.6532,-26.2795,-24.7111,-25.9102,-26.4984,-35.9905,-33.8062,-34.0937,-36.1925,-35.5935,-37.1349,-36.8944,-38.9281,-37.8171,-37.4451,-37.2042,-37.623,-37.4917,-36.7086,-34.3109,-34.9936,-35.1645,-32.3678,-33.1371,-29.3419,-28.9192,-34.9132,-36.2207,-36.4849,-36.3915,-38.3383,-37.4426,-36.1738,-31.6532,-35.3846
1.10536,-4.16267,-7.86744,-10.5155,-24.5702,-21.3149,-19.4843,-17.1128,-20.2163,-22.6178,-30.1725,-27.6412,-28.0605,-30.7748,-28.0532,-33.1258,-32.2016,-33.7225,-30.8277,-30.2575,-32.3188,-33.3625,-32.4683,-33.2665,-29.2864,-30.116,-31.2203,-29.911,-28.6397,-26.1185,-26.3514,-29.4124,-33.4492,-33.8355,-33.0367,-32.1804,-31.0563,-30.3025,-27.0663,-31.078
6.62534,3.47623,-0.453126,-5.66106,-17.8611,-14.921,-15.2961,-16.4255,-17.6218,-20.3622,-25.3095,-25.7,-23.7444,-27.7522,-25.1021,-27.8981,-28.324,-29.8892,-28.0243,-28.8047,-29.4926,-30.9892,-28.1449,-28.2445,-27.8615,-28.5481,-29.8197,-28.3614,-24.482,-21.46,-22.1692,-26.6475,-31.0212,-31.5554,-30.681,-30.1005,-28.3317,-27.0587,-24.9288,-28.1057
7.09743,4.18928,0.657313,-7.64026,-10.1439,-10.2922,-15.7511,-15.8943,-17.955,-19.1619,-20.573,-22.5487,-20.4983,-21.8544,-23.7598,-23.3324,-24.2952,-27.1561,-26.5348,-28.6254,-29.1431,-28.2708,-27.1253,-28.2906,-27.7815,-28.048,-29.3784,-28.8364,-23.6466,-21.4072,-23.158,-26.6132,-31.1495,-32.2025,-31.3376,-31.085,-29.9779,-28.6185,-27.0242,-29.4374
2.66679,0.460606,-3.4381,-9.47429,-10.9725,-12.3108,-16.5821,-17.6783,-18.2633,-19.1583,-21.4789,-23.0823,-22.4493,-23.3203,-25.6003,-25.2232,-26.3747,-28.9997,-29.8429,-31.2579,-31.8329,-30.92,-31.4073,-32.3202,-31.4744,-32.5926,-33.5925,-33.8749,-29.1604,-27.1718,-28.4818,-32.1114,-36.1727,-36.5962,-36.1779,-36.0864,-35.7266,-35.0992,-32.7315,-35.7113
10.3718,5.0311,-4.23168,-4.32228,-11.0871,-10.9623,-11.9738,-17.432,-15.1054,-15.3232,-20.931,-21.0627,-21.8788,-23.5364,-23.9191,-24.8487,-24.9059,-27.3598,-29.7555,-28.4983,-28.341,-29.0496,-29.1908,-30.6862,-30.5992,-29.6643,-29.5589,-30.6664,-27.589,-23.6126,-22.9593,-27.2674,-31.4883,-31.2368,-31.6655,-31.931,-32.782,-31.0905,-27.2069,-30.4791
14.606,5.77136,-4.90485,-4.95463,-14.5728,-13.7114,-13.2081,-18.9092,-17.8114,-19.0794,-25.0951,-23.8367,-23.7639,-26.7568,-24.9897,-27.1464,-27.3852,-27.8143,-29.0236,-28.5441,-28.8894,-29.5755,-29.7114,-30.4127,-28.8468,-28.0538,-27.9128,-27.7476,-25.479,-21.6228,-20.911,-24.5928,-28.0765,-30.0862,-30.17,-30.3973,-29.8903,-28.234,-24.7529,-28.6545
12.1466,2.51108,-7.935,-9.76662,-19.5793,-14.9833,-16.6488,-18.6653,-17.6712,-24.4248,-27.8903,-26.3894,-26.9736,-29.8115,-26.5785,-27.4981,-30.9331,-28.8272,-29.7621,-29.7021,-32.8845,-33.046,-33.4893,-31.5203,-29.3365,-29.0931,-29.3655,-30.5591,-26.2183,-21.8754,-22.0146,-26.1784,-29.0942,-32.5103,-31.8301,-32.0628,-30.3823,-29.0339,-25.4542,-30.0982
2.0585,-5.54127,-14.7131,-20.3393,-29.4231,-20.8144,-20.9623,-23.2013,-24.0569,-30.6407,-33.7472,-30.7747,-32.9972,-35.311,-32.1884,-32.1596,-36.1918,-33.9331,-36.0848,-35.294,-38.3394,-38.0156,-37.9876,-37.352,-34.9916,-34.4459,-34.7023,-36.0038,-32.5667,-26.954,-27.0978,-32.7813,-35.8739,-37.6389,-37.7863,-37.6595,-36.5925,-35.7739,-31.3008,-34.7968
6.67595,-0.707135,-8.89868,-19.1819,-19.2634,-13.4688,-13.5681,-17.9713,-26.4911,-29.9459,-29.5748,-27.8054,-32.5423,-32.0468,-34.516,-29.249,-29.7951,-28.8339,-34.9319,-32.6179,-32.9566,-30.7648,-31.36,-32.1024,-30.3614,-30.413,-28.6247,-27.2712,-24.1793,-23.2074,-23.1549,-26.0967,-30.9097,-31.5496,-32.317,-32.4976,-31.3548,-31.1694,-27.8333,-30.5287
11.1249,3.64508,-2.05137,-12.4357,-13.0628,-12.6866,-14.8163,-17.7106,-21.064,-22.2485,-23.9147,-26.0104,-28.0868,-27.6457,-28.0047,-26.2834,-27.9395,-26.9747,-29.8654,-28.9044,-29.4872,-27.6443,-27.8078,-29.1864,-28.1172,-28.1083,-26.252,-22.3451,-19.997,-19.0153,-19.9406,-23.9868,-28.5437,-28.8654,-29.7075,-29.4582,-29.49,-27.396,-24.0702,-27.7375
8.28013,2.5802,-4.87523,-11.5827,-12.934,-12.4188,-19.634,-21.5788,-16.2348,-17.6882,-21.1877,-28.2973,-28.8751,-23.9246,-25.1388,-25.4429,-28.9268,-27.2447,-29.3672,-30.9816,-29.9626,-28.979,-29.6636,-30.6003,-30.7339,-29.7812,-27.7024,-24.2137,-21.8224,-20.5002,-20.122,-24.1504,-29.5165,-30.343,-30.679,-29.5828,-30.226,-27.397,-25.5214,-28.4581
-0.922545,-4.00079,-11.9872,-16.2887,-17.5343,-17.515,-27.2512,-24.6502,-19.9826,-20.5637,-24.8769,-32.8428,-34.9734,-29.1369,-29.4346,-28.4107,-31.4892,-30.9262,-33.4194,-35.2234,-35.4721,-35.2647,-35.8288,-35.8715,-36.6881,-34.7127,-32.7362,-32.1927,-28.1792,-26.5499,-25.5274,-28.4607,-36.3996,-36.7268,-35.7472,-35.374,-35.4758,-33.3483,-32.3691,-34.5122
3.32763,-1.25523,-8.8851,-11.1179,-13.7725,-11.7952,-21.4057,-16.1761,-19.3871,-21.603,-26.6949,-29.1787,-29.0684,-29.7003,-27.4448,-25.7014,-28.3599,-29.5321,-29.8069,-28.8165,-32.2256,-32.044,-31.771,-33.1506,-31.5906,-30.2074,-28.591,-26.5386,-23.8009,-19.3478,-19.8985,-25.1148,-32.2632,-30.7033,-30.7164,-31.3806,-31.4417,-29.8327,-26.5139,-29.4789
6.20655,-1.96876,-6.34405,-8.18974,-12.3917,-12.2517,-21.2096,-14.1121,-17.7168,-25.5069,-27.7812,-27.3278,-24.2778,-25.8272,-27.0535,-26.7019,-26.4748,-27.0731,-28.0174,-27.7287,-28.3403,-28.9029,-29.7119,-32.0963,-30.1011,-28.4109,-27.1587,-23.5105,-20.5252,-15.1608,-16.7939,-21.7548,-28.188,-28.3017,-28.4629,-28.5968,-27.7286,-26.6839,-23.281,-25.5806
3.93497,-4.58758,-5.49573,-11.7827,-13.3465,-18.5545,-23.0715,-19.671,-20.3584,-27.8663,-26.8315,-29.0908,-26.419,-27.6297,-28.0703,-30.2216,-25.9424,-26.5428,-28.8842,-29.8652,-28.5257,-30.0763,-29.9765,-32.5942,-29.4178,-27.8186,-28.7268,-25.111,-20.3139,-16.4157,-15.8155,-22.2176,-27.5398,-29.4395,-29.3357,-29.9487,-28.6191,-28.0442,-25.145,-27.4328
-5.15667,-10.6213,-11.9031,-16.9026,-21.4537,-24.7497,-27.8758,-32.2792,-25.5845,-27.1489,-32.8245,-33.7533,-33.879,-35.6508,-34.8273,-35.9049,-33.2529,-32.9744,-35.1278,-35.5887,-35.2034,-37.2274,-36.9429,-38.3634,-35.4375,-33.5805,-34.3387,-31.1994,-27.172,-23.8551,-21.6697,-28.869,-33.1078,-35.7427,-35.3608,-36.3338,-36.5717,-34.6227,-31.2861,-33.9356
-16.6606,-9.59268,-13.1848,-13.6858,-15.4057,-15.4124,-19.7816,-20.5218,-16.2323,-19.0018,-26.9306,-27.0569,-27.925,-29.7704,-29.7902,-27.9916,-32.9636,-28.6305,-33.3923,-29.0509,-31.4626,-34.3433,-32.0618,-33.083,-30.5823,-29.5308,-27.9842,-24.9143,-22.2932,-17.8051,-16.2523,-24.8709,-29.3209,-31.8728,-31.618,-32.2842,-31.6835,-30.6478,-26.342,-27.9281
-1.57147,-2.21169,-8.43316,-10.7012,-12.3558,-12.369,-16.2212,-14.0792,-15.2927,-17.9269,-21.7302,-25.5523,-24.7825,-26.2344,-26.1317,-26.5963,-28.1976,-26.4273,-29.964,-26.1702,-29.2193,-29.3774,-28.3667,-30.3777,-26.8164,-25.9362,-25.251,-22.3043,-18.5064,-14.6321,-12.6687,-20.586,-26.3513,-29.0334,-28.0299,-28.2775,-27.8361,-27.3493,-24.344,-25.5421
1.19652,-4.36368,-8.13017,-12.4008,-18.3092,-15.3129,-17.6565,-15.5377,-19.2352,-21.2487,-21.4492,-25.9976,-26.393,-26.5199,-28.6697,-31.2535,-28.1738,-27.5758,-29.8452,-27.8565,-32.2162,-30.4174,-31.2021,-30.9951,-28.1228,-28.027,-27.1119,-22.1908,-20.6745,-14.2676,-13.9995,-20.8199,-24.9796,-28.24,-30.3936,-29.0088,-27.198,-27.3817,-25.8598,-28.02
-5.85462,-11.612,-11.8547,-15.2672,-21.7363,-22.589,-22.6129,-23.9475,-28.106,-31.9843,-27.9013,-31.4464,-32.8428,-31.9657,-35.3878,-38.1977,-33.9911,-33.5335,-35.43,-34.8068,-37.4804,-37.3318,-37.8288,-35.2763,-34.1303,-35.7911,-33.3376,-27.1033,-28.1346,-20.4325,-20.6237,-26.1193,-30.0425,-33.1335,-37.759,-35.918,-32.8265,-33.2087,-31.9068,-34.7217
3.57967,-3.62696,-3.44364,-7.21105,-14.2265,-16.5811,-18.5555,-23.7597,-20.5035,-23.0626,-29.7252,-27.9069,-26.4399,-32.5254,-30.1622,-30.6697,-29.3606,-30.4177,-32.397,-30.7006,-30.4841,-29.8915,-30.7817,-30.2799,-29.3085,-31.1236,-31.1002,-25.3471,-21.6903,-17.8145,-17.3276,-23.556,-27.7331,-30.2866,-32.1828,-30.0855,-32.6265,-29.9573,-27.4789,-28.9103
10.174,2.77979,-3.75177,-7.49007,-12.4563,-12.275,-14.7742,-20.823,-17.0524,-18.8988,-26.9802,-25.9791,-23.808,-26.4861,-27.6635,-28.4893,-26.9093,-27.2723,-29.4883,-28.558,-29.2538,-28.5154,-27.1665,-27.3076,-26.162,-27.3438,-27.5183,-24.3437,-20.1605,-17.0975,-16.5307,-21.2721,-26.1905,-28.0864,-29.3021,-28.1008,-29.5811,-27.7501,-25.4031,-27.5864
10.273,5.30424,-3.41337,-7.81869,-8.65041,-9.88785,-14.4233,-18.0022,-16.7162,-20.8909,-21.3582,-23.0273,-22.5212,-23.8464,-23.9506,-24.7015,-25.8815,-28.0168,-30.576,-27.1891,-27.8217,-28.5801,-28.5609,-27.5132,-27.2333,-27.9505,-28.9248,-27.2374,-23.9197,-19.5169,-18.6999,-22.9747,-29.8356,-30.9149,-31.1514,-30.5987,-29.0961,-28.9649,-26.5237,-29.8659
4.42289,1.48708,-3.89775,-9.07576,-10.2863,-13.0748,-18.0432,-20.316,-19.8397,-22.5734,-22.1404,-23.3737,-24.2992,-25.3935,-25.5218,-26.5011,-29.5615,-31.2892,-31.4585,-29.8852,-29.7176,-31.4721,-32.4941,-31.8204,-33.1393,-32.3932,-34.643,-34.5922,-31.7555,-26.0348,-26.2719,-30.085,-35.1008,-36.4079,-36.9799,-36.1983,-34.8594,-34.8197,-32.9212,-35.9377
12.5603,8.25056,-1.99523,-7.93406,-8.29033,-13.5067,-15.9197,-22.2511,-20.873,-18.8761,-19.9928,-20.6756,-23.1512,-22.2517,-23.3039,-25.4013,-27.4718,-28.2752,-25.7358,-26.9814,-28.0234,-29.7728,-28.1809,-27.5407,-29.0062,-28.1431,-29.4161,-30.7631,-26.5511,-20.3526,-21.8377,-26.2005,-28.1109,-31.2878,-33.117,-31.0753,-31.7991,-28.8054,-27.5828,-31.1721
15.5797,8.9354,-5.99042,-8.6594,-11.2259,-11.006,-12.1295,-24.1866,-21.0966,-20.2944,-22.0976,-24.8264,-24.9964,-23.9625,-23.8139,-26.2043,-27.1019,-29.3018,-27.6755,-27.0329,-28.1013,-29.5916,-29.2256,-27.8164,-28.167,-27.449,-28.1899,-27.6577,-24.1053,-18.9395,-19.2286,-24.7216,-27.4398,-29.9875,-30.0819,-28.6461,-29.2354,-26.5864,-24.7758,-28.2146
11.8659,2.57791,-7.18659,-12.0588,-21.4703,-13.9921,-15.4076,-23.1566,-19.9835,-26.5591,-24.8172,-26.7033,-28.4031,-25.8787,-26.9511,-28.1837,-27.6678,-30.8709,-30.9016,-29.3468,-29.9762,-32.5032,-33.0608,-29.9268,-28.8334,-29.4123,-30.3484,-29.7198,-26.313,-22.3156,-20.8108,-27.5899,-31.4223,-32.3536,-31.5007,-30.2738,-30.7232,-28.4996,-25.4119,-29.2686
2.84283,-4.19512,-10.9235,-18.8965,-22.7329,-23.9582,-25.4787,-28.2096,-26.4542,-32.3936,-29.7249,-30.282,-33.4542,-32.8891,-33.5478,-35.2148,-32.6394,-36.7047,-35.359,-34.0771,-36.201,-39.4631,-39.4598,-37.6388,-34.2511,-36.6834,-36.1618,-35.5724,-32.2276,-28.0414,-27.9913,-34.4784,-37.8445,-38.1683,-38.1054,-37.3594,-37.5618,-35.5406,-32.1117,-35.4881
11.4587,3.4753,-5.94019,-17.0849,-14.835,-16.8691,-19.9391,-22.6153,-28.2693,-30.4548,-32.5185,-26.4545,-25.1427,-27.6572,-28.0773,-28.9417,-27.8743,-31.709,-31.247,-29.9272,-31.8074,-35.2444,-34.5311,-35.954,-31.0588,-33.2866,-30.6851,-30.6165,-28.0512,-23.9615,-24.8624,-29.9378,-31.8389,-31.1467,-31.8739,-32.0012,-32.8598,-32.9313,-27.5804,-32.2319
14.2803,7.25153,-1.71871,-11.5104,-16.1778,-15.1417,-17.8573,-15.7749,-22.0706,-24.6368,-27.4053,-24.2929,-23.1604,-24.6072,-26.9673,-27.8392,-25.5296,-29.4642,-28.5678,-31.5397,-29.56,-32.3514,-29.3356,-32.6246,-28.1427,-27.7898,-27.9389,-29.6292,-26.832,-21.1192,-21.0099,-26.5375,-28.601,-29.6163,-29.7677,-29.7629,-29.2333,-29.2792,-25.2338,-29.4962
8.28187,3.8832,-3.45182,-6.44964,-14.0583,-11.3714,-15.3916,-18.5421,-22.5535,-27.875,-27.0808,-29.3705,-28.5816,-27.3954,-30.259,-29.0674,-27.2039,-30.9452,-28.8104,-34.1681,-33.6656,-34.1914,-30.0872,-33.1875,-28.4792,-27.7526,-28.8786,-30.6803,-26.7853,-21.297,-21.5095,-28.034,-31.5284,-31.0258,-31.2642,-31.7062,-30.1143,-29.8112,-27.3292,-30.6466
-4.14478,-7.90973,-10.7622,-11.3734,-15.9609,-14.574,-18.241,-25.2512,-28.0835,-31.6829,-31.6681,-36.3421,-36.919,-34.4189,-35.5282,-32.4112,-33.3143,-37.1803,-34.3068,-39.8208,-43.5022,-40.5438,-38.3013,-38.9795,-34.1096,-34.8586,-35.71,-35.8578,-32.3649,-26.874,-28.0936,-34.8612,-40.0857,-37.4712,-37.4028,-37.7003,-36.7429,-36.264,-34.0833,-36.2854
9.09349,4.76079,-8.37854,-14.9537,-17.3736,-10.1908,-12.4027,-21.2266,-22.7386,-24.4225,-26.6299,-28.6456,-31.1839,-29.2098,-30.8118,-28.9335,-29.4741,-32.9739,-32.7129,-34.6824,-32.93,-31.9757,-34.5786,-33.8206,-33.0731,-31.1232,-31.1938,-30.1379,-28.4659,-23.1458,-23.8593,-29.9558,-34.0166,-35.5498,-32.9496,-32.2529,-31.8278,-30.1374,-26.7001,-30.2014
12.8358,7.68421,-3.92871,-8.99579,-15.6715,-9.79641,-12.5359,-22.4651,-22.8937,-23.5311,-24.83,-23.8582,-29.5516,-27.3925,-27.6608,-27.6158,-27.3035,-28.4696,-29.5638,-30.0823,-28.8346,-28.839,-30.5971,-29.818,-30.1649,-28.582,-28.7208,-28.1192,-26.659,-22.4323,-23.1893,-28.1258,-30.2001,-30.1929,-29.747,-30.087,-29.7635,-27.7642,-24.6737,-27.8302
10.6594,2.34796,-3.44883,-8.82505,-13.5241,-11.9524,-12.4004,-19.8474,-18.3195,-20.3141,-25.4173,-24.5791,-27.2892,-27.2826,-25.6866,-26.1125,-25.8841,-27.7624,-28.8344,-29.9555,-31.4821,-31.2501,-30.096,-31.631,-30.5656,-28.12,-28.3203,-28.3126,-28.7133,-25.5923,-24.7454,-27.8003,-29.4234,-30.6705,-30.9335,-32.0754,-32.3714,-29.491,-26.8037,-29.642
2.40698,-3.75063,-7.45467,-13.9809,-16.0098,-15.9263,-14.7142,-18.5729,-20.5124,-23.0337,-25.8878,-26.5273,-29.1094,-29.2322,-28.3115,-28.4579,-28.1758,-30.6,-31.496,-32.5065,-36.7931,-37.0397,-35.3448,-36.987,-34.4441,-33.7672,-34.5633,-33.6318,-33.571,-30.603,-29.2799,-32.124,-34.3519,-37.0574,-36.8302,-37.7166,-38.4179,-35.2181,-32.1909,-35.8668
4.93559,-2.60859,-2.57772,-9.65848,-17.729,-17.6267,-11.7977,-13.6247,-20.7033,-21.1536,-21.3549,-22.9173,-26.632,-26.4623,-28.1484,-27.5773,-27.3467,-29.7607,-29.1992,-28.0246,-30.9844,-31.9321,-31.189,-32.5611,-30.6535,-31.5842,-30.5703,-30.1404,-27.9498,-24.4855,-23.6164,-30.3148,-31.3864,-32.2477,-31.3194,-32.4892,-32.9598,-30.7453,-27.4494,-30.1402
9.52228,1.31428,-2.82507,-10.7749,-19.8973,-17.3079,-13.0737,-14.8306,-20.0905,-19.5396,-21.2976,-26.3602,-27.2822,-25.9393,-28.675,-27.1902,-28.598,-28.1372,-30.1341,-30.2522,-31.0364,-29.064,-29.693,-29.8399,-28.4632,-29.8392,-28.1603,-28.5797,-26.9638,-22.951,-21.7661,-28.6396,-29.1406,-29.5293,-29.9438,-30.7408,-28.9888,-27.3905,-25.5555,-28.3125
7.27814,4.33006,-4.30652,-10.4608,-18.1224,-15.5511,-14.6866,-18.4874,-20.81,-21.2866,-21.0539,-25.7857,-25.9749,-25.4629,-25.9827,-25.4697,-30.1024,-28.148,-30.3367,-31.8163,-32.2286,-29.1846,-30.3292,-29.5239,-29.8631,-30.3504,-29.4652,-30.4758,-29.8056,-26.1108,-25.9406,-31.5253,-32.523,-32.0838,-31.7609,-32.5242,-29.4043,-28.3688,-25.5428,-29.7159
-1.02461,-2.15284,-8.73175,-12.1251,-15.79,-17.3794,-22.2137,-23.2833,-22.6465,-24.3893,-25.1944,-27.6222,-27.7586,-28.9632,-29.1351,-28.6849,-31.8928,-33.3593,-34.663,-34.4972,-35.2824,-33.2351,-34.606,-35.3321,-34.9332,-34.7233,-35.7368,-35.7636,-34.9871,-32.762,-33.6401,-37.8078,-39.7744,-39.1677,-37.3393,-37.1279,-35.993,-34.6203,-31.0873,-35.8922
8.6518,2.99829,-6.16189,-5.44602,-11.5714,-11.5361,-18.462,-22.3969,-19.545,-21.5798,-24.1079,-28.3006,-25.4923,-26.2497,-27.0774,-27.0937,-25.6922,-26.8722,-30.3921,-30.4782,-29.9465,-30.978,-30.8781,-33.9838,-30.8815,-30.182,-33.2737,-30.1082,-29.7943,-27.2964,-26.3221,-31.169,-35.5531,-34.6346,-32.6676,-30.6606,-32.0931,-30.479,-27.4913,-32.277
13.8561,4.65859,-6.98299,-7.12175,-11.9358,-11.4084,-15.6911,-20.9309,-19.9578,-21.4115,-22.0034,-24.5676,-25.2117,-25.6894,-24.0524,-24.4178,-26.6533,-24.915,-26.9549,-30.0793,-28.1252,-27.2535,-28.6118,-30.0165,-27.3656,-28.2554,-28.6502,-27.6459,-26.9185,-24.5571,-24.3728,-28.3624,-31.4248,-30.8854,-30.5953,-29.0883,-29.1532,-28.0397,-23.8947,-28.6109
12.8831,4.22766,-2.85756,-9.85353,-11.6577,-13.7152,-14.2564,-17.7921,-20.3049,-20.0468,-20.1491,-22.2261,-22.5311,-27.5876,-26.6902,-26.4817,-29.7432,-26.8982,-28.6297,-29.3444,-28.8673,-29.3752,-29.6556,-30.4575,-26.5519,-28.5256,-27.9911,-30.2425,-28.6262,-26.3757,-26.8018,-28.717,-31.3577,-31.2064,-31.313,-30.5495,-29.006,-28.4898,-25.0273,-30.6706
4.30056,-0.264501,-6.10101,-10.7724,-13.9546,-16.9826,-18.3467,-19.4649,-22.1022,-23.538,-24.4732,-25.0848,-24.8714,-30.0693,-32.0816,-31.6612,-33.6025,-31.4071,-32.4059,-31.6041,-33.5951,-33.3074,-33.365,-35.9927,-31.6964,-33.2366,-32.7904,-36.3771,-34.5349,-32.164,-31.3286,-33.4461,-36.3684,-36.4694,-37.1411,-35.8246,-34.93,-34.8457,-32.3063,-36.4997
5.19359,-2.12869,-2.25337,-5.51349,-12.7714,-14.4866,-17.8237,-18.6819,-19.9437,-20.6533,-25.8407,-26.9482,-25.9929,-27.143,-28.4801,-30.7557,-33.0237,-30.7156,-29.7952,-28.4005,-30.6937,-29.2803,-30.1539,-32.7811,-31.3903,-30.762,-31.9582,-32.0254,-29.431,-25.133,-23.9452,-28.7235,-31.756,-33.4419,-34.2581,-31.6065,-31.9238,-31.0903,-28.6359,-29.6478
8.00839,1.37789,-0.801078,-3.27558,-12.1327,-14.6451,-14.6703,-19.9017,-18.2982,-16.7139,-24.2592,-25.1609,-26.0869,-25.3516,-26.8915,-29.3265,-29.2564,-30.1795,-30.411,-27.1015,-28.2325,-29.2202,-28.6521,-29.7261,-29.2192,-29.7419,-29.3978,-27.5984,-25.8767,-21.4593,-20.1203,-25.9168,-29.154,-30.4595,-31.3378,-30.1165,-29.3126,-28.1632,-24.7615,-26.7116
7.22108,2.72155,-4.86098,-3.84722,-12.3405,-16.3436,-13.1728,-16.6965,-16.816,-18.0722,-23.1507,-25.1798,-26.3038,-27.4704,-28.1733,-30.0618,-29.0916,-31.4578,-30.7544,-27.6982,-27.7202,-30.3581,-30.4541,-29.9042,-29.3545,-29.7064,-29.8234,-28.4974,-26.2485,-21.5367,-20.8484,-26.6878,-30.6635,-31.1618,-31.7511,-31.2115,-30.2605,-29.5487,-24.671,-27.8021
0.282086,-3.5282,-11.2471,-11.422,-14.621,-19.1562,-17.3394,-18.2739,-21.5377,-26.2681,-27.2357,-30.8805,-29.5381,-30.7675,-32.3599,-33.1435,-34.5504,-35.4227,-33.6318,-33.5046,-33.1158,-35.8756,-36.7018,-34.4571,-35.8744,-34.7307,-33.4768,-33.0828,-32.2771,-29.0958,-29.5415,-32.6969,-36.0886,-36.7768,-37.6461,-37.6477,-36.5565,-35.4823,-30.7747,-34.6262
0.573593,-1.69769,-5.36256,-7.11172,-11.106,-14.4147,-12.2178,-17.0135,-21.9917,-29.8471,-26.7764,-28.5739,-27.2698,-26.8034,-28.9346,-29.4932,-29.622,-28.6614,-28.7467,-30.6115,-33.2609,-31.5013,-32.5738,-30.4646,-30.8153,-29.7526,-29.0741,-28.4795,-26.7461,-24.4019,-23.7977,-29.8905,-29.8639,-31.9517,-33.3139,-31.6296,-31.5617,-31.0003,-28.4052,-31.6745
2.23705,-0.934855,-3.00885,-4.73383,-14.3173,-15.1036,-11.4228,-16.8135,-21.2383,-25.7546,-23.5135,-24.2394,-27.0397,-25.8975,-27.2503,-30.83,-27.5765,-26.8353,-27.1296,-28.386,-30.7155,-30.4272,-30.9223,-28.8759,-26.9344,-27.2583,-27.7357,-26.8956,-21.9339,-19.8718,-19.2887,-25.2572,-27.4275,-29.6862,-29.4162,-28.5767,-28.7093,-27.7835,-25.2642,-29.1128
-5.8086,-4.11916,-5.39023,-11.0694,-24.9165,-20.3714,-15.4382,-18.5296,-23.5666,-23.1035,-23.6865,-23.9851,-27.6162,-27.769,-28.0618,-31.7656,-28.0856,-28.0445,-29.3835,-31.3044,-31.1978,-32.3435,-33.496,-32.1126,-27.3297,-28.7988,-30.3355,-26.5886,-21.958,-19.1382,-19.8192,-24.4987,-28.5326,-30.1096,-30.6321,-31.0752,-30.5464,-28.0769,-24.9024,-28.941
-5.12595,-5.86007,-10.7016,-14.0888,-17.6484,-22.8771,-24.4286,-26.2581,-27.0942,-24.9746,-27.0633,-28.6417,-32.2744,-33.2224,-32.9207,-34.1258,-33.1351,-34.0406,-35.3532,-37.6375,-36.7818,-35.7909,-37.5201,-38.3954,-33.6609,-35.1084,-37.2765,-32.3164,-29.2462,-24.7073,-26.0681,-31.1239,-34.873,-35.5601,-37.4175,-37.2177,-35.9788,-34.0388,-30.8758,-35.4996
3.80587,3.73637,-1.34657,-5.19429,-10.4223,-16.7139,-19.5736,-22.819,-24.8646,-20.8095,-24.0834,-25.7268,-27.4082,-27.3938,-28.1254,-30.096,-29.3061,-31.0539,-29.383,-32.031,-33.4991,-30.5932,-30.2964,-31.2082,-29.7239,-31.5706,-33.2342,-27.727,-24.9409,-20.8159,-23.2131,-27.6717,-29.6989,-31.871,-32.0331,-31.1273,-30.8055,-29.9154,-27.5981,-31.9046
3.46457,3.75065,0.750327,-5.74606,-14.0681,-17.618,-16.0626,-16.4965,-18.6935,-18.7107,-23.8604,-27.4678,-27.2281,-27.6887,-24.5004,-26.9402,-25.0154,-28.3378,-26.9661,-29.4229,-29.4475,-28.2467,-29.264,-29.3561,-27.4397,-27.7817,-29.3257,-27.1197,-23.4287,-17.85,-18.8589,-23.6404,-27.2788,-29.8641,-29.4743,-29.3539,-29.1517,-27.1603,-24.1221,-27.3739
0.198223,0.373446,-0.859343,-10.2117,-17.1806,-13.4042,-14.7282,-14.6889,-20.6822,-21.5834,-25.1922,-27.1876,-29.574,-27.0768,-26.2289,-26.9415,-25.9691,-30.2266,-29.3944,-31.1286,-31.1116,-30.2901,-31.2144,-30.8386,-30.4201,-29.4384,-30.6126,-29.2447,-25.5357,-19.6766,-18.5992,-24.4211,-29.671,-31.4081,-31.6506,-30.5333,-30.3381,-28.5038,-25.6018,-27.7785
-7.52076,-10.2843,-7.27346,-11.7227,-15.2404,-15.4866,-19.2941,-21.1456,-28.6554,-30.9687,-27.9413,-28.8469,-31.825,-30.078,-30.7325,-31.0988,-31.7077,-35.5902,-33.9047,-34.505,-35.3344,-36.8089,-36.1022,-36.5678,-36.6517,-34.7115,-35.5931,-34.1943,-31.0602,-27.5615,-25.1572,-31.2364,-36.4352,-38.1992,-37.6468,-36.882,-36.3274,-35.4507,-32.164,-34.0771
-2.57865,-3.37269,-2.11282,-6.83091,-9.51842,-12.7416,-22.9483,-20.6776,-21.9234,-30.1306,-24.6081,-26.6971,-28.6481,-27.4413,-27.3726,-28.7972,-30.5541,-30.3294,-28.1597,-29.4454,-31.3739,-33.7922,-33.3037,-31.201,-29.3434,-28.0622,-27.3518,-28.2256,-25.7242,-21.462,-21.8883,-23.8832,-28.8996,-31.7398,-32.8422,-32.434,-32.645,-29.376,-26.0114,-28.989
5.35838,0.944214,-0.636307,-5.91954,-8.85956,-12.7388,-18.6425,-20.5895,-22.0781,-27.3406,-26.0453,-29.2785,-28.0118,-26.9033,-28.6264,-29.0964,-29.7341,-27.9006,-27.0908,-27.9271,-29.929,-31.7862,-29.7498,-28.665,-28.3867,-26.3241,-24.5172,-25.9316,-23.0066,-17.4726,-18.6224,-22.3561,-26.4729,-29.6846,-29.68,-28.9608,-28.9239,-25.5873,-22.3795,-27.5002
5.33954,0.248492,-1.14906,-3.24451,-12.158,-17.1681,-19.0577,-19.2193,-20.9627,-25.6354,-26.0421,-32.7899,-27.8018,-30.3437,-33.5022,-30.4914,-29.8768,-29.6223,-29.2706,-29.6716,-30.2489,-32.1562,-29.6027,-30.8071,-30.4033,-28.8832,-26.994,-28.6699,-25.3135,-17.8875,-19.2215,-24.3695,-28.3556,-31.1801,-30.3864,-29.8677,-29.5398,-27.0144,-25.4099,-29.0618
-1.86718,-6.67387,-7.70005,-9.31485,-17.8037,-25.7677,-27.9418,-24.9072,-26.3593,-30.3738,-30.2711,-35.9454,-34.9698,-37.142,-36.2495,-34.8885,-36.775,-37.3114,-35.3697,-36.409,-35.5553,-38.1769,-35.8123,-36.7936,-36.3054,-35.7946,-34.3672,-34.4001,-30.6263,-24.6556,-25.2803,-29.82,-33.31,-36.5683,-37.1445,-37.6113,-36.1086,-33.3439,-33.4104,-35.9568
8.29896,4.54985,-7.62186,-14.7174,-23.2854,-19.6245,-26.7027,-25.1424,-28.5919,-27.2054,-30.5843,-27.6699,-30.8522,-29.9849,-29.5625,-30.0286,-32.9429,-33.8402,-35.2414,-34.4616,-31.5584,-32.9293,-34.0326,-31.9891,-30.5166,-29.8125,-29.7616,-29.6644,-24.9483,-20.2382,-22.6054,-26.5659,-27.892,-32.2697,-33.2892,-33.5449,-33.1308,-28.8818,-26.7323,-30.7236
12.6411,7.4488,-2.10674,-7.52662,-18.4966,-14.2085,-17.9482,-18.2556,-22.1221,-20.0205,-24.0154,-25.4076,-26.2592,-26.3712,-28.0417,-27.7743,-28.4115,-28.8916,-31.74,-29.9073,-29.8538,-29.8856,-29.7985,-29.9306,-28.496,-28.0497,-28.4261,-28.0451,-23.6843,-17.8645,-19.5972,-25.3288,-27.233,-29.613,-30.6826,-30.3827,-30.5488,-27.2456,-24.3607,-27.6739
10.8309,3.79328,-4.70437,-6.11478,-15.7851,-12.6502,-14.8637,-16.9048,-20.3541,-20.5449,-23.14,-25.4107,-28.5562,-24.9618,-26.6386,-28.7941,-29.3205,-28.9298,-32.5006,-30.6387,-30.6029,-32.4939,-31.7681,-30.9871,-31.2495,-28.4832,-30.2901,-29.4454,-25.1819,-20.0319,-21.2854,-26.8743,-29.8094,-30.7419,-31.336,-31.1815,-31.8436,-29.7177,-26.0449,-29.8876
2.25212,-4.66081,-9.32192,-10.8133,-16.3708,-16.7621,-18.8506,-20.9491,-24.9969,-27.4145,-27.8544,-28.8494,-33.2891,-28.3381,-29.6278,-31.9155,-31.6092,-32.3882,-36.2037,-35.0875,-35.1398,-36.3526,-36.7766,-37.0093,-38.1654,-34.2756,-36.8597,-35.8852,-32.7426,-28.8298,-30.2985,-33.3828,-35.777,-37.2243,-36.9582,-37.008,-37.3265,-35.6483,-31.9489,-35.8919
10.2391,2.20274,-2.5119,-5.86712,-13.1262,-16.9135,-16.4805,-19.582,-20.562,-22.2858,-24.2896,-27.9353,-27.3653,-27.8478,-29.8188,-28.2794,-27.1105,-28.573,-31.3105,-29.5769,-30.89,-30.205,-30.2064,-31.4057,-33.9977,-31.4451,-31.9485,-31.6107,-28.6623,-24.1632,-24.223,-29.7793,-31.9006,-32.2305,-32.0515,-31.7079,-31.2407,-31.0313,-27.7281,-30.4708
13.3851,5.88708,-0.950978,-6.51173,-11.9227,-16.0475,-16.0812,-16.8173,-18.8572,-20.4407,-23.9649,-28.2056,-27.1426,-25.5482,-28.5736,-28.8104,-29.1322,-26.9286,-28.395,-28.6249,-29.8439,-28.6688,-29.18,-29.6866,-30.5563,-29.4934,-27.296,-27.5562,-24.6277,-20.3453,-22.0382,-27.0666,-29.8187,-30.1793,-29.0915,-29.3826,-28.2865,-28.086,-25.0457,-28.9977
11.653,6.00574,-4.41086,-14.4962,-15.3202,-16.0581,-21.6678,-18.3605,-19.8944,-21.1231,-20.7423,-29.9424,-28.2008,-25.6293,-28.4358,-30.2041,-35.7872,-30.3098,-31.2191,-29.3867,-31.297,-30.3845,-29.3447,-31.4196,-31.1475,-30.4305,-27.5164,-28.6155,-25.9063,-21.826,-23.7231,-27.3634,-30.5074,-32.5469,-31.3852,-31.1488,-30.5466,-30.3257,-26.2598,-30.8156
3.35342,-0.24839,-9.16834,-17.6357,-20.1026,-23.1524,-29.2122,-25.1264,-25.8184,-26.7677,-25.2734,-34.407,-33.0087,-32.6521,-35.9268,-36.8855,-39.9209,-35.9937,-36.6841,-35.295,-38.6589,-36.8896,-34.37,-37.5978,-37.6679,-36.6324,-35.7998,-36.4984,-33.5024,-29.8337,-30.1013,-34.0254,-36.4129,-38.9259,-38.3828,-37.3328,-37.3909,-35.97,-33.0903,-37.7654
6.82614,2.15091,-3.1913,-9.81925,-16.8842,-16.5361,-20.6681,-19.4088,-22.0711,-24.4271,-21.5894,-25.7625,-26.26,-27.6385,-33.731,-31.0423,-30.6528,-31.673,-31.4481,-31.0775,-31.3106,-30.4409,-30.9569,-32.918,-31.9635,-32.5584,-31.5571,-31.0053,-29.7912,-24.9387,-23.9124,-29.3815,-32.2932,-32.7061,-31.8118,-31.6897,-31.5033,-29.3372,-27.5908,-32.2342
11.4437,1.57627,-1.31087,-8.86854,-15.0289,-15.89,-20.0902,-17.459,-20.1673,-22.1481,-20.0595,-22.778,-24.7583,-26.1437,-29.5742,-28.0356,-27.7178,-28.8007,-30.9622,-30.0304,-27.7753,-27.9937,-28.6626,-30.1549,-31.008,-30.8308,-27.9804,-27.0769,-27.0835,-22.4546,-21.4394,-27.061,-29.3375,-28.9486,-28.6905,-29.287,-28.7308,-27.5216,-25.1848,-28.7343
10.3137,2.59717,-0.900284,-12.8053,-13.9951,-21.7074,-20.8721,-16.6954,-18.4423,-18.9164,-23.1598,-21.0206,-23.524,-26.1535,-30.0779,-28.1399,-30.1835,-30.3061,-28.9187,-30.1258,-29.3194,-30.6397,-32.0782,-31.8732,-31.5216,-32.3418,-28.1598,-28.0525,-28.9501,-23.4523,-23.4,-28.9281,-30.8508,-29.7456,-30.7464,-30.5294,-29.6628,-28.3965,-25.7702,-28.0736
3.99469,0.157142,-5.64199,-13.2962,-16.1272,-19.4554,-19.2193,-21.4141,-20.9023,-21.2346,-23.583,-22.9453,-26.3773,-28.1747,-32.7521,-30.8175,-32.8931,-32.945,-31.2342,-32.1809,-33.4488,-35.3237,-36.9672,-35.6746,-34.8153,-36.1791,-33.3722,-33.6559,-34.3013,-30.2079,-30.8701,-34.1472,-36.3006,-36.2284,-37.3626,-35.5857,-34.9788,-34.5611,-31.9951,-34.4258
11.2669,6.54226,-3.81878,-8.1683,-12.9347,-14.4923,-12.6215,-20.7627,-17.5566,-20.5283,-19.9485,-21.0173,-24.0529,-25.5484,-31.0663,-27.1952,-29.0557,-28.7101,-28.7549,-28.1139,-30.171,-31.572,-31.3407,-32.8131,-29.4194,-30.4193,-31.3243,-29.7723,-28.1114,-25.3033,-24.7132,-29.8644,-32.5285,-34.4449,-33.5093,-31.7705,-29.5156,-29.9026,-26.8088,-31.4885
10.6561,6.58515,-2.15659,-8.48623,-9.11379,-13.4187,-13.6129,-17.2973,-17.4755,-18.2958,-22.2057,-23.2292,-24.8766,-25.4873,-27.4066,-27.2556,-27.9447,-26.1184,-27.57,-28.5223,-30.0891,-31.1075,-30.6972,-30.6654,-27.1688,-29.3023,-29.5387,-28.5619,-25.6569,-21.3097,-21.1516,-27.8094,-29.699,-31.1901,-30.042,-30.2755,-28.6769,-27.7562,-23.8792,-28.2862
3.06655,3.95629,2.13656,-4.01562,-6.851,-10.2704,-11.7435,-14.587,-14.1485,-15.1574,-17.9738,-20.0556,-22.4241,-20.8693,-20.1547,-21.334,-23.9247,-23.9744,-25.2526,-26.9399,-28.0211,-27.9899,-30.8263,-29.0964,-27.5263,-29.9794,-29.2768,-27.4989,-24.9698,-21.7809,-23.086,-28.4078,-29.9327,-31.544,-29.394,-30.781,-31.4719,-29.2121,-25.7763,-27.685
0.264058,0.873273,-0.911879,-5.6004,-9.17146,-11.4317,-12.7096,-15.7969,-15.9276,-17.2755,-18.8502,-20.7218,-22.5579,-22.1834,-21.9227,-22.832,-25.4684,-25.83,-26.4909,-28.291,-30.1596,-29.6105,-31.7448,-31.6448,-31.7323,-33.2098,-32.5017,-30.927,-30.5326,-28.824,-30.1966,-33.1062,-35.098,-37.2674,-34.5846,-35.4631,-36.1468,-34.94,-32.3001,-32.915
8.13216,3.56813,-2.37958,-4.13334,-10.3656,-8.98104,-11.1513,-13.3012,-15.1193,-16.8362,-18.5419,-19.8333,-20.3008,-21.1935,-22.2491,-24.2943,-25.1764,-25.9433,-25.6599,-27.1451,-29.9636,-28.1567,-27.8645,-28.53,-30.7959,-30.9853,-29.7425,-28.7507,-29.8485,-24.064,-24.4241,-28.8732,-31.3615,-33.038,-33.709,-32.9057,-32.2657,-30.4969,-27.124,-29.9125
11.8987,5.57115,-1.73505,-6.28553,-13.2566,-12.712,-13.0653,-16.2245,-18.6512,-19.1351,-19.0038,-21.8687,-23.4382,-23.5809,-23.419,-26.2901,-27.444,-26.5899,-25.7421,-26.3304,-29.2175,-29.6639,-27.9284,-28.011,-28.8946,-28.0776,-28.2205,-26.3686,-26.2182,-19.6756,-20.8503,-26.7608,-28.5924,-30.6036,-32.0464,-30.7214,-29.6013,-27.1842,-24.0828,-27.3243
8.78455,2.15282,-6.18437,-14.1948,-16.0118,-17.253,-15.4676,-17.0386,-20.0445,-23.2441,-20.2015,-21.4617,-24.7847,-25.5423,-27.0468,-25.202,-28.3099,-28.1854,-26.4577,-27.2297,-28.3657,-30.5872,-27.8265,-29.1484,-30.3247,-28.1656,-29.5357,-27.6531,-26.18,-20.2142,-21.2457,-27.4154,-28.5908,-30.6263,-31.8187,-31.2645,-31.1427,-28.6559,-25.9847,-29.0245
0.57354,-3.76639,-12.6881,-19.3883,-21.085,-22.9047,-23.3348,-23.0609,-23.4589,-27.3357,-25.5102,-25.0601,-29.3382,-32.1788,-34.6985,-30.758,-34.0885,-36.3049,-34.0449,-33.7994,-32.9819,-34.453,-33.9939,-34.4418,-37.5348,-35.7035,-36.0373,-33.6012,-31.1782,-26.9709,-28.3715,-33.3186,-35.4019,-35.268,-36.1048,-37.2547,-37.617,-35.9711,-32.5672,-35.8338
11.7067,7.3858,-5.33337,-14.6071,-19.175,-18.3759,-20.9202,-17.5661,-16.8226,-22.0268,-22.2879,-20.4343,-26.8772,-31.7492,-30.6803,-27.0466,-27.7284,-33.0409,-29.5176,-27.0191,-27.604,-28.5928,-34.804,-31.8222,-30.8632,-31.4517,-30.7749,-29.6859,-25.5065,-20.8624,-20.8608,-28.1154,-31.2742,-32.2176,-31.8426,-32.3334,-31.2693,-29.339,-26.726,-31.027
14.3906,7.76192,-4.98687,-9.4909,-18.8185,-18.5657,-17.7485,-12.8109,-16.5483,-20.1796,-19.9582,-17.5631,-23.3494,-28.5934,-28.0572,-25.8966,-26.295,-27.3289,-25.2572,-26.8552,-25.0039,-25.6253,-30.5698,-29.3803,-27.8742,-28.1061,-29.0411,-29.1377,-23.3593,-19.372,-18.1528,-25.3189,-28.5034,-28.3739,-29.1596,-29.7021,-28.1882,-26.4226,-24.6371,-27.6736
10.6053,2.30979,-11.1025,-12.3491,-19.8671,-22.4424,-20.4748,-16.6562,-20.8307,-19.4483,-22.5511,-22.7362,-23.3922,-29.5037,-31.8007,-31.1122,-28.4106,-26.5125,-27.2933,-28.4814,-26.0833,-28.2701,-30.4165,-30.5692,-29.7391,-28.5681,-30.2866,-29.8627,-25.1528,-24.3739,-21.4593,-25.9105,-28.8395,-29.668,-30.6035,-30.4146,-29.1352,-27.3115,-26.271,-29.3144
0.41662,-4.69507,-13.7247,-18.0762,-23.7,-25.6881,-27.9088,-28.1024,-28.0521,-25.7155,-28.6652,-30.8364,-30.1467,-35.0783,-33.202,-35.6171,-34.537,-32.2179,-33.5564,-33.28,-34.4504,-37.4917,-35.9907,-36.1978,-36.0108,-35.1536,-36.2465,-34.538,-30.962,-28.1956,-26.8932,-32.0134,-34.6637,-36.2584,-36.1842,-35.9356,-35.6049,-34.0548,-32.8975,-36.2893
0.847225,-4.88051,-8.4813,-13.4571,-19.6987,-18.196,-21.1614,-25.0147,-20.5876,-26.2513,-25.5954,-23.5384,-31.5153,-32.9212,-26.2513,-26.766,-30.9944,-30.7874,-32.7679,-29.1215,-29.7148,-30.2409,-31.7158,-33.5086,-32.3365,-31.7415,-30.1098,-28.7736,-25.9484,-18.8276,-19.6848,-27.0721,-28.9546,-32.4734,-32.1715,-32.7001,-31.9583,-30.2483,-26.7524,-29.3124
10.362,3.00658,-4.05562,-9.25649,-17.7217,-14.6156,-19.0067,-22.7572,-19.1967,-21.1992,-25.323,-21.4287,-27.2202,-29.8433,-26.0238,-25.268,-28.5604,-28.7746,-28.4555,-27.8257,-27.7977,-29.3522,-27.4961,-29.007,-28.0644,-27.2399,-26.4346,-25.3057,-23.3992,-16.8881,-17.9671,-24.6779,-27.3088,-29.4716,-29.6396,-29.8268,-29.0728,-27.0944,-23.5448,-27.1047
12.7463,7.72315,-1.98937,-6.61378,-11.5084,-11.4304,-17.1583,-22.1021,-21.1878,-18.6575,-24.3811,-21.2663,-21.5061,-23.7035,-24.0346,-24.5371,-27.1798,-26.2628,-25.7863,-28.6548,-28.0984,-29.5589,-27.7563,-27.5456,-28.2351,-27.3889,-26.0505,-26.2476,-25.5138,-18.9348,-19.0034,-26.0333,-29.9088,-30.7478,-30.6833,-30.1079,-29.4803,-28.4891,-25.0648,-28.7441
6.40638,2.91872,-5.58598,-9.24287,-11.3891,-13.5888,-19.1867,-22.7782,-21.3922,-21.0964,-24.0967,-23.2063,-22.597,-24.4181,-25.722,-26.5785,-29.7796,-28.9845,-28.5639,-31.1681,-31.136,-32.2212,-32.6285,-32.0973,-34.31,-33.6284,-31.3666,-32.534,-33.1123,-26.9679,-25.4098,-32.2676,-36.5077,-36.895,-36.3702,-35.7681,-35.8505,-34.6359,-31.9613,-35.0203
3.44779,1.38226,-3.82586,-6.1297,-7.8447,-11.2055,-18.1814,-17.368,-15.7994,-19.3627,-20.5877,-20.3925,-21.383,-22.9741,-25.8461,-25.9239,-28.9063,-30.3146,-30.3483,-27.3721,-29.9554,-30.5649,-29.5713,-31.18,-30.477,-29.8282,-28.4734,-28.4384,-27.9271,-24.321,-23.407,-28.9389,-32.0649,-32.0688,-31.9414,-30.7655,-30.9989,-29.2546,-27.7401,-32.0374
5.92118,3.45801,-0.00214026,-4.04651,-7.33084,-11.0843,-17.5571,-18.3532,-15.8048,-21.0134,-23.704,-23.0384,-24.8265,-25.3207,-28.049,-26.3957,-26.2483,-27.9976,-30.5087,-28.1394,-29.5563,-29.6414,-27.6918,-29.4028,-28.8484,-28.8094,-26.9444,-27.273,-24.2006,-20.2285,-20.5532,-26.2621,-29.4084,-29.8172,-30.0614,-28.9102,-29.0183,-26.7449,-24.9584,-29.898
3.14083,1.94109,-0.659585,-3.33223,-11.5695,-15.5632,-17.2562,-20.3209,-15.8927,-20.0029,-25.6915,-22.6813,-22.8364,-22.8744,-26.9441,-25.6572,-24.8778,-26.8087,-29.4,-28.8287,-30.6548,-28.5866,-29.2646,-29.6567,-29.6871,-30.4525,-29.0635,-27.7513,-24.4277,-20.42,-20.0725,-26.8289,-29.0658,-28.6602,-32.7494,-31.8853,-31.1116,-28.1092,-26.5777,-32.0038
-2.41126,-4.53143,-5.93466,-8.47794,-16.1213,-18.8085,-20.4509,-24.5754,-20.1884,-21.7346,-26.1006,-24.6796,-24.3962,-25.2098,-28.4554,-28.4715,-27.9055,-30.1686,-33.218,-32.9557,-33.8541,-33.5925,-35.3927,-33.8146,-34.454,-35.467,-34.1839,-32.0087,-30.3113,-26.6764,-25.8054,-31.6012,-33.8436,-32.8858,-38.3786,-37.802,-37.3418,-34.7745,-33.2179,-36.0387
6.58674,2.47376,-3.707,-6.52304,-11.9388,-14.552,-15.0543,-20.7145,-19.7747,-17.6305,-22.2318,-22.8162,-23.2034,-25.6065,-27.2567,-26.7039,-26.5234,-27.2484,-29.9349,-29.7577,-28.541,-30.1796,-31.9279,-31.0169,-30.7148,-32.1537,-31.6218,-28.6886,-27.5465,-24.8099,-23.8958,-27.1512,-31.7541,-31.3814,-31.8301,-31.9371,-32.4923,-30.5611,-28.6091,-30.6574
8.82711,1.91483,-4.11071,-4.64383,-10.1921,-15.7489,-14.3475,-18.2529,-17.5461,-16.8618,-22.0549,-24.3574,-25.4371,-24.13,-24.9849,-25.3797,-24.5924,-25.1985,-26.0544,-28.7205,-27.8075,-28.9232,-29.0602,-29.3234,-28.5,-28.4179,-28.3532,-26.9975,-25.5696,-20.1484,-20.7197,-25.8593,-28.754,-29.9873,-29.1639,-29.4177,-30.0375,-27.6362,-25.7189,-28.1987
3.83136,-3.19086,-5.33359,-7.04277,-11.9966,-15.5788,-13.8132,-15.3084,-18.2729,-19.2301,-20.5475,-25.6557,-26.9486,-22.8222,-24.1681,-24.5043,-23.7664,-27.3779,-27.9161,-28.5209,-30.4271,-32.4275,-29.4658,-31.0868,-30.7061,-29.5677,-29.5566,-27.878,-27.1584,-22.0048,-23.4712,-27.4499,-28.7624,-30.8674,-30.3127,-30.2904,-31.1292,-28.4476,-26.8523,-28.7606
-2.12914,-4.40968,-8.27441,-10.4164,-14.3741,-18.078,-16.8836,-17.4019,-20.778,-23.245,-23.5448,-27.4106,-28.111,-26.4325,-28.0719,-28.0791,-28.3486,-32.8019,-32.7503,-32.8169,-35.5198,-35.2209,-35.5161,-37.9303,-36.3058,-34.6596,-35.4534,-32.4716,-31.9455,-28.9287,-29.8504,-32.5516,-34.8271,-36.0764,-36.9552,-36.5859,-36.9893,-35.3926,-33.1951,-35.0958
7.32803,3.80733,-1.85235,-5.91711,-13.6998,-14.9626,-11.5828,-15.2675,-18.1719,-18.3183,-24.1598,-24.6316,-26.2932,-26.8621,-29.5254,-30.2951,-29.736,-30.0661,-28.692,-32.1887,-31.8669,-29.3699,-32.4616,-32.7762,-30.7215,-31.604,-30.9321,-27.9714,-27.4873,-21.5819,-22.8103,-28.3291,-32.0256,-33.075,-32.2181,-32.9928,-33.8596,-31.0237,-27.5587,-30.8881
8.31754,4.43054,-0.138806,-5.12259,-14.0087,-14.6089,-13.2306,-14.8464,-18.1729,-17.7509,-22.7347,-27.1992,-25.2175,-25.4985,-30.3131,-30.8618,-29.597,-29.7371,-29.5157,-31.1777,-30.4719,-29.8298,-28.3114,-28.1749,-27.9037,-28.9497,-27.2083,-26.8518,-25.025,-18.5885,-19.9641,-25.2227,-28.198,-29.5983,-29.2351,-30.164,-30.4635,-27.0792,-24.519,-28.4267
0.297349,0.0310729,-0.0742853,-6.66712,-18.4947,-21.5884,-21.7385,-17.8555,-17.2723,-17.9889,-26.1197,-31.507,-28.1634,-28.44,-30.1706,-30.8158,-34.5525,-33.2485,-33.9034,-32.1489,-29.8434,-29.8372,-28.7921,-28.649,-28.8928,-29.6848,-28.2875,-29.8514,-26.9594,-20.0557,-20.6605,-27.1702,-29.6859,-31.3082,-30.6672,-30.8325,-30.5411,-27.9419,-26.9304,-30.7092
-12.7182,-11.3204,-9.43886,-14.6534,-25.3781,-24.8962,-27.4638,-25.6209,-23.7999,-25.047,-34.8741,-38.557,-36.8543,-35.9981,-35.0291,-34.917,-39.8849,-37.4418,-40.1713,-38.4577,-36.1197,-33.765,-35.3454,-35.9585,-35.1365,-36.2509,-35.0723,-36.4206,-34.096,-27.6478,-27.5421,-34.9529,-36.6837,-37.5731,-37.7432,-36.102,-36.6619,-35.1546,-33.6817,-36.6965
-0.0591948,-6.6124,-4.3305,-9.17901,-16.5707,-15.6956,-21.7742,-21.4748,-20.7565,-21.8636,-28.1131,-27.539,-29.4494,-31.1923,-29.7044,-31.8658,-32.7962,-29.2951,-32.2551,-31.5987,-33.3071,-30.2169,-32.1988,-33.0013,-30.643,-30.971,-31.7851,-31.592,-28.3713,-23.3709,-23.6702,-29.313,-31.8522,-32.7519,-34.3182,-33.4872,-32.8664,-30.8103,-26.9532,-30.8449
8.53446,1.44217,-0.849949,-9.16136,-14.4027,-14.3415,-17.5132,-17.2643,-16.9324,-18.6866,-20.5486,-22.4278,-24.8943,-27.1589,-27.3159,-28.4836,-28.6723,-26.2128,-29.4709,-28.1782,-29.2955,-28.6659,-29.7698,-29.9626,-28.8464,-29.3909,-28.6017,-28.0091,-24.6544,-18.7214,-19.2118,-26.4279,-28.7832,-29.518,-31.156,-30.6375,-30.1635,-27.3876,-23.9994,-28.5708
9.45648,1.73,-4.0321,-12.7329,-15.1583,-14.4504,-17.6882,-18.716,-17.3029,-17.4975,-19.9585,-25.3505,-24.507,-25.3363,-28.6808,-30.2677,-30.0763,-28.345,-32.5263,-31.2657,-29.7319,-31.3055,-31.5315,-31.4923,-30.829,-31.1136,-30.0757,-29.2862,-25.8608,-19.0849,-19.1811,-27.0774,-29.6685,-30.1012,-32.0787,-31.2161,-30.4776,-28.3961,-24.8938,-29.3948
2.06674,-3.68541,-11.4353,-19.8011,-19.7569,-20.0101,-21.9333,-25.7276,-26.9041,-23.8486,-26.0313,-33.8759,-30.766,-30.4209,-36.4197,-36.4495,-36.4382,-35.9927,-38.217,-37.9998,-35.1046,-36.1023,-36.3244,-36.3432,-36.9629,-36.8859,-36.691,-35.6157,-31.9618,-25.1063,-24.685,-32.3946,-35.6438,-35.9734,-37.8844,-36.658,-36.6366,-34.6372,-31.5501,-35.241
7.91658,2.55964,-4.20789,-10.7772,-16.4095,-19.4856,-15.6081,-18.3001,-26.1863,-25.159,-26.8241,-31.0139,-29.5388,-29.8378,-31.811,-29.1905,-31.423,-31.1161,-28.7491,-29.7007,-33.2201,-31.1301,-32.1624,-31.2532,-31.4332,-30.6653,-29.0816,-29.113,-27.9445,-20.6709,-22.4894,-28.2156,-32.097,-33.6838,-32.1298,-32.3416,-32.9374,-30.6931,-27.1326,-31.012
10.3524,2.81699,-2.66014,-6.63551,-14.0912,-14.6663,-15.4088,-17.75,-21.1046,-21.7177,-23.7907,-26.6288,-25.4551,-26.4308,-29.0237,-26.8733,-27.9324,-28.6614,-26.0161,-26.7357,-29.4652,-28.4799,-29.5346,-29.9421,-29.6818,-28.4955,-26.8384,-26.9335,-25.5406,-20.1574,-20.3123,-25.9117,-29.1796,-30.812,-30.7692,-29.4646,-29.1761,-27.4643,-24.7332,-28.3165
8.65431,1.01733,-4.88572,-5.75889,-14.6899,-14.9779,-19.2928,-20.1969,-22.8067,-21.243,-22.1296,-25.5622,-26.5764,-26.1976,-30.3086,-29.0222,-27.7621,-29.02,-30.3736,-30.4284,-30.728,-29.4445,-30.6846,-30.7964,-31.7413,-30.1652,-28.7295,-27.9255,-25.1772,-19.6384,-21.1368,-26.8604,-30.5188,-31.1744,-32.4668,-30.5258,-28.672,-28.562,-26.5202,-29.8582
1.39876,-3.43083,-8.9044,-10.4841,-17.3164,-19.5244,-24.6132,-27.8029,-27.996,-28.1424,-26.2703,-31.6108,-32.2951,-31.8288,-35.8163,-34.8133,-33.2111,-35.388,-37.4408,-37.5342,-35.6708,-35.5829,-36.109,-36.4542,-37.5002,-34.8841,-33.2983,-33.3623,-29.5423,-23.979,-26.0401,-32.0324,-37.1207,-36.57,-38.3386,-36.1672,-33.602,-34.2579,-32.4332,-36.0394
6.60077,2.98319,-2.50226,-8.67425,-20.0011,-14.3253,-19.8872,-24.4428,-23.3575,-24.5665,-23.2361,-29.6592,-27.8802,-27.9468,-32.0796,-28.7773,-28.1516,-34.599,-30.4819,-31.8413,-31.6168,-31.6989,-32.7829,-33.4197,-32.0715,-29.2083,-29.7609,-28.8495,-24.3949,-22.5078,-20.9349,-25.2989,-31.8463,-31.7659,-33.2156,-31.7343,-30.3801,-28.9725,-26.4134,-30.0203
11.7321,6.16232,-3.74466,-9.63868,-15.294,-13.4174,-17.5424,-23.2728,-22.1576,-23.5457,-22.0078,-25.2245,-25.056,-24.1858,-28.5813,-24.9754,-25.4784,-30.4885,-29.1509,-29.1887,-28.6506,-30.8334,-30.6249,-30.6602,-30.1168,-27.144,-25.9636,-24.2991,-21.1685,-16.339,-15.2819,-21.1352,-27.2292,-27.7974,-28.7762,-29.7696,-27.4032,-27.176,-25.0853,-28.4269
9.03069,4.8459,-14.5102,-13.707,-13.5975,-16.0985,-18.9047,-20.6989,-23.643,-25.0919,-21.6863,-23.4152,-25.4409,-24.9945,-25.8527,-27.6807,-28.1394,-29.638,-27.36,-29.0405,-27.8971,-33.2901,-30.8577,-31.3778,-33.3782,-28.0952,-26.2863,-24.818,-21.3312,-15.1737,-14.1191,-20.1057,-26.0916,-26.7547,-28.9123,-31.276,-28.1599,-28.4384,-27.6311,-30.0656
0.705235,-2.54981,-10.7718,-16.6077,-16.6509,-19.9617,-23.1663,-21.8524,-25.1065,-27.2841,-25.813,-26.9237,-29.6337,-29.3216,-29.0726,-31.7877,-32.2746,-33.5512,-30.9289,-33.9295,-32.7524,-37.5994,-37.774,-36.48,-36.7613,-33.068,-32.1665,-31.9112,-27.1129,-22.0733,-20.2584,-25.0422,-31.0755,-32.0669,-35.2514,-37.1503,-34.6303,-34.2586,-32.2472,-35.3767
7.65066,2.57327,-5.8831,-12.1507,-15.972,-16.1507,-19.9639,-16.6741,-19.9814,-23.5543,-27.3619,-24.1317,-28.1979,-29.664,-26.0016,-26.2628,-30.9121,-31.7218,-31.4037,-30.345,-28.3598,-30.7445,-32.638,-29.3546,-27.3605,-26.5565,-25.3113,-25.7723,-20.821,-17.7896,-15.2135,-19.9348,-25.6829,-29.4018,-28.7818,-29.6977,-29.0935,-27.8196,-25.2743,-30.648
10.1578,2.07063,-5.91623,-8.89105,-17.7599,-13.1033,-15.3072,-18.1883,-21.3564,-23.2026,-26.3126,-25.8521,-26.7899,-27.3551,-23.9202,-24.7153,-26.7148,-29.9046,-27.4214,-25.952,-25.5834,-29.3863,-28.8951,-27.299,-25.2379,-23.7111,-22.0293,-20.8905,-16.0302,-12.6653,-12.6553,-17.8127,-22.9781,-26.3227,-25.9437,-26.9949,-27.3698,-25.5132,-22.0524,-26.2914
7.17648,-0.461943,-6.60622,-7.42603,-14.3769,-13.2752,-15.1217,-21.4717,-22.353,-22.9845,-25.8173,-27.7211,-26.6246,-28.4227,-24.762,-27.2012,-24.3821,-28.1423,-30.0433,-29.3053,-28.2244,-31.9063,-28.4861,-27.0053,-26.7358,-25.6964,-23.2928,-20.9167,-16.3161,-11.8198,-12.7792,-18.303,-23.4726,-25.981,-26.3108,-28.5022,-29.6313,-27.4336,-23.7425,-27.7523
-1.97099,-6.1247,-13.1313,-12.5966,-16.093,-18.6548,-19.8778,-24.4022,-26.0986,-28.2568,-29.7107,-30.702,-31.2281,-36.1799,-33.2304,-32.8798,-28.9523,-31.1601,-35.6383,-38.1945,-35.914,-36.6815,-33.253,-31.3601,-31.1457,-32.2654,-28.354,-26.4472,-23.1984,-17.4704,-18.7081,-23.1755,-28.3105,-30.8734,-31.2331,-33.7654,-35.6024,-33.2677,-30.208,-34.0721
2.49559,-6.24037,-9.88397,-16.611,-14.5531,-14.367,-16.0292,-18.3371,-19.3044,-24.2664,-23.7575,-24.7538,-26.3678,-27.9156,-28.6279,-27.9966,-27.5297,-28.7093,-28.9314,-31.4655,-31.2389,-30.4018,-28.7191,-28.0901,-25.3436,-25.6373,-25.062,-22.7944,-19.0606,-12.0569,-14.3957,-19.9405,-24.3021,-28.005,-27.4067,-29.0841,-29.479,-27.6531,-25.1984,-28.6772
10.1215,2.3921,-6.36995,-10.7033,-13.9493,-16.2895,-17.0341,-16.1046,-16.9382,-21.2027,-22.6918,-24.4261,-25.7865,-24.3933,-23.827,-23.9315,-24.9615,-26.5143,-27.2881,-27.4481,-27.8148,-28.0245,-27.9236,-27.2908,-23.5921,-23.597,-23.2954,-21.8912,-16.8562,-11.1633,-11.44,-17.3742,-21.6769,-25.9579,-25.1066,-27.051,-27.9328,-24.8029,-22.748,-24.7946
10.0833,5.03622,-2.62529,-7.31815,-14.0917,-14.354,-15.9126,-14.5546,-17.861,-18.4629,-17.5931,-20.8539,-22.8268,-22.7021,-23.0666,-23.9863,-22.7816,-24.7268,-27.8434,-28.4969,-26.5896,-26.4398,-27.2988,-27.3774,-26.3484,-25.3559,-23.7032,-20.7636,-16.1058,-14.5759,-13.0576,-18.9209,-24.3427,-27.6118,-26.3968,-28.543,-28.4984,-25.6703,-24.6167,-25.1584
2.5654,-0.517989,-5.38525,-10.0516,-12.9502,-14.0021,-16.1228,-16.9533,-19.5283,-20.2521,-19.3215,-21.4582,-23.4038,-23.5924,-25.4929,-26.3431,-25.5528,-27.7173,-29.9901,-32.3082,-29.1951,-29.8076,-30.8836,-31.6925,-31.3295,-30.7829,-29.309,-25.452,-21.7097,-22.3137,-21.1834,-26.1051,-31.9101,-32.7044,-32.8658,-35.1268,-33.8943,-32.267,-30.6975,-31.3093
9.16294,1.72196,-5.06319,-8.99134,-7.89007,-9.55265,-13.4349,-16.5909,-17.0131,-21.3253,-19.5317,-19.7926,-22.152,-20.9462,-22.66,-22.5802,-27.1841,-25.9626,-26.6964,-28.3114,-27.4104,-28.3146,-28.5141,-29.4389,-29.3534,-27.905,-26.4047,-23.8429,-18.6619,-17.5143,-16.4071,-21.2238,-26.1585,-27.2312,-28.5744,-31.2437,-29.7711,-28.7786,-24.7286,-28.4403
13.0243,4.24937,-4.12496,-11.1626,-11.0061,-11.7984,-12.7154,-18.3605,-18.774,-21.5409,-21.7598,-21.8522,-24.402,-23.8463,-23.8916,-24.0377,-24.328,-26.7263,-27.8675,-27.3796,-28.9073,-27.9937,-27.1717,-26.8943,-27.1481,-25.2438,-24.0758,-21.4599,-16.9299,-12.8031,-11.1587,-18.1972,-23.8184,-25.3033,-25.1857,-26.3342,-26.3904,-25.5749,-22.3695,-25.9542
12.2662,6.06395,-5.04621,-9.69129,-15.1358,-10.5423,-11.9662,-16.6081,-16.3596,-18.0722,-19.9074,-21.9436,-24.7432,-25.4271,-24.7803,-26.2037,-23.0387,-25.5818,-28.7296,-27.5744,-27.6495,-27.6542,-28.183,-29.143,-28.3716,-26.5407,-26.095,-23.0513,-17.9107,-13.6012,-12.8933,-21.5899,-26.1344,-27.727,-27.0984,-27.1287,-28.6225,-27.3891,-25.5684,-28.1741
5.32337,2.22911,-3.96735,-9.64887,-13.5409,-13.5464,-15.3957,-18.7157,-19.3174,-20.4277,-22.1253,-25.0287,-26.896,-27.4064,-26.9527,-29.0778,-28.5156,-28.7367,-31.4757,-30.975,-30.1278,-31.3483,-32.5189,-33.3001,-31.8699,-31.8108,-31.8949,-27.7689,-22.6938,-18.8277,-19.2921,-27.2547,-31.7495,-33.8564,-31.8233,-32.9833,-35.9086,-33.0304,-32.3199,-34.1648
9.91192,7.18541,-0.575657,-7.03629,-9.78013,-13.7556,-15.02,-18.7999,-21.9958,-19.8471,-21.8934,-26.3429,-25.1823,-25.8746,-25.206,-25.2622,-29.9318,-26.9576,-29.378,-31.0898,-30.3034,-29.6121,-28.903,-28.9318,-27.9906,-28.4424,-28.1702,-23.2893,-17.4726,-13.3526,-13.0194,-20.6898,-25.7239,-28.7495,-26.9818,-28.46,-30.4552,-27.3966,-26.7824,-31.7261
14.5186,7.90984,-4.44447,-10.4848,-12.0921,-13.8077,-14.3249,-17.9857,-19.9373,-18.8967,-20.6121,-24.2728,-25.2973,-28.2399,-24.4669,-24.5701,-26.7745,-25.6408,-26.8866,-29.7844,-29.2404,-28.4607,-27.6435,-28.5613,-27.5704,-28.2346,-24.6775,-23.3936,-18.876,-14.7908,-14.3365,-21.1455,-25.1674,-26.8751,-28.1249,-27.878,-28.3468,-26.5706,-24.8755,-28.8565
13.4361,9.03,-1.99703,-5.86061,-8.58758,-11.2264,-11.0111,-11.4651,-13.8707,-17.3595,-19.9548,-19.2625,-20.4602,-23.0911,-23.7037,-24.0817,-23.3715,-25.512,-25.1607,-26.8763,-27.7881,-27.2175,-27.8067,-28.6859,-26.6056,-29.8936,-25.4821,-26.3291,-24.7356,-19.5599,-18.5881,-23.8692,-27.5611,-28.1435,-30.4887,-28.9458,-28.7615,-28.0844,-25.396,-28.8989
5.83716,3.96339,-2.00976,-6.3178,-9.03556,-11.0451,-11.727,-12.9127,-14.7938,-18.7239,-20.6385,-20.5947,-21.1591,-22.9082,-25.0214,-25.0315,-25.4569,-26.9109,-27.7374,-28.9833,-30.2118,-29.6852,-30.827,-31.6249,-29.9229,-33.4002,-33.0516,-32.0511,-34.1549,-27.2793,-24.4796,-28.5417,-31.7284,-33.4465,-35.012,-34.5489,-34.0189,-33.7691,-31.2301,-34.76
8.7659,5.0895,-1.66773,-4.41022,-8.46511,-8.52754,-10.4868,-13.3189,-12.6558,-15.7126,-18.359,-20.237,-19.2064,-20.2324,-22.8976,-21.9903,-24.5555,-24.0047,-26.8844,-28.6008,-28.9641,-27.4026,-27.8427,-29.1935,-28.3685,-30.5454,-30.8614,-30.2315,-28.2735,-23.3387,-24.1139,-25.6625,-29.7549,-31.8121,-31.3501,-31.0763,-32.6406,-30.6925,-27.7626,-32.3182
10.0302,3.90998,-4.41134,-8.34012,-12.8061,-11.9027,-14.595,-16.434,-16.0184,-16.7522,-19.6572,-23.6597,-23.398,-23.2879,-24.5384,-25.0095,-27.4876,-25.9068,-26.5808,-28.9613,-31.3084,-27.9955,-28.3204,-29.2877,-27.6102,-28.7217,-28.824,-28.5255,-26.1412,-21.2849,-21.4544,-25.6014,-29.0596,-30.3483,-30.5362,-28.8221,-29.6042,-28.5515,-25.1328,-29.6312
3.89249,-1.92131,-4.72159,-13.8147,-18.7429,-19.16,-18.9535,-19.2304,-20.4417,-21.6569,-21.8889,-27.1637,-29.7273,-27.8482,-25.8551,-27.8739,-28.6716,-29.0645,-28.8217,-31.9244,-32.6071,-30.3061,-30.4516,-33.2389,-30.1868,-31.6097,-30.878,-30.9424,-28.3222,-23.7748,-22.8364,-28.17,-30.7058,-30.6336,-33.4821,-30.276,-30.6324,-29.2562,-26.5323,-31.0814
-9.5737,-10.7253,-12.6542,-19.4742,-29.0035,-27.4135,-26.159,-27.0943,-29.4345,-30.6079,-29.1714,-35.8198,-37.5317,-35.3889,-31.4352,-33.0602,-33.1017,-34.826,-35.8792,-39.1486,-36.891,-36.688,-36.1616,-40.317,-35.5427,-38.2157,-38.6915,-36.5482,-34.5531,-30.3996,-30.1386,-35.5428,-38.3704,-35.7906,-39.1446,-37.8834,-38.0505,-35.9867,-33.5097,-37.7073
-8.7996,-2.43447,-6.38086,-14.105,-18.0992,-20.9486,-24.525,-23.515,-23.8539,-28.6871,-28.0058,-31.8437,-30.9588,-34.0233,-35.426,-30.0229,-28.6914,-31.9726,-32.2384,-33.0365,-33.8862,-33.361,-31.6142,-35.5723,-32.7107,-31.7991,-30.9405,-28.7175,-29.3717,-26.3387,-25.5609,-29.4966,-32.0997,-32.3879,-33.3709,-33.9927,-32.5253,-30.0892,-27.4362,-31.0763
0.499114,0.0180469,-5.03481,-6.90523,-11.057,-18.8496,-20.3656,-21.9916,-18.296,-23.1671,-25.4804,-26.5593,-26.0142,-29.1501,-30.2411,-27.2338,-26.545,-27.3376,-28.5593,-30.6556,-31.6139,-29.5552,-28.9734,-32.7981,-31.3484,-28.8733,-28.2472,-26.7135,-25.8604,-22.9151,-22.1654,-26.1461,-27.9292,-30.0972,-30.8825,-30.169,-29.8319,-27.6383,-24.8098,-27.6767
2.06988,-5.08954,-11.5053,-9.20486,-14.27,-20.6331,-18.0444,-19.3704,-18.4645,-25.6233,-28.8282,-27.4085,-27.1532,-31.1121,-31.4117,-29.4586,-27.9234,-28.181,-29.0718,-30.2203,-31.9907,-31.0055,-31.8345,-33.9792,-30.8853,-29.5169,-30.865,-28.9853,-25.2351,-22.066,-22.8364,-27.5928,-29.8011,-30.962,-30.8268,-30.826,-30.0594,-29.6552,-26.8842,-29.6566
-4.09153,-9.44229,-17.9683,-19.0802,-25.6022,-28.0601,-24.5767,-24.3508,-25.1067,-30.8032,-36.335,-36.73,-36.6202,-39.7731,-39.7808,-36.7745,-34.9693,-33.7775,-36.6813,-35.3691,-37.1306,-39.2548,-39.8597,-39.4385,-36.3119,-36.1749,-35.5872,-33.6448,-30.5135,-28.2183,-28.5744,-33.5339,-38.4002,-36.9386,-36.2948,-37.5416,-35.9299,-35.5387,-33.5771,-36.6832
7.60215,2.30439,-8.30157,-9.46255,-17.305,-20.6182,-24.4413,-23.7021,-22.989,-21.281,-26.6692,-25.2814,-28.382,-34.123,-33.4073,-30.7319,-30.8878,-28.3144,-34.1488,-29.0551,-30.4529,-31.8163,-31.5624,-32.4109,-32.7873,-31.7973,-27.5289,-27.4686,-27.8116,-23.3567,-23.1632,-28.5206,-33.997,-34.7691,-32.971,-33.9771,-33.0951,-30.2207,-27.3603,-30.9317
14.3646,6.52566,-4.02387,-7.85654,-13.2213,-13.0899,-16.8564,-19.6708,-20.0509,-19.4113,-21.8715,-22.8436,-24.8967,-30.1266,-29.2371,-25.7232,-24.9621,-28.2098,-31.2893,-28.377,-28.9662,-27.8452,-27.2078,-28.5029,-29.6914,-29.2096,-25.8247,-26.381,-26.1228,-21.1138,-20.5703,-25.8654,-28.9389,-31.6318,-30.3045,-29.6994,-29.6351,-27.7287,-24.4899,-28.3136
15.1715,7.58002,-8.17155,-9.76346,-10.7452,-12.2632,-17.2912,-18.4563,-24.4152,-20.2799,-22.8246,-27.3235,-25.8204,-29.7704,-28.7669,-26.6349,-25.651,-29.7873,-32.2526,-30.9129,-31.3283,-31.2934,-28.1691,-28.9819,-31.362,-29.9327,-25.8206,-27.5872,-26.2021,-19.9279,-20.3273,-26.2195,-29.7647,-31.3879,-31.6503,-29.8869,-30.1538,-28.5926,-25.4793,-29.124
7.32292,1.3409,-11.1199,-14.0185,-14.1847,-17.3967,-22.8777,-24.5541,-30.1478,-25.1751,-28.5904,-34.1121,-33.1109,-31.8952,-31.786,-35.663,-32.9596,-33.7066,-38.3763,-37.7786,-38.0362,-37.627,-35.763,-37.2906,-36.3059,-34.6262,-31.7813,-33.8591,-30.5446,-23.931,-24.7121,-30.8075,-35.817,-36.8647,-39.0921,-36.0197,-36.5003,-33.8757,-31.7563,-34.9085
7.65235,-2.54074,-7.76197,-13.0456,-13.845,-18.1141,-18.7229,-20.4137,-23.032,-19.169,-25.3872,-28.3784,-28.8046,-24.6695,-24.8585,-30.8359,-28.0505,-26.3138,-31.6529,-31.5058,-32.8526,-29.3099,-30.3058,-32.8509,-29.6888,-30.2337,-28.9473,-28.7797,-25.9184,-19.9253,-19.3218,-24.5285,-28.6016,-31.89,-33.7712,-31.7003,-30.5676,-29.3083,-27.0008,-30.3228
10.4483,3.08035,-7.40092,-9.67825,-13.099,-14.504,-15.8533,-15.7184,-20.0279,-15.4129,-21.8493,-26.6061,-28.3909,-22.3187,-24.8842,-27.9037,-28.1428,-24.7393,-29.055,-28.3427,-29.6634,-28.0953,-28.7766,-30.0107,-26.72,-27.1772,-26.766,-24.3687,-21.327,-16.1368,-14.3887,-22.2626,-26.0442,-28.7008,-29.4902,-29.2029,-28.5193,-26.8792,-24.5473,-27.5163
9.30744,6.51565,-5.60062,-8.72609,-16.3241,-13.1552,-16.7665,-14.631,-18.0055,-15.5378,-20.8711,-24.4341,-24.2766,-22.2551,-25.6939,-26.428,-28.845,-28.4591,-30.0363,-28.9567,-29.6636,-28.1318,-30.6495,-32.0346,-27.863,-27.156,-27.6391,-23.9439,-20.9933,-17.181,-14.5135,-22.6912,-27.7207,-28.9857,-29.0114,-29.7059,-29.7851,-27.888,-26.3488,-28.3508
2.50308,0.292958,-8.28054,-14.3887,-21.4593,-17.2119,-17.3099,-18.1961,-20.6432,-19.7129,-23.2122,-25.2714,-26.1383,-26.6212,-29.4569,-29.6806,-31.9106,-31.141,-31.6367,-32.5946,-34.7006,-32.1663,-35.0255,-36.1726,-33.2404,-30.6782,-31.417,-28.783,-27.1777,-23.5992,-21.0535,-28.1161,-33.5976,-35.9021,-34.5648,-34.4796,-35.8607,-34.42,-32.6358,-34.162
10.3702,6.46942,-1.95753,-10.5353,-17.2199,-13.6292,-12.9075,-16.438,-18.9974,-24.128,-22.7408,-22.3439,-25.4255,-26.2107,-29.0927,-30.2502,-28.369,-26.2459,-27.1845,-28.9252,-31.9681,-32.1987,-31.6886,-32.1873,-32.3871,-28.2005,-26.2331,-24.0457,-21.9295,-18.6128,-17.1626,-23.82,-27.5768,-31.7598,-30.2179,-29.1545,-31.7264,-29.0021,-26.1487,-29.226
13.9239,6.76999,1.19511,-9.0045,-12.7445,-12.3347,-14.541,-16.9171,-19.9453,-22.398,-20.6586,-23.1608,-27.5111,-27.0657,-27.9653,-27.7087,-26.6471,-27.862,-28.6696,-28.2806,-28.1943,-28.0658,-26.684,-28.0537,-28.0846,-27.3426,-23.1462,-21.5092,-17.5135,-14.6681,-13.3445,-18.3607,-23.8401,-26.8274,-27.1369,-26.436,-28.7386,-25.3203,-22.5338,-25.1558
9.28406,1.7953,0.14191,-8.53798,-16.0024,-15.4294,-19.0139,-21.3709,-21.2265,-21.7444,-20.9162,-26.3236,-32.7127,-29.7266,-30.8629,-29.0614,-29.3092,-29.1047,-29.3403,-28.7865,-29.3297,-28.9765,-26.6026,-28.0132,-27.81,-28.0389,-25.1951,-23.5542,-18.9809,-14.8891,-15.2203,-18.5911,-24.2717,-26.8668,-29.0658,-28.6158,-29.7359,-26.6868,-22.6712,-24.479
-1.07925,-5.31313,-6.72918,-14.2503,-24.405,-21.4555,-24.7269,-27.4966,-26.0394,-27.4079,-28.9788,-37.3404,-39.1031,-35.6461,-34.4456,-34.2016,-34.5973,-33.2842,-35.2659,-33.9037,-35.2126,-35.3413,-32.6174,-34.0372,-32.7683,-33.712,-31.361,-30.3087,-25.873,-20.2759,-22.1984,-26.0144,-30.5849,-33.8439,-35.4138,-34.9738,-35.5837,-33.9898,-29.2683,-30.6693
6.02748,2.56982,-5.85643,-10.2026,-17.8285,-16.1506,-18.4059,-23.6427,-25.5001,-26.1461,-30.0318,-30.5116,-32.2704,-32.287,-25.4309,-27.3574,-26.6544,-30.1447,-28.8947,-29.3486,-32.3754,-33.2709,-33.6753,-30.3364,-27.2115,-28.6596,-27.4911,-25.1401,-22.9193,-18.0873,-17.234,-22.1686,-26.4045,-29.3452,-30.3244,-29.2481,-29.5312,-27.3769,-24.8335,-28.858
5.46185,2.93966,-2.72222,-10.5353,-13.7935,-15.0872,-16.2396,-18.6518,-21.5623,-18.4635,-23.4729,-26.6367,-26.3922,-29.5345,-25.236,-26.783,-24.5951,-27.6358,-26.442,-28.7784,-30.1844,-30.1536,-29.8811,-28.7197,-25.3125,-26.0032,-23.9798,-22.5027,-19.4466,-14.9855,-14.9551,-19.5269,-25.4824,-26.9016,-28.8758,-27.783,-27.2537,-25.8468,-22.453,-25.6267
-4.10323,-2.86708,-2.90486,-9.42441,-9.18447,-13.569,-15.4516,-18.1922,-19.239,-18.4953,-20.9543,-24.3417,-21.5484,-26.1829,-26.4738,-29.4354,-27.7715,-24.7598,-26.0232,-28.7878,-29.5577,-30.6014,-30.9528,-29.7483,-27.3895,-27.2759,-27.0045,-25.6101,-19.7578,-15.9883,-17.5167,-22.8523,-27.8024,-28.6105,-30.9716,-30.467,-28.6137,-27.2297,-25.2353,-26.8985
-9.81955,-5.96081,-7.82317,-10.5473,-11.0006,-16.0186,-18.3205,-21.6534,-21.574,-23.0478,-24.6297,-26.035,-24.6444,-26.6904,-28.0327,-30.8079,-32.1255,-28.1121,-29.3825,-31.0516,-32.6238,-34.3123,-35.6632,-34.8073,-31.9782,-32.1583,-33.7438,-31.1198,-26.44,-22.8101,-26.7009,-32.0198,-34.8765,-35.5995,-36.712,-37.0932,-34.2596,-33.0849,-32.5934,-33.5465
2.42702,0.165425,-1.09647,-5.25582,-9.01448,-16.8889,-18.8367,-19.133,-21.8691,-22.8911,-23.3591,-24.544,-26.2613,-22.3229,-24.8887,-27.106,-28.0365,-27.3174,-28.7608,-29.3682,-30.4814,-31.2426,-29.8099,-31.4174,-28.5799,-27.8764,-29.7329,-29.8455,-27.4225,-22.6382,-23.2953,-28.2498,-30.5218,-32.1251,-31.7178,-31.6598,-31.6778,-31.3961,-27.2154,-29.7105
5.36602,3.08501,0.227898,-3.3868,-11.8919,-15.2228,-16.2918,-16.5894,-23.1393,-23.8533,-25.2677,-25.4587,-26.726,-24.6127,-26.5686,-29.6227,-28.1551,-26.7378,-29.3345,-30.4128,-30.871,-29.5357,-27.0883,-29.0943,-26.3125,-27.1937,-27.7965,-27.6145,-25.5959,-19.1139,-18.9146,-25.3529,-29.5327,-29.3657,-29.627,-28.7534,-28.8308,-27.244,-24.3557,-27.9578
-0.834086,0.634256,-6.12395,-6.96897,-15.6742,-15.3899,-15.939,-16.4832,-19.9055,-20.6588,-26.3971,-27.6841,-27.971,-27.6835,-32.1919,-33.9062,-31.331,-28.9263,-28.7686,-30.9276,-32.108,-30.4884,-31.0209,-32.525,-28.5334,-29.0161,-29.8019,-29.3161,-27.0079,-20.8829,-20.9569,-26.6185,-31.0527,-30.9187,-32.3286,-30.506,-29.8842,-28.1243,-25.7163,-30.0128
-7.81379,-8.20407,-11.8128,-14.2473,-19.8114,-19.3517,-20.5068,-21.9326,-23.6504,-24.948,-30.9489,-33.9645,-33.8252,-32.5321,-37.6751,-40.6318,-37.0587,-34.0432,-33.7306,-37.6337,-37.8354,-36.0376,-38.4988,-39.0346,-35.0009,-35.3129,-38.3552,-36.167,-34.0665,-29.6263,-28.6002,-34.088,-37.8889,-38.2,-39.722,-36.4647,-35.3812,-34.8385,-32.1196,-36.7504
5.15421,1.72758,-6.2608,-12.5689,-15.2936,-12.0416,-15.4128,-20.2763,-28.7164,-21.892,-24.8687,-27.7362,-28.0982,-25.9621,-29.3507,-33.8091,-29.4752,-28.4916,-30.2175,-34.1901,-33.6395,-34.3255,-32.1371,-32.2664,-29.6017,-30.6674,-30.5,-30.3347,-28.4404,-25.8157,-26.5228,-30.9152,-32.4003,-32.3943,-32.657,-32.2934,-33.5646,-31.7905,-29.1465,-32.1758
8.05883,3.84619,-4.29799,-7.35476,-16.6554,-9.35123,-13.0002,-20.4452,-21.4883,-21.1425,-23.0135,-25.4558,-28.0539,-26.5122,-28.6863,-29.8031,-28.0319,-28.2915,-26.2896,-29.1162,-28.1643,-30.4284,-29.8557,-28.6453,-28.9573,-27.9938,-26.413,-27.0092,-25.3889,-21.8602,-21.8128,-27.9908,-30.0464,-29.6526,-29.3506,-29.6037,-30.173,-28.3624,-25.6087,-28.7806
4.85189,-0.455652,-4.918,-7.71279,-17.4743,-13.0697,-17.4521,-20.5546,-18.8162,-23.0529,-24.2611,-26.9708,-28.1611,-31.3511,-31.7794,-29.1189,-27.2805,-28.1001,-27.8266,-29.3019,-29.5847,-31.7299,-32.1601,-29.8882,-32.6275,-30.6456,-28.4908,-28.2133,-26.6349,-22.7649,-23.3392,-29.0557,-30.8351,-31.2206,-30.7288,-30.6179,-29.5968,-28.3978,-26.1501,-29.7269
-4.71598,-10.6172,-11.5333,-16.1452,-24.0986,-26.7388,-27.0674,-26.6542,-25.4514,-28.7404,-30.884,-32.0181,-32.5751,-37.2867,-36.4608,-35.1356,-32.6899,-32.9427,-32.9233,-35.1868,-38.4655,-38.4226,-40.4402,-37.5043,-38.2605,-36.6697,-36.5775,-35.7186,-32.5666,-29.0958,-29.6531,-35.0322,-36.5681,-36.6746,-37.77,-36.5053,-35.6314,-34.1908,-31.9466,-35.6845
-0.275388,-3.30575,-7.82668,-10.6313,-16.2609,-17.3095,-16.6105,-18.1404,-20.3725,-28.5057,-33.3695,-33.3504,-27.2499,-28.8186,-34.2054,-35.3066,-31.7929,-33.8889,-34.64,-31.3692,-33.4946,-32.2917,-31.9758,-31.1239,-29.9915,-29.5051,-31.8747,-31.6748,-28.3957,-24.8227,-24.983,-30.1412,-32.2283,-31.4914,-32.2411,-32.5104,-33.7069,-30.7675,-27.3149,-30.3265
4.70291,4.49392,-4.52541,-8.07473,-14.3256,-10.6753,-13.5855,-17.2862,-18.0747,-22.9437,-29.4067,-28.4952,-23.8507,-25.8886,-33.3992,-31.7408,-28.5758,-29.9212,-31.5933,-27.8284,-29.6555,-29.7569,-28.2033,-28.701,-27.845,-27.4071,-28.4878,-26.5327,-23.632,-19.2959,-21.376,-27.7951,-30.4912,-29.4457,-29.8977,-30.2956,-29.5992,-27.3779,-24.0316,-27.5682
5.94898,5.69552,-4.06891,-7.29436,-12.71,-12.0605,-14.7931,-18.0527,-17.7612,-20.3589,-26.3754,-26.5839,-25.611,-25.5706,-30.279,-26.4653,-27.2042,-25.7184,-27.5837,-30.2756,-30.4085,-28.8668,-29.6705,-29.9659,-29.9313,-28.0397,-28.0505,-26.748,-24.7554,-18.1325,-20.7823,-26.9533,-31.4611,-31.051,-31.8031,-31.4844,-29.3315,-28.708,-25.1993,-29.187
-0.60957,-1.99005,-8.94298,-10.82,-15.0255,-16.6281,-18.8666,-20.8294,-20.9598,-24.2494,-27.3092,-28.2191,-29.0684,-28.7027,-30.1501,-28.2608,-29.8039,-27.4372,-29.7439,-33.8164,-34.1159,-32.8263,-36.868,-36.5106,-34.7146,-33.9337,-32.8332,-32.0652,-30.1885,-24.227,-25.7585,-31.2381,-36.124,-36.4159,-38.4013,-37.1794,-34.4971,-34.5324,-31.3713,-36.5643
6.50016,4.49695,-7.09384,-9.59401,-16.3062,-10.8242,-15.3601,-19.5534,-20.2198,-22.2836,-24.1675,-23.5006,-26.2295,-27.6944,-25.3829,-25.7522,-25.7058,-24.0698,-28.7971,-30.5721,-30.8875,-33.4029,-33.7759,-31.768,-30.761,-29.5643,-27.5675,-25.9002,-25.9188,-18.2034,-15.5935,-22.4642,-29.2725,-30.9877,-31.7751,-32.7101,-30.3996,-29.4876,-27.3023,-28.8535
10.1339,4.8376,-4.07505,-5.32583,-16.4298,-10.6435,-15.6414,-19.5509,-18.9682,-19.1384,-21.8552,-22.9665,-24.4615,-27.6406,-23.2217,-25.9324,-26.4796,-26.6346,-29.8086,-28.2725,-28.7625,-29.9645,-28.193,-28.9569,-28.6194,-27.0985,-25.0309,-22.4983,-20.8531,-13.2291,-12.0379,-19.1992,-24.4571,-26.719,-27.4472,-29.4327,-27.7761,-26.6996,-24.8628,-26.254
5.75564,-3.52726,-5.72637,-7.56046,-15.7511,-15.4746,-20.6944,-20.9566,-21.1265,-21.8914,-23.6499,-28.2745,-26.1274,-29.1126,-21.8015,-25.7217,-29.1438,-29.4552,-29.4822,-29.0209,-31.131,-30.4765,-29.2282,-31.1453,-29.3125,-27.3951,-26.5532,-22.2868,-19.9216,-12.747,-13.5752,-20.7103,-23.36,-26.026,-26.5162,-29.4222,-29.5787,-27.7924,-26.0603,-28.2716
-6.22297,-11.7442,-15.8937,-20.6519,-21.4905,-22.9605,-31.7545,-27.0297,-26.4686,-32.1207,-33.9081,-34.9507,-32.0435,-33.4178,-29.193,-30.6219,-36.3531,-34.1057,-33.1158,-35.8453,-37.1917,-35.8084,-37.266,-38.1305,-33.4562,-32.371,-31.8602,-28.1282,-26.7986,-19.1248,-20.2805,-27.1712,-28.9544,-32.3441,-32.5344,-35.4203,-36.5574,-33.9608,-31.6191,-35.5084
-1.5428,-6.32955,-9.83064,-13.4387,-17.0206,-18.4534,-18.604,-18.8881,-19.4336,-26.4228,-26.1978,-27.133,-28.1131,-27.6506,-29.9103,-29.2003,-29.0622,-28.2381,-28.2331,-30.9073,-32.2342,-31.4386,-29.3381,-30.507,-28.6661,-28.8539,-26.1193,-24.0484,-22.9524,-16.7687,-16.1538,-22.0415,-26.6782,-29.9802,-31.0934,-30.6051,-30.869,-28.4727,-25.582,-32.0921
1.41103,-3.82453,-0.86241,-6.17779,-14.3451,-15.0548,-15.4205,-17.9065,-19.6134,-25.9968,-21.2283,-23.6998,-23.9953,-24.8827,-26.9063,-26.2477,-25.3112,-26.6811,-28.2794,-28.5927,-26.9382,-28.8291,-26.021,-26.0722,-27.0353,-26.6788,-23.9708,-21.0301,-19.6513,-14.1434,-13.7744,-19.3981,-23.5465,-27.4776,-26.6852,-26.5483,-26.592,-25.8388,-23.4143,-28.9321
0.324529,-2.81596,-2.46184,-8.43621,-12.9478,-15.292,-18.6523,-23.4205,-23.2565,-25.4416,-23.8932,-25.7128,-23.1586,-24.9905,-30.4764,-29.2782,-28.4445,-30.849,-33.8694,-31.1134,-28.1104,-31.1982,-28.8939,-27.4979,-29.6496,-28.5923,-24.9008,-25.2674,-21.6116,-14.2672,-15.7192,-21.7118,-25.2353,-28.0992,-27.9546,-27.9949,-27.8478,-26.8429,-24.4664,-28.0595
-5.89728,-7.9144,-12.4087,-16.7744,-17.0052,-19.9395,-22.8246,-24.9872,-27.3033,-28.6783,-29.0723,-31.1719,-28.0572,-30.0906,-35.6762,-32.8375,-33.8321,-35.7684,-38.1167,-36.8141,-34.9692,-37.0956,-36.4813,-34.4365,-36.9971,-33.892,-30.1845,-31.824,-27.6945,-20.7328,-23.2126,-29.0477,-32.9137,-34.1551,-34.8184,-34.8717,-34.4653,-32.5548,-30.1686,-32.7006
4.37485,0.224628,-8.67984,-12.0619,-15.856,-14.8857,-17.4017,-17.5759,-19.0626,-21.5898,-21.4138,-27.2961,-24.9718,-27.412,-25.7658,-25.0174,-27.0963,-29.3838,-28.9408,-29.4123,-30.8096,-31.6969,-29.5385,-29.9572,-33.1554,-26.9786,-24.685,-25.3771,-20.4988,-17.8221,-18.2249,-23.5216,-26.341,-28.7342,-31.0926,-30.3648,-29.5412,-29.0296,-27.319,-30.1859
7.08895,3.67856,-8.45625,-11.018,-13.4362,-11.3645,-13.0633,-14.8494,-15.9899,-19.871,-21.5248,-25.3003,-23.521,-25.8252,-25.1799,-24.8264,-26.6077,-27.079,-27.7833,-27.1885,-28.4599,-28.5981,-26.7639,-27.9208,-27.0503,-24.9236,-24.3013,-24.0943,-19.0817,-13.8413,-13.7079,-18.7336,-24.2671,-25.6209,-27.9057,-28.2539,-26.5014,-26.5178,-24.586,-26.7687
4.07042,1.61471,-7.92544,-9.8533,-12.7736,-10.0711,-13.6419,-18.9412,-20.0418,-25.4942,-23.5143,-24.2813,-26.0396,-29.0302,-29.3431,-27.9235,-28.6727,-25.9775,-30.275,-30.7712,-29.627,-30.131,-28.0944,-27.4444,-27.2744,-28.3354,-27.0164,-25.9473,-22.0327,-15.5536,-15.0432,-18.9632,-26.343,-27.458,-29.4442,-30.3059,-27.9215,-27.4291,-26.076,-27.8051
-4.95681,-6.50877,-11.6448,-14.2626,-17.6275,-18.2759,-23.6395,-24.7345,-26.5518,-29.6695,-25.8814,-26.3826,-32.7422,-33.2972,-34.1085,-33.2532,-35.1156,-31.0216,-34.5451,-35.1583,-35.5758,-36.9375,-34.3882,-32.8331,-33.6156,-36.4408,-33.3825,-32.4356,-28.5715,-22.4343,-21.5905,-25.4753,-32.1655,-36.3358,-36.8387,-37.474,-34.1852,-33.5543,-32.307,-34.9787
-9.34864,-4.2068,-2.63329,-6.53152,-17.0868,-19.2615,-19.9356,-17.4104,-19.9882,-22.038,-22.3057,-23.1109,-27.1344,-25.8281,-29.6041,-28.0539,-29.9668,-31.5942,-29.1133,-28.8637,-31.843,-34.5093,-34.3017,-31.5979,-29.3249,-29.4949,-30.0157,-27.7389,-22.8334,-19.8252,-16.6524,-23.5605,-27.989,-33.2518,-32.2261,-32.7013,-30.7016,-28.5112,-26.0724,-29.6592
2.47279,2.85064,2.63129,-4.91491,-14.3186,-16.3216,-20.0105,-18.9075,-19.0053,-19.959,-22.0058,-23.909,-24.8991,-25.6935,-25.9268,-26.0496,-26.0563,-28.5474,-27.7586,-28.8942,-30.6565,-30.171,-29.424,-29.294,-28.4973,-27.9423,-26.2268,-25.5882,-20.2324,-16.3835,-13.6145,-22.0745,-26.3958,-30.8283,-29.0245,-29.2948,-28.478,-26.3248,-23.7048,-26.8451
5.90343,3.67307,-3.21631,-8.6762,-10.506,-12.3347,-18.2985,-19.9995,-17.7327,-18.9191,-22.955,-24.8841,-25.7293,-26.5922,-26.4402,-27.9995,-28.6361,-30.3901,-29.6294,-29.5873,-29.4289,-28.3964,-28.3893,-29.1427,-29.6129,-29.4728,-27.6163,-28.0955,-22.9588,-18.1527,-17.3935,-25.3266,-29.3018,-31.6764,-30.2747,-31.1843,-30.0882,-28.1143,-25.0001,-28.0438
-0.0520966,-2.60263,-7.6507,-10.0358,-12.5045,-14.9728,-19.0742,-20.6564,-20.9766,-22.2299,-25.1504,-27.0433,-27.8621,-27.4093,-29.1209,-30.6708,-32.5258,-31.5453,-32.9191,-32.2959,-31.71,-30.9392,-32.5163,-33.45,-34.1503,-34.6586,-34.9511,-33.8332,-29.5329,-25.4474,-26.1885,-32.3186,-35.0674,-36.9695,-36.2262,-37.2813,-35.9351,-34.1586,-31.4016,-34.1942
6.39004,3.22781,-0.365775,-3.95264,-15.3937,-17.6616,-15.4962,-16.4411,-23.8583,-21.986,-20.2093,-24.5281,-24.3377,-23.7232,-26.0568,-26.9326,-27.0344,-26.2066,-27.2079,-28.9863,-30.3586,-29.0527,-32.5406,-32.9322,-28.4934,-30.9538,-30.5571,-28.323,-27.1411,-21.9644,-21.6907,-27.8087,-31.4697,-31.8993,-31.7988,-31.6013,-30.7391,-29.4382,-27.9093,-30.77
10.3809,6.08899,-0.317452,-5.1131,-13.4061,-17.5766,-13.7956,-15.1393,-20.1435,-21.066,-20.08,-23.4366,-24.5432,-22.7667,-24.9334,-26.8497,-25.1909,-26.7396,-26.8689,-26.8314,-29.2738,-27.9239,-32.1565,-31.6558,-27.7666,-28.4798,-27.4465,-25.9505,-23.8577,-19.8182,-20.3518,-26.1565,-29.4739,-29.4858,-29.2166,-28.9416,-28.5661,-27.0027,-25.1859,-28.0659
7.52627,3.81402,-1.23933,-7.83903,-10.98,-12.5362,-12.5896,-15.8393,-20.006,-23.2741,-23.6722,-23.6647,-25.5746,-23.7981,-23.9174,-28.8361,-28.1993,-27.7375,-29.4343,-28.7774,-30.4421,-27.1002,-32.2377,-32.8701,-29.7038,-29.936,-28.8643,-27.7655,-25.3052,-23.3026,-23.2976,-27.9036,-30.9415,-30.5485,-30.2804,-30.3004,-30.3019,-28.3482,-26.1257,-28.8157
1.06996,-0.960606,-5.66072,-12.6683,-14.283,-15.7704,-20.0961,-21.7647,-23.6417,-26.4217,-26.9032,-28.8951,-29.7022,-28.1017,-27.9616,-31.9852,-34.09,-32.1561,-33.9936,-35.7442,-35.3851,-31.3628,-36.0642,-37.0663,-35.0312,-35.3689,-35.3396,-33.5695,-32.5212,-31.1624,-30.2352,-35.6487,-36.2702,-35.7775,-35.9736,-36.8822,-37.5157,-33.9203,-31.8912,-34.7911
10.305,4.6999,-7.07798,-11.3975,-10.9564,-14.1057,-20.3178,-20.169,-21.2987,-23.7642,-25.74,-29.8812,-27.0769,-25.7885,-25.4612,-27.6405,-29.3507,-30.6526,-28.862,-30.2324,-30.8103,-31.4786,-32.0811,-32.1227,-30.5931,-33.6211,-32.7905,-30.2591,-27.991,-24.9355,-24.4223,-30.0943,-30.1302,-30.6085,-32.3698,-32.5747,-32.4309,-29.6021,-27.526,-30.7961
14.0453,9.19532,-1.29261,-9.45939,-11.9114,-12.6462,-19.1921,-18.2129,-19.9346,-23.0665,-22.9719,-27.6399,-27.7544,-27.429,-25.5636,-27.5542,-29.6497,-29.5056,-28.5601,-28.1526,-27.9608,-28.3423,-28.3545,-30.8539,-28.3262,-29.6866,-27.9738,-28.3402,-26.6453,-22.2733,-21.1958,-26.9394,-28.8858,-29.6215,-30.6876,-30.2584,-28.8319,-26.817,-24.258,-27.1811
10.5059,7.05685,0.647452,-8.73912,-17.0747,-17.0813,-20.9006,-21.0343,-22.3386,-26.4348,-24.9561,-26.0977,-27.0973,-28.5508,-27.6981,-27.7746,-30.67,-30.827,-29.3206,-30.125,-31.5443,-29.4216,-28.7981,-32.3804,-30.4097,-30.0587,-27.7648,-30.0356,-28.4464,-23.9685,-23.3628,-27.5254,-30.5849,-30.7894,-31.436,-30.4834,-28.8139,-28.3751,-24.7277,-28.9664
-2.21457,-7.50122,-7.24541,-12.8109,-20.3368,-24.1695,-23.5626,-24.0569,-26.0013,-28.7486,-29.9137,-31.0134,-29.9021,-29.9973,-31.5225,-30.7122,-32.5942,-34.9545,-33.0336,-35.729,-38.8212,-34.3695,-34.162,-37.9432,-37.4163,-36.1083,-33.6621,-36.2121,-34.9276,-30.828,-29.873,-33.1245,-35.7594,-35.7046,-37.2381,-36.0046,-34.6518,-35.2046,-31.521,-36.1857
1.57306,-4.722,-2.09573,-9.42159,-15.0649,-17.569,-16.6417,-13.8805,-17.3402,-23.2078,-25.5384,-26.8335,-26.1418,-28.1403,-28.2131,-25.9213,-26.7857,-28.4962,-31.3047,-35.13,-37.405,-33.2327,-30.2263,-34.773,-31.3908,-30.6763,-31.6458,-30.9263,-29.8376,-25.861,-24.7026,-30.2282,-32.6424,-32.3532,-32.8696,-32.4615,-30.9161,-30.3501,-27.1337,-30.8139
2.9707,-2.20597,-1.94803,-5.23774,-13.1064,-15.6642,-16.1746,-11.4088,-14.2982,-22.0421,-25.0881,-25.3961,-24.49,-27.2532,-26.1561,-25.2779,-25.0002,-25.7223,-29.2787,-29.6296,-30.2882,-30.4812,-28.7926,-30.1924,-27.6147,-28.8531,-30.1033,-27.1568,-25.4374,-20.3005,-19.013,-25.5163,-30.6787,-29.6997,-29.3155,-29.1536,-27.5295,-27.6196,-25.3866,-29.0088
0.587987,-1.87401,-7.5436,-6.55946,-11.5252,-20.1161,-19.5186,-13.1003,-16.5494,-22.7094,-26.5287,-28.9961,-30.2187,-28.0295,-27.5321,-26.8879,-25.6706,-27.6076,-29.8672,-29.1995,-29.432,-31.6064,-30.7307,-31.2825,-27.8454,-29.8602,-29.1904,-26.7234,-24.9523,-20.7404,-19.8573,-26.2929,-32.0611,-30.5499,-30.9967,-30.7022,-28.6416,-29.0826,-27.5049,-29.382
-6.46958,-7.883,-14.1033,-17.6487,-16.8868,-21.9401,-24.5353,-20.3331,-25.0863,-31.9331,-33.2049,-36.2549,-38.2832,-34.622,-33.5566,-34.7571,-32.8946,-34.8821,-36.9184,-35.45,-35.6873,-38.4222,-38.8405,-37.1425,-32.8453,-34.6458,-33.5146,-31.6559,-30.3096,-27.2555,-26.9797,-32.7197,-36.5282,-37.0906,-37.9814,-37.9157,-35.7441,-35.5812,-33.157,-34.9109
1.22595,-2.0296,-7.19502,-15.9516,-13.75,-14.5714,-20.4106,-20.6649,-27.1531,-28.7288,-25.4336,-31.27,-29.8106,-30.2195,-29.5676,-30.9139,-31.0481,-31.1208,-30.8768,-30.2889,-32.5608,-33.6746,-34.2127,-35.0937,-29.0086,-29.1276,-30.2338,-30.6782,-26.9561,-22.907,-21.3032,-27.4572,-29.9519,-32.2241,-33.7895,-33.3623,-32.4602,-31.0047,-26.5139,-29.0566
7.23555,-1.40512,-4.13149,-12.3754,-15.5164,-14.4099,-17.3406,-20.4883,-21.5383,-23.6811,-21.8299,-27.3436,-25.1924,-25.1713,-26.523,-28.228,-28.5597,-26.7515,-28.6533,-28.7245,-29.0315,-28.696,-28.9062,-31.0899,-27.1774,-27.7702,-28.2814,-28.6598,-24.3957,-19.6657,-18.0552,-24.5276,-28.4534,-29.3443,-29.6457,-30.7395,-28.631,-27.1593,-24.6711,-27.3819
8.09771,1.01622,-6.05677,-12.9668,-22.5636,-16.8707,-14.9913,-19.7988,-15.9961,-19.8369,-21.1366,-29.7579,-27.9761,-26.0762,-29.593,-30.4489,-28.8828,-26.4193,-30.9226,-30.981,-28.8601,-30.7982,-29.8072,-33.159,-30.6418,-33.2131,-32.2579,-30.4642,-25.0401,-19.7068,-18.6406,-26.1442,-31.2663,-30.725,-31.4473,-32.4516,-29.933,-28.0803,-26.613,-29.5246
0.679852,-4.71691,-14.495,-18.6741,-25.1369,-23.2227,-22.2608,-24.5681,-20.6302,-23.7851,-28.6511,-35.3197,-34.1271,-36.1425,-37.4941,-34.5259,-34.1991,-33.0375,-37.133,-36.5447,-33.8372,-38.0874,-35.6203,-38.5486,-36.6401,-39.4362,-37.6847,-35.9052,-31.0489,-25.1017,-25.3735,-34.2344,-38.127,-36.8276,-38.2693,-38.4848,-36.5918,-34.0919,-32.8846,-35.9587
6.4309,-0.220107,-7.8242,-7.93676,-20.2189,-21.961,-25.7267,-30.2483,-24.6958,-25.1352,-33.3597,-25.488,-24.1119,-30.6007,-30.0954,-27.5759,-29.7134,-29.8786,-33.1277,-32.4092,-31.9634,-31.2082,-29.7004,-33.12,-30.2742,-30.366,-30.2172,-27.9212,-26.6942,-23.9514,-24.1007,-28.3943,-31.2319,-32.2892,-32.5468,-34.5703,-31.7468,-30.5813,-29.4589,-31.5613
10.6042,3.64366,-4.10295,-6.14431,-12.5924,-15.3531,-21.0892,-18.5713,-16.4871,-21.3383,-30.4369,-24.2544,-23.7023,-26.9846,-25.4807,-25.2277,-24.7968,-28.4421,-30.72,-30.4116,-28.3798,-29.092,-30.2585,-30.0333,-28.0099,-28.347,-28.8245,-26.5348,-24.5784,-20.7535,-19.4123,-24.9019,-29.0617,-30.3596,-30.431,-31.6954,-29.2541,-28.3486,-26.354,-28.276
10.5775,4.63679,-3.65336,-8.76126,-10.2569,-11.7885,-15.906,-17.7525,-18.0582,-23.0457,-25.4493,-26.2594,-27.211,-26.3197,-26.4835,-26.597,-25.0324,-28.657,-29.5069,-30.6076,-28.3692,-28.8546,-30.2284,-32.1255,-29.5105,-29.4071,-30.3852,-28.7826,-25.7923,-19.33,-17.8618,-24.9951,-28.8202,-31.8519,-32.7985,-31.9618,-30.155,-29.3035,-26.4221,-29.271
3.95004,-0.560494,-7.58968,-13.3633,-14.1082,-15.0887,-18.3775,-20.1681,-22.1176,-25.1698,-24.7448,-25.5741,-29.6702,-29.2409,-29.5408,-31.5668,-31.9331,-32.8375,-33.7806,-34.2118,-32.5879,-33.0387,-35.0785,-36.5657,-34.846,-34.2445,-34.7495,-34.0881,-31.0856,-23.6227,-22.2845,-31.1449,-33.6197,-37.8125,-39.2401,-37.7032,-35.9374,-35.0174,-32.2507,-35.3779
9.07329,2.90652,-5.63139,-9.73044,-13.9226,-18.6159,-17.4466,-14.8032,-15.9343,-19.7611,-20.0728,-20.2761,-26.8703,-27.224,-26.2807,-30.4668,-30.4775,-29.8446,-31.3449,-29.5428,-28.2402,-30.7867,-34.0522,-31.4718,-29.7595,-29.7388,-30.7991,-28.5857,-25.4883,-21.4382,-19.0487,-26.9164,-32.3428,-34.0486,-32.8538,-34.1234,-32.4059,-29.7428,-29.1682,-31.1654
14.3742,6.28459,-6.04166,-7.28645,-12.1892,-14.9973,-15.65,-17.6656,-17.3555,-15.9078,-21.4099,-22.5837,-24.1607,-24.3827,-24.2559,-26.8107,-26.848,-27.6686,-28.6108,-29.2767,-27.7763,-27.1458,-29.8165,-29.0035,-27.7701,-28.4306,-28.2165,-26.5631,-24.5185,-18.8062,-17.982,-24.4448,-30.1657,-29.0964,-29.102,-30.3589,-28.5245,-26.2622,-25.1939,-27.6389
12.7467,6.66327,-3.46108,-4.31169,-8.40141,-7.64826,-11.5686,-17.0184,-15.3386,-15.0038,-19.3632,-20.6468,-21.2885,-20.4268,-20.0213,-22.6073,-23.4094,-25.4572,-25.0975,-26.1748,-27.1719,-27.1673,-27.4835,-26.8292,-25.8439,-28.8377,-27.9548,-27.5576,-25.7522,-20.1832,-21.3822,-26.9814,-29.7926,-28.7988,-29.3837,-29.9464,-29.5646,-28.3035,-25.5876,-28.0777
4.68105,1.865,-3.42012,-5.91928,-8.99312,-9.86621,-13.209,-16.9542,-16.6041,-17.53,-19.665,-20.5821,-21.7546,-21.4068,-21.8801,-23.9759,-25.3,-27.0872,-26.6232,-27.2763,-28.617,-30.1822,-29.377,-29.0419,-28.4962,-31.4462,-31.3277,-31.5659,-31.597,-26.0157,-27.7255,-32.512,-33.9025,-34.1238,-34.8276,-35.1151,-36.1897,-34.5668,-32.1998,-33.7409
8.80748,5.64454,-1.5953,-3.59518,-9.73311,-12.7948,-11.8659,-14.808,-17.2988,-16.7919,-17.3252,-17.4288,-18.9547,-19.3589,-22.8378,-22.452,-23.0277,-24.4714,-25.7914,-26.3073,-26.7933,-28.1653,-27.4072,-29.0762,-28.7489,-28.4932,-27.32,-27.0435,-27.1786,-22.8478,-21.6868,-26.1227,-30.0066,-29.6126,-30.1361,-31.927,-33.1992,-29.2587,-29.1034,-30.3974
12.0189,6.99702,-0.475562,-6.53896,-13.4879,-14.9006,-13.4466,-15.638,-18.9892,-19.8977,-19.6575,-20.9106,-22.0994,-22.8031,-26.4567,-25.5895,-25.5093,-27.0427,-26.9205,-27.9007,-28.7892,-28.7913,-28.6656,-29.2192,-28.3548,-27.9563,-26.9201,-26.5292,-25.9919,-20.0027,-19.3902,-24.4886,-27.9332,-28.8475,-28.8367,-29.8843,-29.8642,-27.2662,-26.3737,-27.998
10.1797,6.4935,-2.87153,-8.59177,-12.9879,-12.773,-13.5297,-15.8698,-19.0676,-20.1455,-20.6991,-25.3212,-25.4824,-25.8081,-27.5093,-27.6945,-29.365,-28.1971,-26.2257,-27.8935,-28.3203,-28.536,-28.9106,-28.989,-30.1291,-29.2555,-28.1379,-27.9637,-28.2421,-22.2072,-20.3315,-27.0217,-29.7828,-31.2922,-31.4391,-31.0101,-30.4471,-28.9756,-27.3837,-29.9024
2.18164,-0.19288,-8.81306,-12.0633,-14.6055,-15.3501,-16.5611,-19.655,-22.7293,-22.2285,-23.3636,-28.3059,-28.5821,-28.8847,-29.5172,-31.047,-30.8155,-30.9364,-30.0645,-32.7901,-32.7976,-31.6997,-32.4068,-32.747,-35.206,-35.8057,-34.3233,-34.0744,-32.906,-29.0441,-26.7694,-32.3637,-35.945,-36.7837,-36.9983,-36.6525,-37.0739,-35.5428,-33.2104,-36.7801
7.24402,2.1978,-5.93675,-17.4559,-16.155,-12.0562,-16.563,-20.9253,-21.9177,-21.3092,-24.7475,-24.4971,-24.2593,-27.2625,-25.5415,-27.0683,-27.0525,-28.9606,-27.4225,-29.8286,-31.4769,-30.0006,-30.941,-30.134,-31.4132,-32.213,-31.4542,-28.925,-26.9015,-24.3812,-23.3403,-28.3877,-32.3145,-33.023,-32.9471,-33.0299,-31.584,-30.7976,-26.7089,-30.0817
8.71429,2.95627,-2.00896,-7.75004,-10.8383,-10.7394,-15.4146,-21.2493,-17.3187,-17.6058,-23.7801,-23.9649,-24.5016,-28.2674,-24.3281,-25.1622,-28.7562,-27.5613,-26.2116,-28.2521,-28.9649,-29.6201,-28.81,-27.9914,-27.7747,-28.7185,-28.3785,-25.569,-24.013,-20.2987,-20.6068,-26.4984,-29.5087,-30.9192,-30.6401,-29.7727,-28.4954,-28.129,-24.5369,-26.9807
4.91251,1.71343,-2.15129,-3.46538,-11.078,-13.1016,-13.8589,-21.501,-18.25,-20.6271,-24.3531,-25.728,-27.0599,-28.5273,-25.4821,-27.5187,-28.6791,-29.2982,-31.3053,-29.8713,-29.1731,-29.7895,-28.9519,-30.4518,-28.3713,-30.7102,-28.7815,-27.4788,-25.7685,-21.2161,-23.1845,-28.5048,-31.2415,-31.2125,-32.0272,-31.3357,-29.9312,-29.4041,-26.4178,-28.5919
-1.43301,-3.6635,-6.17332,-8.74231,-18.3301,-19.7477,-18.2699,-24.3383,-25.5781,-30.0433,-30.1202,-30.213,-32.7905,-33.4444,-32.4416,-36.3549,-34.6081,-34.9507,-37.9235,-33.9121,-34.245,-35.2304,-34.4192,-37.2738,-33.5427,-36.4755,-34.5155,-34.9532,-32.8971,-28.7908,-30.2674,-35.724,-37.9761,-37.4973,-38.3648,-38.7808,-36.3078,-34.4908,-32.7908,-35.0515
-0.812585,1.34494,0.28522,-5.13365,-16.0494,-19.1401,-18.7261,-20.3332,-20.9399,-30.1648,-27.4119,-24.4083,-29.2312,-28.787,-31.3021,-35.198,-30.7381,-28.5347,-31.0129,-28.2552,-30.9127,-30.3602,-32.6068,-32.3427,-28.8756,-30.7448,-30.2514,-32.5999,-28.4472,-23.5573,-21.8342,-31.2477,-34.0183,-32.8726,-32.9706,-33.0309,-33.0665,-30.1588,-27.3429,-30.3737
1.27643,2.06631,0.350559,-4.80338,-13.566,-12.8917,-13.6588,-18.9427,-20.1592,-22.1128,-22.6241,-24.4716,-25.9953,-25.8243,-26.7509,-29.6828,-29.8383,-27.9137,-29.2521,-27.0673,-27.8018,-29.2307,-29.9223,-30.0041,-27.9195,-26.7121,-26.7636,-28.031,-26.5815,-19.6488,-18.8704,-27.2127,-29.8335,-29.5362,-29.7252,-30.0227,-28.7079,-28.0468,-24.909,-28.4573
-5.60963,-1.84455,-5.46345,-9.38774,-14.2011,-14.4269,-15.3687,-21.7953,-20.398,-18.9473,-23.037,-26.3029,-25.9206,-27.7651,-29.0555,-28.065,-29.1111,-28.7265,-29.7338,-30.3374,-28.8457,-31.1334,-30.2524,-30.3179,-30.1658,-28.3673,-28.9728,-28.7905,-27.5439,-22.1109,-20.6959,-28.2205,-30.1486,-30.408,-30.8667,-32.1315,-29.6542,-29.4252,-26.2244,-28.778
-10.6346,-9.69062,-14.4191,-16.4595,-20.494,-23.099,-23.0278,-24.5006,-25.5759,-26.4004,-30.7088,-32.8868,-31.3674,-34.5061,-35.4238,-32.9645,-32.6303,-33.0372,-34.3151,-36.71,-37.4002,-37.3064,-36.2507,-35.7918,-36.0037,-36.5383,-36.6126,-36.4574,-32.5809,-28.1575,-27.4271,-33.3096,-36.2542,-36.1742,-37.6712,-37.8418,-36.4157,-35.4326,-32.4268,-34.4111
2.24098,-4.94187,-15.1181,-12.1526,-17.7901,-19.4243,-17.6041,-17.2243,-20.4304,-25.1768,-27.0971,-27.5434,-26.8759,-31.3379,-30.0305,-30.2565,-30.9697,-29.3778,-28.8744,-29.8162,-29.7766,-30.7387,-33.0129,-32.7059,-28.3014,-30.8861,-29.868,-30.4529,-27.3854,-21.8724,-21.4401,-26.0703,-31.7005,-32.5709,-33.4421,-31.6489,-30.9663,-29.5494,-28.2299,-31.8736
7.46702,-0.730436,-9.07504,-7.97989,-13.7169,-15.1153,-17.6407,-17.0495,-20.4649,-21.8401,-24.2439,-24.9315,-26.3069,-26.2744,-29.0227,-29.9597,-26.772,-26.3416,-27.4716,-28.7307,-27.3301,-28.2438,-29.4045,-29.2909,-27.0732,-28.4306,-27.0292,-26.4178,-25.5633,-19.1597,-17.7283,-24.0447,-28.6915,-30.4459,-30.354,-30.4165,-29.4434,-28.1133,-24.8047,-28.0552
7.23081,3.00552,-9.17803,-8.90889,-10.3662,-10.1478,-18.5438,-16.8672,-19.6316,-20.5944,-22.5475,-23.075,-23.3619,-23.1943,-26.8556,-27.2765,-26.7798,-26.7005,-29.3389,-28.5055,-30.076,-28.6232,-29.8783,-29.6064,-30.0982,-29.1098,-28.2116,-27.7558,-27.7443,-22.1444,-19.3391,-26.9188,-30.8352,-31.8195,-31.7509,-32.8747,-31.9611,-29.5998,-25.1194,-28.4738
0.0878224,-1.13227,-7.42315,-11.255,-11.8026,-13.5775,-19.0747,-19.048,-20.4906,-22.8841,-24.4616,-24.3905,-24.1489,-24.2104,-28.3589,-28.4724,-29.3272,-30.3739,-31.7296,-30.8827,-32.7386,-32.3222,-33.9231,-34.2757,-35.2464,-34.8234,-34.2645,-33.7877,-33.6568,-30.7516,-28.3144,-33.6325,-37.2675,-37.6004,-37.8797,-39.1186,-37.7853,-35.0253,-31.3409,-34.5322
5.68716,5.58631,-1.67109,-5.57627,-10.3013,-12.4499,-14.9506,-17.7059,-17.972,-20.5953,-21.8771,-22.7656,-21.9437,-20.1508,-25.62,-25.4039,-25.547,-27.848,-26.5453,-29.1223,-30.9335,-31.2603,-28.8217,-30.6521,-31.5009,-31.0269,-30.8412,-29.8251,-28.039,-24.2575,-25.0005,-28.4797,-32.688,-32.1469,-33.2795,-33.3751,-31.5735,-30.3864,-28.2244,-30.5468
8.81233,4.70786,-1.23437,-5.90885,-11.5341,-12.625,-17.0725,-16.2563,-16.7612,-19.6231,-23.0964,-23.3607,-25.1255,-22.6986,-24.6132,-24.7807,-26.4679,-27.7357,-26.8849,-28.9535,-30.3932,-27.7669,-26.6388,-28.4249,-30.8492,-29.296,-28.2279,-28.3734,-25.4882,-19.3573,-21.0699,-25.5463,-29.0689,-30.1152,-29.2322,-30.2799,-28.7093,-27.3991,-24.3783,-27.4582
6.75893,-0.075108,-5.29455,-4.81128,-10.5702,-10.8753,-15.688,-15.615,-15.9584,-18.7555,-19.8312,-21.5045,-25.0367,-23.9504,-23.1052,-26.0714,-24.5487,-26.1901,-26.9675,-29.5065,-29.6069,-28.9202,-28.3275,-29.4599,-29.7972,-30.2285,-27.9748,-29.0735,-25.6054,-19.4651,-19.9623,-27.2317,-30.507,-31.4202,-29.428,-31.3477,-29.8203,-28.1204,-25.526,-29.4443
-0.552861,-4.13397,-8.26642,-8.09301,-11.1143,-13.2451,-16.0749,-17.8486,-19.3008,-21.2316,-21.8399,-23.362,-25.8655,-25.1066,-25.4804,-28.8749,-27.1304,-28.1593,-29.3667,-31.833,-32.3117,-34.0274,-33.119,-33.2584,-32.986,-33.4581,-32.4491,-33.8937,-31.2152,-25.0722,-25.0148,-32.3987,-36.1656,-36.1238,-35.0325,-36.3378,-36.1095,-34.1266,-32.1298,-36.3394
2.98629,0.552259,-4.39222,-6.33437,-10.8717,-13.41,-12.1133,-15.8845,-20.7459,-23.6453,-23.0828,-22.2018,-24.3114,-23.3068,-24.6195,-26.2614,-25.2413,-24.7117,-26.4303,-28.0974,-29.2916,-30.5331,-28.8608,-28.3571,-28.3502,-28.2952,-29.2505,-29.4357,-28.5402,-20.3286,-20.9861,-25.9623,-31.8064,-30.9892,-30.9176,-31.5561,-32.1236,-29.9602,-27.5856,-30.7307
9.33935,2.59367,-5.42765,-6.72904,-15.139,-14.7005,-14.6128,-17.9229,-20.2937,-21.5812,-22.6173,-23.7257,-24.5908,-24.6457,-28.2941,-27.2577,-24.3497,-23.8645,-26.8573,-27.1315,-28.4114,-28.1752,-29.2192,-27.5615,-27.7484,-26.1256,-26.8011,-26.2773,-26.7219,-17.3253,-17.4666,-24.3735,-29.032,-28.9155,-29.488,-29.0315,-29.2669,-26.6768,-24.3552,-27.6542
11.0298,3.18999,-1.02042,-4.5718,-12.8178,-13.3282,-16.1465,-18.3596,-17.4272,-19.9458,-17.7295,-22.7959,-25.0698,-24.8334,-27.915,-27.2156,-26.7471,-26.5289,-28.1024,-27.0596,-29.0303,-28.175,-31.6651,-29.9668,-28.9779,-28.2543,-27.8071,-26.4298,-25.826,-19.1933,-19.4735,-26.2296,-30.1187,-30.9229,-31.1463,-30.2843,-28.8226,-27.5372,-25.8945,-28.9928
4.41854,-0.29263,-4.16804,-9.20386,-15.339,-16.2423,-17.7232,-19.8764,-19.9842,-23.7739,-20.7562,-23.939,-26.0789,-26.5469,-29.4109,-30.0691,-29.9976,-32.3929,-32.3726,-31.8648,-33.3476,-32.1488,-35.6486,-34.5817,-34.9623,-34.6763,-33.7587,-31.5077,-30.0789,-25.5336,-25.8441,-32.0519,-34.9844,-36.9051,-37.5277,-36.612,-34.4422,-33.987,-32.4542,-35.0116
5.74868,-0.693409,-2.72232,-8.09849,-14.2582,-15.2147,-16.2185,-18.4753,-19.4686,-22.0932,-21.166,-21.8287,-22.7411,-22.5319,-25.5558,-27.9483,-23.9174,-29.5259,-29.4,-28.1166,-27.914,-29.9121,-31.3683,-30.2918,-29.6552,-28.8862,-29.4323,-28.2981,-27.7954,-21.0587,-20.3618,-24.5527,-28.9187,-31.5905,-31.8617,-31.9835,-31.8681,-29.7774,-27.5487,-30.8208
9.51424,1.1871,-3.0402,-8.47529,-14.5278,-13.2011,-16.9814,-19.1927,-19.8249,-21.3994,-19.9558,-25.02,-26.3715,-24.3723,-25.101,-25.6054,-22.7807,-24.5559,-28.1248,-26.2525,-26.1984,-27.3529,-28.2561,-28.9479,-28.3965,-27.1339,-27.0579,-26.2818,-24.304,-17.0127,-16.5535,-22.9615,-27.2708,-28.957,-29.1882,-28.9255,-29.6152,-27.5431,-24.6122,-28.2059
9.42689,6.47276,-0.192462,-10.398,-12.2665,-14.5627,-17.0336,-20.5793,-18.8621,-23.5758,-17.5595,-22.3777,-26.8013,-23.8904,-25.0722,-25.4638,-22.9047,-24.7042,-28.9107,-27.9815,-28.5428,-28.7537,-28.1543,-29.5388,-29.1239,-27.5726,-28.6359,-26.4075,-24.6028,-17.77,-17.6921,-24.9234,-28.0695,-28.6612,-29.6584,-28.9508,-29.8636,-28.5625,-26.2701,-29.0596
3.54327,2.13549,-3.07907,-10.4144,-12.5438,-15.4235,-17.7812,-19.1897,-21.2025,-23.3159,-20.8013,-23.3364,-26.4221,-26.9494,-27.5832,-27.4633,-27.4701,-31.3628,-33.0838,-32.1667,-31.9869,-33.0231,-33.774,-34.3237,-32.2051,-32.7484,-35.4547,-32.6623,-29.8571,-24.3367,-23.2828,-29.5608,-33.7655,-34.0445,-34.9497,-35.0596,-34.3065,-34.0997,-32.7561,-34.5024
8.9725,2.27872,-3.93476,-7.55966,-8.67349,-11.2532,-14.3093,-12.8707,-16.6023,-17.2948,-18.8782,-21.4217,-22.5318,-26.3324,-24.984,-22.9746,-25.8219,-29.8647,-30.7166,-29.9436,-28.0211,-29.3823,-29.8816,-30.8925,-30.8691,-29.202,-29.5358,-29.5649,-24.0306,-20.317,-19.168,-25.8568,-29.0653,-30.2588,-33.1985,-32.0355,-29.7444,-29.2334,-27.9772,-29.829
14.4244,5.82505,-3.24749,-10.8588,-11.0501,-12.0659,-17.9449,-16.5429,-17.6766,-18.3389,-19.7508,-23.3006,-24.3184,-27.5823,-22.6886,-23.2059,-24.5299,-26.7352,-29.0792,-28.708,-27.0901,-29.8234,-29.7501,-29.806,-28.4945,-27.0676,-27.3743,-25.9041,-22.9531,-17.9143,-16.3214,-23.0624,-27.2489,-27.9468,-29.8042,-28.9849,-27.313,-26.6925,-25.4182,-27.267
13.3289,4.55602,-1.83496,-14.6004,-14.8485,-13.4822,-19.6609,-21.6703,-20.9845,-21.6267,-24.5001,-26.9962,-26.5694,-27.9067,-23.1993,-24.7686,-25.9816,-25.452,-29.402,-30.8479,-29.4276,-32.6953,-32.515,-31.2163,-29.5131,-27.0945,-30.9057,-27.5687,-25.1876,-19.9947,-19.5991,-24.1729,-29.2497,-30.3382,-30.613,-29.8334,-29.6363,-27.5813,-26.9303,-29.1782
5.1632,-0.663295,-8.22211,-18.3718,-20.8862,-20.1626,-22.6893,-25.7121,-31.215,-29.2237,-31.1646,-32.8761,-33.0434,-31.8448,-30.2406,-32.1069,-33.0407,-31.7781,-35.3015,-36.8723,-36.9033,-39.1894,-38.588,-37.7625,-35.5809,-33.3345,-36.9244,-33.3373,-29.4729,-25.2861,-25.2397,-30.3241,-34.6482,-36.5612,-36.4498,-35.6448,-36.301,-33.8053,-33.0005,-36.7141
9.5715,-0.715929,-10.2251,-11.3055,-13.7773,-16.6665,-17.0951,-20.7917,-21.8838,-24.0966,-25.4493,-26.4851,-27.263,-25.4049,-25.6857,-32.951,-33.1727,-30.0366,-27.9923,-29.6517,-30.2235,-31.7717,-33.5008,-31.738,-31.7982,-29.5134,-29.6278,-27.6677,-25.072,-19.6461,-18.2161,-25.0438,-29.814,-32.8888,-32.9853,-31.9619,-31.8319,-29.4207,-27.1154,-31.7675
13.7253,3.29112,-5.15229,-8.95672,-13.3632,-14.0553,-13.3113,-15.7032,-17.282,-18.0671,-20.2447,-24.1439,-25.6989,-23.8528,-23.8196,-26.7409,-27.9537,-27.749,-25.0364,-26.9152,-26.3487,-26.9583,-30.3493,-29.4609,-27.2678,-26.9608,-27.3444,-25.5848,-22.7574,-18.5656,-17.5257,-24.2159,-26.6662,-29.0819,-30.8617,-29.9706,-28.9928,-26.2832,-24.5813,-29.0145
10.7185,3.35702,-2.98816,-7.42557,-12.7181,-14.2745,-14.687,-16.6734,-17.2143,-16.8357,-19.5616,-21.5512,-23.435,-23.2394,-22.7893,-24.0458,-24.8893,-28.7832,-27.3988,-27.1125,-27.2472,-26.0428,-29.7047,-29.8562,-27.2608,-27.8136,-28.9235,-26.8617,-24.0149,-19.9398,-19.8916,-26.7611,-29.3406,-30.5334,-30.8524,-31.2016,-30.4327,-27.8537,-25.598,-29.1724
0.69219,-0.912297,-5.36291,-10.4052,-13.7759,-15.1631,-16.3283,-20.368,-20.2782,-20.0375,-22.5111,-23.4271,-24.8201,-26.4252,-27.788,-28.006,-27.96,-32.6815,-31.3647,-31.1329,-31.9484,-30.2048,-33.2789,-34.0232,-33.6534,-33.1986,-33.8018,-33.0755,-30.787,-25.7869,-26.456,-33.4667,-36.7815,-36.9399,-35.6455,-36.9612,-35.8294,-34.4954,-31.6082,-34.9181
5.54792,2.81956,-3.75293,-10.6053,-13.7146,-12.6127,-13.616,-20.1774,-17.2876,-18.9496,-20.1429,-22.818,-21.7049,-26.0107,-26.3439,-26.7284,-25.2997,-28.4148,-28.318,-31.3469,-30.2716,-28.2841,-31.3761,-32.8067,-30.8723,-30.1771,-30.6099,-29.7811,-26.0667,-21.0382,-22.2171,-28.0888,-31.7325,-31.3041,-33.2482,-33.9108,-32.0425,-28.8792,-27.062,-31.0045
10.1881,2.53457,-4.82499,-11.1954,-13.5089,-12.4504,-16.2934,-17.0197,-15.9428,-21.5424,-21.6642,-25.3905,-21.3542,-23.8032,-23.7479,-26.7957,-26.1782,-25.284,-27.7342,-30.7359,-28.887,-27.8999,-29.6336,-30.3724,-28.2953,-28.7885,-28.4178,-27.2099,-24.2475,-18.5183,-19.5759,-25.1692,-28.4278,-28.4328,-30.05,-30.4635,-30.1699,-27.273,-24.5547,-27.664
8.99103,-0.681445,-6.21217,-11.8092,-14.4779,-14.6137,-18.4415,-14.4762,-16.807,-23.151,-28.2813,-28.0795,-24.4885,-26.3606,-24.1309,-29.5745,-31.0235,-27.3952,-28.756,-30.4752,-29.9963,-30.2526,-31.5336,-30.9147,-28.6049,-31.4988,-30.3268,-28.9536,-26.1295,-20.7212,-21.6106,-25.2824,-29.067,-30.6086,-30.3812,-31.3979,-31.7597,-28.9725,-25.721,-29.685
-0.406418,-10.488,-13.5717,-18.2411,-20.7167,-21.2707,-21.4059,-21.6166,-25.1016,-27.9049,-32.2911,-32.6465,-29.3694,-32.7838,-33.8868,-36.6094,-35.527,-35.3506,-35.7155,-34.3084,-36.7421,-38.1898,-38.5243,-37.5326,-35.1294,-37.7127,-36.7762,-33.9494,-32.8732,-28.6159,-27.6884,-31.3901,-35.6658,-37.5154,-36.2685,-37.2822,-36.8203,-34.3026,-31.7338,-36.523
4.68408,-4.4726,-10.7127,-11.0435,-17.1017,-13.8425,-16.7971,-19.8583,-21.8235,-24.898,-23.7978,-28.9442,-24.3583,-26.1134,-33.409,-32.3238,-27.3585,-29.5551,-30.9567,-30.7528,-32.2585,-29.2071,-30.5,-31.6951,-30.6651,-31.3111,-32.2049,-28.2083,-26.0399,-22.619,-20.5704,-27.0128,-31.2779,-31.2487,-32.1601,-31.5909,-32.8428,-31.4981,-27.874,-32.1347
9.37788,2.85214,-2.43157,-4.33937,-14.4052,-12.9986,-15.7312,-18.0432,-18.6417,-19.1395,-19.7733,-24.4811,-22.9123,-22.6133,-31.5268,-31.0379,-26.1897,-26.3637,-27.304,-27.8473,-29.3424,-26.4937,-26.8949,-28.617,-28.061,-28.5231,-29.1469,-25.7663,-23.6778,-18.4935,-18.3528,-24.3716,-28.4745,-28.5336,-29.5582,-29.1902,-30.5301,-27.9127,-25.4697,-28.877
6.63808,3.62634,-3.86612,-6.6742,-12.7139,-15.7595,-16.1557,-19.7339,-19.8334,-17.6504,-20.5435,-22.1383,-24.7961,-25.9374,-30.0923,-29.5301,-30.7577,-28.4923,-28.925,-29.3012,-30.7685,-30.3884,-27.675,-29.9875,-30.1405,-28.4277,-29.1686,-26.7982,-24.3769,-18.6692,-19.9698,-25.3447,-30.2569,-30.8788,-31.3289,-31.4923,-31.5007,-28.8044,-26.9994,-29.5717
-3.23423,-5.57033,-13.9394,-16.6671,-16.9211,-23.8081,-23.0119,-23.7141,-25.8711,-26.7324,-28.4402,-27.7376,-31.5368,-33.7748,-33.872,-33.0933,-34.6884,-34.3839,-34.4821,-35.0126,-34.9724,-37.0802,-34.1657,-37.7825,-36.0721,-34.4478,-35.7265,-33.7149,-31.095,-25.5117,-26.5284,-32.1227,-35.8989,-36.7231,-38.4704,-38.8151,-38.1372,-35.6397,-33.611,-36.2275
-0.735661,-0.272245,-4.88341,-12.4717,-9.10629,-15.0767,-21.3637,-21.6281,-23.8401,-29.2169,-28.3282,-22.478,-25.4027,-24.827,-31.4758,-27.824,-27.6058,-28.7703,-29.8379,-31.2064,-32.9873,-31.4806,-33.6127,-34.8116,-29.9439,-30.9144,-30.0914,-30.6459,-26.1174,-19.9624,-21.3948,-27.8057,-30.9418,-32.2099,-33.2367,-33.3994,-33.0513,-31.3712,-28.3813,-31.2105
1.14773,2.18694,-2.52126,-10.4143,-6.08783,-9.78129,-14.4652,-16.3215,-19.8829,-22.0707,-24.8943,-21.1631,-24.197,-22.3443,-29.7122,-25.9937,-27.3147,-27.459,-29.3463,-26.7271,-28.6655,-27.8987,-29.0745,-29.6665,-27.1044,-27.8034,-27.5267,-27.1008,-23.4825,-18.755,-18.7177,-24.2906,-28.3281,-29.1784,-29.7026,-30.7724,-30.322,-27.933,-25.2954,-28.8257
-5.73717,1.05043,-3.4981,-8.38229,-8.87999,-11.8481,-15.6839,-15.0574,-17.2003,-21.2045,-23.4972,-24.3071,-25.5944,-23.8497,-28.4555,-27.818,-25.5981,-28.469,-30.8977,-27.8724,-29.0804,-29.2537,-28.9683,-28.1382,-27.2988,-28.8702,-28.6706,-27.0061,-26.9544,-23.5301,-21.9548,-25.1888,-30.036,-31.1857,-30.8126,-31.2655,-30.5103,-28.3631,-26.2836,-30.2924
-9.45998,-6.24528,-8.23486,-11.4111,-15.7395,-18.0114,-20.6725,-20.7154,-22.2881,-28.2926,-28.0569,-28.2756,-28.9538,-27.7482,-30.7105,-30.8469,-29.2388,-33.7593,-36.9836,-34.489,-35.3272,-36.3709,-35.2185,-34.035,-32.7506,-35.7418,-35.3536,-32.9897,-33.6911,-30.5386,-29.34,-32.7983,-36.2537,-38.2505,-36.9232,-35.7866,-35.7282,-35.1228,-32.578,-36.3629
-0.548045,-4.67127,-9.20137,-9.31433,-17.5101,-10.6737,-15.0393,-19.0586,-21.5174,-24.2107,-24.3257,-28.58,-27.0313,-26.2445,-28.2153,-24.8913,-27.2409,-31.2009,-33.9439,-31.2846,-32.7655,-30.8551,-31.7253,-30.6578,-28.8241,-32.4407,-32.6654,-32.9256,-27.1849,-22.4704,-21.7183,-27.7907,-31.0998,-31.9181,-32.3786,-31.3611,-30.961,-30.3036,-27.476,-31.2331
3.39691,-1.36717,-7.39541,-5.60836,-15.2436,-9.72363,-13.2291,-15.5,-17.9156,-18.6021,-22.9888,-24.9195,-23.2971,-26.0966,-26.085,-23.7255,-24.7101,-21.491,-16.8256,-21.8581,-24.3223,-24.2247,-24.473,-22.1958,-23.0782,-24.4425,-22.7621,-22.4436,-15.3801,-10.184,-9.62377,-11.5841,-16.3895,-18.622,-22.0756,-25.0041,-25.3099,-25.6397,-23.8901,-26.9038
-2.03077,-5.14343,-7.24527,-7.53476,-11.6453,-12.4268,-12.2237,-16.5794,-18.5858,-16.224,-20.7455,-20.3442,-20.9826,-24.589,-23.1131,-22.9879,-23.334,-18.8587,-13.781,-19.5548,-22.3302,-21.0377,-21.6587,-19.7514,-21.1838,-21.2792,-20.1177,-19.0855,-11.92,-6.25179,-5.44131,-7.2339,-11.8565,-14.1704,-18.4951,-22.571,-23.8096,-23.82,-23.4872,-26.2866
-15.3463,-12.154,-10.818,-14.7682,-14.6336,-16.8146,-16.4351,-21.6527,-26.6078,-23.8266,-24.3453,-24.497,-26.3015,-28.4202,-27.2384,-27.0191,-28.3243,-26.5224,-22.1734,-25.5788,-29.71,-27.3174,-27.7354,-26.3418,-27.5655,-26.3369,-25.0595,-25.866,-19.7604,-13.4734,-12.4684,-14.6101,-18.611,-21.0031,-25.6318,-29.7798,-31.1596,-30.2624,-30.3039,-33.1922
-0.859516,-4.4459,-2.45871,-6.99822,-8.78515,-12.2169,-14.539,-17.2784,-26.2998,-28.8402,-24.007,-26.6611,-25.5157,-20.076,-25.0437,-21.1045,-23.9486,-26.1655,-20.0167,-19.5844,-26.8078,-26.5233,-26.4936,-24.9271,-25.4452,-22.8026,-19.1689,-21.7701,-16.5981,-10.177,-9.72195,-15.1477,-20.2301,-23.5807,-25.692,-28.2473,-30.0516,-28.5198,-26.4096,-30.6476
7.35358,2.02954,-2.33623,-5.02429,-8.76472,-9.65711,-12.3625,-16.0098,-21.2943,-24.947,-22.3911,-22.8398,-21.8092,-18.9381,-22.9975,-20.5707,-22.3159,-20.0156,-18.6972,-18.1685,-25.7597,-23.8661,-23.2922,-22.7571,-21.1235,-21.4243,-18.5672,-18.4501,-13.5023,-6.90271,-7.38258,-12.891,-18.7448,-22.347,-24.9202,-25.6879,-27.0331,-25.8757,-22.4614,-27.5414
7.52089,1.84198,-8.90461,-10.2386,-12.7632,-15.4565,-14.3243,-17.0409,-18.0794,-23.241,-25.8333,-25.6574,-25.1095,-25.7035,-24.3205,-23.7251,-24.5482,-20.5185,-22.1758,-22.8979,-29.8814,-23.731,-23.1451,-24.8293,-21.4719,-24.9156,-22.7703,-21.4008,-18.8081,-11.7124,-12.0742,-17.449,-24.1607,-25.5325,-28.4578,-28.6809,-28.555,-28.5865,-24.1459,-27.7786
-1.05324,-5.33302,-17.6968,-17.8334,-20.2364,-24.6901,-21.8782,-21.8774,-21.3557,-27.2522,-29.2791,-29.3001,-30.4677,-32.4082,-30.0571,-29.9511,-33.1646,-29.7871,-30.5956,-34.0254,-36.5877,-30.2,-29.8184,-31.5417,-28.8419,-31.5241,-30.652,-30.296,-29.6563,-23.5037,-20.7161,-26.7826,-33.6332,-34.4217,-36.3101,-37.0061,-35.6149,-35.7366,-32.0009,-34.1726
3.76621,-0.498559,-11.4849,-14.4312,-12.646,-14.5758,-16.421,-21.5389,-16.3433,-21.317,-23.2695,-24.6183,-24.1588,-23.8633,-28.4359,-28.3528,-31.0981,-29.1378,-29.1943,-29.3011,-30.2236,-29.1498,-30.2881,-29.328,-28.1255,-27.1246,-26.1991,-26.3951,-24.1473,-18.1333,-18.2113,-22.8004,-26.4208,-31.8072,-31.4992,-32.9228,-31.6649,-29.1665,-27.5356,-30.8791
9.37256,2.74278,-5.91918,-12.8102,-7.05797,-8.78202,-12.2782,-16.0102,-16.3708,-19.5334,-23.5931,-24.9632,-25.3556,-22.3543,-25.873,-26.9027,-26.5651,-29.5574,-25.421,-25.2224,-27.2683,-26.1758,-26.8599,-26.9358,-27.2488,-26.2723,-25.3355,-24.6449,-22.1816,-16.4497,-15.8864,-21.6923,-25.332,-28.5081,-28.5758,-29.4655,-28.658,-26.4635,-24.3845,-28.0271
7.2565,1.75367,-8.63786,-15.9094,-7.76526,-11.7045,-15.9476,-16.3051,-19.7073,-25.1452,-24.797,-26.3432,-31.7724,-24.1533,-26.2187,-27.5513,-26.0879,-31.1837,-27.263,-27.4826,-29.3742,-27.4396,-28.061,-29.1293,-30.0874,-30.0445,-30.3546,-27.6946,-24.0332,-18.7729,-17.5797,-25.1534,-29.2488,-31.113,-30.1304,-30.6395,-29.9553,-28.3217,-25.8759,-28.7265
-3.47379,-5.93064,-14.5062,-20.8525,-16.5844,-18.4697,-21.7648,-24.1083,-24.7559,-27.6468,-28.5031,-29.5995,-35.2184,-30.9742,-32.1537,-32.2314,-30.9504,-35.026,-37.0197,-37.0724,-37.0156,-34.6321,-36.2254,-37.4874,-36.2303,-35.3314,-36.6114,-34.6815,-30.3888,-25.6794,-24.7285,-31.416,-35.8741,-38.3723,-36.4313,-37.0949,-36.7969,-35.6807,-33.5567,-35.1339
-0.535101,-6.02904,-10.6712,-11.6527,-15.2974,-12.7376,-15.724,-18.0582,-20.1651,-21.6213,-24.3248,-24.3264,-26.4918,-27.1502,-30.857,-24.9835,-28.3191,-29.702,-28.838,-29.4818,-31.4048,-33.1271,-31.5901,-31.8403,-31.57,-29.3935,-28.3867,-32.1432,-29.2456,-22.2584,-21.6837,-27.5789,-31.7895,-33.3462,-35.0601,-32.505,-32.1915,-31.7071,-29.8444,-31.5938
8.85069,4.19141,-5.02048,-6.99196,-13.4322,-10.9451,-14.1959,-14.6494,-16.6931,-19.1005,-25.2029,-25.5207,-23.7987,-24.2066,-30.2371,-25.7909,-27.6289,-29.7892,-26.4095,-25.2388,-27.663,-29.1425,-28.9518,-28.6999,-28.3412,-28.2382,-26.5673,-28.2383,-25.2275,-20.4534,-20.3755,-26.9736,-29.5669,-30.2328,-30.797,-29.4643,-29.2493,-28.0857,-25.6274,-28.3387
12.7176,8.7333,-3.36623,-7.27113,-12.2855,-10.494,-11.7397,-15.7401,-13.8779,-18.7453,-24.5445,-24.0203,-23.7378,-24.1612,-28.1472,-28.4729,-26.8591,-29.4876,-28.0131,-26.1054,-28.0522,-28.7044,-29.1392,-30.0153,-28.7018,-30.4575,-29.1646,-29.7099,-26.5367,-22.2092,-22.8862,-28.9173,-31.2309,-30.8833,-31.0624,-30.9252,-29.5053,-29.269,-27.0693,-30.2483
7.05886,3.39077,-5.08867,-12.7784,-16.3078,-13.9777,-14.6629,-19.416,-18.0688,-22.6991,-24.616,-25.4362,-27.7649,-27.8144,-29.1525,-28.2105,-28.1556,-30.477,-31.2403,-29.9453,-30.8511,-31.9826,-33.3957,-34.9878,-34.1936,-35.3504,-34.2712,-35.0545,-32.8229,-29.4442,-29.5928,-34.1549,-37.8214,-37.4026,-36.6069,-37.5864,-35.5067,-35.3303,-34.3852,-36.5381
10.4881,6.75116,-5.07861,-13.8042,-16.9297,-12.8518,-14.1941,-19.3654,-22.5684,-21.4501,-20.5455,-24.8444,-27.9231,-28.5992,-25.5263,-23.6022,-25.7065,-27.3952,-27.7571,-27.4048,-27.3316,-30.0659,-31.677,-30.8811,-30.7982,-28.5028,-28.5395,-29.2089,-27.3973,-23.8866,-23.9889,-29.7855,-32.4206,-34.8154,-34.2051,-31.9574,-31.3024,-29.9143,-29.0751,-32.0665
13.5546,7.63961,-5.98291,-6.2859,-11.1525,-8.88508,-13.2271,-19.1886,-20.3045,-21.3474,-21.7005,-25.5996,-24.8199,-25.4842,-24.6577,-26.1511,-27.5649,-29.201,-27.1404,-27.2533,-28.4428,-29.5021,-28.7238,-28.6426,-27.1471,-26.4676,-27.4228,-28.9881,-25.7901,-19.6101,-20.807,-27.8031,-29.9897,-31.0002,-30.9472,-30.2807,-29.146,-27.6403,-26.0106,-28.7587
8.13017,1.63233,-6.10024,-8.7469,-14.1684,-9.97916,-13.968,-20.0334,-22.3411,-20.4792,-22.6461,-25.2626,-25.925,-24.9861,-25.1706,-30.3833,-29.3234,-28.2344,-30.1109,-29.9334,-31.1968,-29.6197,-30.0399,-28.9912,-27.6206,-29.2258,-29.6919,-32.0772,-26.556,-21.3728,-23.0519,-28.7306,-31.1058,-31.939,-32.2859,-32.3318,-31.4769,-29.3781,-27.1602,-29.7787
-2.96292,-5.02152,-7.20498,-10.6446,-14.7074,-17.0186,-18.3402,-21.4917,-24.246,-23.0583,-25.0413,-27.6321,-29.5346,-29.1976,-29.6399,-32.7031,-32.6236,-30.8184,-32.4425,-32.3607,-33.1255,-33.1057,-35.1667,-34.4442,-33.0973,-33.9178,-35.9997,-37.9929,-31.85,-29.2172,-31.2219,-34.6106,-37.2247,-37.675,-38.7035,-37.9857,-37.7361,-35.5357,-33.08,-37.0243
4.37563,2.19939,0.231996,-3.55117,-8.48386,-14.2566,-16.364,-19.3148,-19.7794,-19.2226,-20.8708,-24.23,-25.2945,-28.162,-28.1204,-28.1252,-27.4659,-28.812,-27.7094,-28.7642,-28.2545,-32.0775,-31.8568,-32.665,-29.6093,-28.3353,-32.111,-30.6011,-26.1766,-25.0404,-27.2812,-30.9452,-33.4973,-32.2774,-33.355,-33.307,-32.0813,-30.1038,-26.8077,-31.4347
11.9223,6.94552,-1.29995,-6.46917,-10.1404,-11.1978,-14.879,-18.8797,-18.5655,-17.3522,-20.9153,-24.6831,-23.0526,-23.881,-25.9413,-26.7877,-25.4222,-26.8148,-25.7879,-25.0692,-23.0097,-21.81,-22.5968,-24.0193,-26.615,-27.2513,-27.2864,-26.128,-22.5716,-19.678,-22.0197,-23.8131,-29.331,-30.47,-29.9113,-29.4248,-28.649,-26.8019,-23.6569,-27.7113
11.6385,2.92262,-7.10371,-7.81594,-12.4507,-10.8449,-11.5768,-15.132,-18.6477,-19.4847,-23.8207,-26.2459,-24.6501,-22.4094,-26.9578,-27.565,-25.3236,-24.2898,-21.874,-21.4028,-18.1667,-16.0084,-17.5021,-19.3135,-27.2306,-27.0459,-23.8545,-25.3525,-20.9682,-18.1483,-21.2109,-24.1082,-29.88,-31.2998,-30.0188,-28.8788,-28.7139,-27.4997,-24.9508,-28.3576
3.65597,-2.84478,-10.446,-12.9137,-16.0495,-16.4591,-16.5239,-18.9152,-24.5326,-25.6067,-29.4348,-29.1292,-28.9125,-28.2251,-30.3077,-32.6054,-29.3949,-28.1364,-24.9036,-26.309,-23.1656,-20.6488,-22.5184,-24.9711,-33.2133,-32.4844,-29.176,-31.9095,-27.0761,-25.4264,-27.7618,-33.1687,-37.2438,-37.2749,-35.3092,-34.1921,-34.4591,-33.8058,-32.3469,-35.7603
5.77867,-2.72271,-7.16573,-12.8075,-15.6976,-12.0744,-18.4227,-21.4264,-22.1969,-25.1803,-21.9293,-25.7818,-22.7105,-25.9988,-24.7943,-28.7297,-24.3649,-23.7124,-19.6853,-23.6405,-23.2094,-18.7943,-18.8121,-22.1475,-27.5531,-27.7808,-27.3025,-28.8976,-26.0882,-25.3427,-23.8049,-29.6175,-32.5022,-32.9135,-32.6086,-32.5749,-32.2859,-30.3254,-28.3987,-31.0488
9.71207,0.784761,-5.2161,-8.44734,-11.3698,-10.9551,-16.0803,-20.8887,-17.1956,-21.3151,-18.4949,-25.094,-24.0274,-22.3442,-24.1264,-27.3154,-24.8844,-23.4894,-19.856,-23.0613,-23.5153,-20.3934,-19.6745,-21.4007,-25.6416,-25.203,-23.5793,-25.2678,-18.9859,-15.2008,-16.3595,-20.0744,-23.8722,-27.9152,-30.1125,-29.4409,-29.2073,-27.5785,-25.3031,-27.7154
7.10271,1.48044,-4.01377,-9.1257,-11.1661,-10.8511,-12.0623,-15.8554,-17.4621,-19.0518,-18.8644,-22.2382,-25.7966,-22.8692,-24.3473,-26.9705,-26.8822,-24.6338,-22.7732,-26.3229,-26.4682,-25.3825,-25.2911,-25.0457,-28.1886,-24.3571,-22.4989,-24.5256,-13.2488,-8.60158,-10.8403,-13.9975,-17.9577,-24.7302,-30.2722,-29.8843,-29.1571,-28.3347,-25.1904,-28.1783
0.250077,-2.47848,-8.09263,-14.0627,-15.9078,-15.2505,-14.7496,-16.4285,-21.2531,-22.2705,-21.6783,-23.9482,-27.277,-26.732,-27.5213,-30.1672,-32.4704,-30.2661,-27.1558,-31.705,-30.5919,-29.0924,-30.3437,-31.5973,-34.4756,-30.4058,-28.8653,-30.4247,-17.9763,-12.9978,-15.2033,-18.6644,-22.1783,-29.1289,-35.6315,-35.5201,-34.3065,-33.0853,-30.9315,-34.4177
8.60027,4.17113,-4.56624,-9.50551,-13.582,-17.5571,-13.5164,-12.5873,-16.9838,-22.0007,-25.5721,-23.9182,-24.8481,-23.148,-26.0665,-24.5368,-26.445,-27.7,-28.0542,-30.3269,-26.6953,-24.3755,-26.6923,-28.9298,-28.0023,-27.094,-27.3339,-27.6057,-24.7763,-16.0434,-16.1773,-20.7038,-26.1281,-29.7458,-30.5891,-30.4957,-31.8994,-28.7142,-26.9655,-30.1913
13.7097,7.86318,-0.351323,-5.4063,-17.0447,-16.739,-15.1163,-13.8119,-15.0988,-17.9683,-26.4695,-26.5268,-25.8428,-22.0565,-24.0175,-22.745,-25.1396,-27.3597,-26.6105,-27.6179,-25.5544,-22.9567,-25.209,-28.2143,-27.0052,-26.9923,-26.4533,-25.8821,-23.1799,-15.7998,-14.8758,-19.5798,-24.2484,-26.7735,-28.0573,-28.5557,-28.324,-26.8672,-24.1933,-28.4819
13.0407,6.95437,-3.10741,-7.89953,-18.2403,-12.9088,-16.8436,-20.0993,-15.5238,-19.3317,-28.8244,-31.8754,-29.3683,-25.4672,-26.0473,-21.6448,-28.3188,-29.2916,-31.8135,-29.9781,-26.6779,-26.4079,-29.9045,-31.9285,-30.1347,-29.0245,-26.7765,-26.7931,-25.8326,-19.2583,-17.1528,-22.5085,-24.5388,-26.2553,-29.5798,-30.3015,-29.7218,-27.863,-25.1375,-29.4525
4.06488,-2.1876,-9.76375,-15.1547,-19.9098,-16.6862,-20.0225,-25.1273,-22.7052,-26.635,-35.0858,-40.4296,-37.0548,-30.9353,-32.6198,-27.1289,-33.1833,-35.2829,-37.7479,-35.3466,-35.083,-34.0685,-39.5075,-39.6616,-36.1394,-34.7439,-34.399,-32.9997,-31.8266,-25.7155,-23.9779,-28.2574,-29.7424,-31.1616,-35.017,-35.9105,-36.5521,-34.0865,-30.53,-34.4947
8.37442,4.37323,-5.46059,-10.3428,-12.5499,-11.7735,-16.4618,-21.4714,-20.8747,-23.9143,-25.7181,-28.6386,-32.694,-25.7607,-26.6055,-28.8255,-28.5159,-27.8424,-29.6719,-28.1738,-29.8517,-28.4377,-31.5224,-31.8775,-29.8927,-30.0305,-30.9645,-28.5667,-26.4822,-19.4145,-18.5288,-23.5096,-27.2991,-29.4255,-30.3661,-30.9067,-30.3234,-29.2895,-27.2891,-32.4981
10.1335,4.06235,-7.15603,-7.65031,-10.8758,-11.7158,-14.3683,-20.4884,-17.6048,-18.2426,-21.7599,-23.6536,-26.0528,-23.6779,-24.1184,-25.6793,-28.5134,-25.588,-27.0295,-26.7257,-26.9308,-25.7157,-28.3373,-29.3835,-27.8282,-26.6055,-26.6991,-25.046,-24.9623,-16.7208,-16.1476,-22.0861,-25.9434,-26.7596,-27.7085,-27.2248,-27.6587,-26.0841,-24.6721,-29.2301
8.00284,4.44301,-6.45164,-9.39654,-11.2685,-14.1745,-16.5544,-20.0665,-20.4604,-20.0529,-20.5591,-22.3596,-23.4787,-22.6912,-23.9501,-24.5743,-26.8232,-27.0061,-26.5869,-27.5782,-28.2269,-27.528,-28.5114,-28.5981,-28.5135,-28.3016,-28.915,-26.9541,-26.2731,-18.9258,-17.8526,-23.696,-26.0289,-27.409,-28.4699,-27.7074,-29.0562,-27.886,-25.7156,-29.2593
2.11332,0.42756,-6.3019,-12.735,-13.7394,-17.5959,-19.9435,-21.8591,-21.2711,-22.9985,-23.3376,-23.696,-24.3897,-24.7948,-26.6706,-28.3821,-29.2232,-32.3284,-30.0107,-30.711,-33.8168,-35.1169,-34.1561,-31.8427,-33.2719,-33.9043,-35.4654,-33.8237,-32.0397,-25.6321,-23.9472,-30.25,-31.0951,-33.2299,-34.2887,-33.7299,-35.6533,-34.6744,-31.687,-35.5652
8.88212,5.82837,-3.2938,-9.55692,-12.2406,-14.7664,-16.4963,-17.6479,-15.2104,-18.1238,-26.9245,-21.5564,-21.2,-22.6827,-24.9248,-29.5878,-26.1567,-28.4961,-28.7451,-28.682,-31.2925,-34.1774,-32.9918,-29.6892,-30.3823,-30.0579,-29.6306,-29.143,-27.2017,-20.7858,-20.0636,-27.1272,-29.108,-31.8087,-30.1792,-30.7803,-32.4727,-30.2634,-26.4375,-30.9406
12.4185,4.67819,-2.78319,-7.58281,-14.8586,-10.6549,-12.303,-16.255,-15.7717,-18.7356,-25.1158,-23.0842,-24.3483,-22.6715,-25.3292,-23.9076,-22.207,-21.7399,-22.0463,-28.217,-27.8415,-30.2521,-29.7118,-29.0368,-28.0889,-27.9741,-27.394,-25.5036,-23.0293,-17.5753,-16.245,-23.7659,-25.3486,-27.4999,-27.3132,-28.4194,-29.0538,-27.4832,-24.6394,-28.2995
11.2202,3.04589,-2.11745,-5.97548,-16.323,-10.0959,-12.7691,-16.747,-19.7724,-20.265,-22.8128,-26.3004,-26.2737,-21.2906,-24.237,-21.8355,-23.0039,-22.1674,-21.6851,-27.4393,-28.4915,-29.6388,-31.4246,-30.9611,-28.3568,-28.5912,-28.1754,-26.1121,-25.0962,-19.3577,-17.5464,-24.4556,-27.1081,-28.7127,-30.5308,-29.9702,-28.9484,-28.7367,-25.8651,-29.1299
3.82887,-2.09419,-10.396,-11.7475,-18.0894,-18.1281,-19.2987,-20.7948,-24.8715,-27.0418,-28.1277,-32.338,-31.1649,-26.8058,-29.771,-27.3258,-29.7641,-32.2437,-30.9924,-32.2677,-34.8842,-34.3662,-38.0646,-38.5376,-34.4541,-34.4296,-34.3746,-32.7472,-31.3445,-26.5199,-25.6865,-32.7627,-35.3698,-36.3374,-38.1772,-36.8548,-35.331,-34.8624,-32.4432,-35.6444
8.29997,0.637706,-8.91766,-8.52661,-13.2804,-15.8273,-17.3791,-17.7509,-18.6559,-23.3728,-25.6499,-23.5176,-24.0381,-24.0232,-27.2881,-21.4586,-24.0559,-26.8984,-27.5957,-28.1881,-27.9794,-28.7662,-31.4457,-31.2846,-30.3515,-32.5991,-28.976,-28.076,-26.5936,-22.9611,-21.9478,-25.7558,-27.7429,-30.8746,-31.869,-31.5207,-29.5274,-29.9211,-28.1195,-32.5265
10.8716,2.20826,-7.76753,-6.97509,-13.8462,-15.3083,-14.3331,-16.1288,-15.6377,-16.4434,-19.0262,-20.4417,-21.1572,-20.6492,-23.9718,-20.9979,-22.392,-23.4584,-24.321,-27.0197,-25.1176,-26.5616,-27.6856,-28.8453,-27.813,-29.0549,-27.5405,-24.9291,-23.0868,-19.6302,-18.288,-21.3842,-24.6479,-27.7977,-28.9526,-28.9217,-27.4089,-27.1936,-24.3807,-28.086
8.56907,2.61696,-7.28682,-9.45146,-19.8665,-13.7046,-12.9041,-15.2562,-15.8267,-18.1635,-21.8659,-22.4674,-24.0428,-21.763,-23.635,-24.504,-24.9336,-25.6177,-24.5423,-27.6006,-29.0491,-29.8339,-31.4369,-30.7987,-29.1631,-27.7045,-28.8926,-27.1817,-24.3707,-20.5778,-19.4887,-22.8474,-26.3911,-28.2124,-30.7228,-30.6385,-30.4194,-30.3283,-25.6568,-28.641
-0.0865744,-3.96615,-9.45541,-15.9471,-23.8536,-18.4445,-18.6776,-19.7597,-20.7973,-24.181,-28.3543,-29.5896,-29.7652,-27.4047,-28.1916,-30.3325,-29.5424,-30.6791,-31.1354,-32.0653,-33.4897,-35.4373,-38.3479,-36.2461,-34.4111,-32.3589,-33.2887,-32.5203,-30.5686,-26.5491,-26.7558,-30.8784,-32.0471,-33.4641,-36.9523,-36.0473,-36.362,-36.6443,-32.6461,-34.836
-1.14479,-4.81862,-3.47345,-8.791,-14.3613,-20.0673,-19.0702,-19.1197,-17.0442,-19.7397,-24.3982,-25.0935,-26.4085,-24.1075,-24.6994,-25.4225,-27.5762,-25.412,-27.8788,-29.4892,-26.7183,-28.314,-30.7453,-30.6892,-29.0206,-28.6578,-28.8344,-28.2942,-25.1549,-20.7942,-21.0869,-27.5174,-28.2711,-30.5093,-31.5811,-31.6139,-31.2672,-29.7738,-28.9827,-30.3902
2.80226,-0.892466,-4.06598,-7.02418,-12.1364,-17.5257,-14.9136,-15.5983,-17.6756,-20.7433,-25.4677,-25.6876,-23.8765,-21.9399,-24.3668,-25.3637,-27.2756,-25.0538,-24.4391,-27.9027,-26.0951,-26.6341,-29.4034,-29.1948,-26.9743,-27.0744,-26.5111,-26.0324,-23.5958,-18.2804,-16.5048,-24.0103,-25.4997,-27.0841,-28.2196,-28.762,-28.3156,-27.3834,-25.289,-28.0609
-1.08011,-4.56662,-8.87056,-8.82953,-17.2154,-14.5899,-14.2317,-16.8119,-18.0328,-22.3706,-27.1047,-23.9881,-24.9698,-24.1925,-25.7006,-27.7093,-29.216,-30.5991,-27.0892,-30.6498,-27.7485,-28.5042,-32.7859,-31.4447,-29.2892,-30.1743,-28.7968,-27.4215,-25.524,-19.6855,-17.9928,-24.5245,-26.4431,-27.2678,-28.7062,-29.772,-29.2827,-28.1867,-25.45,-28.4778
